siren,nom,adresse,site_web
902063700,007 agent i - Agence immobilière à Montmélian,"12 avenue de Savoie, 73800, Montmélian",http://www.007agent-i.fr/
350902102,1 Pierre 2 Coups,"32 rue Guersant, 75017, Paris",https://www.1pierre2coups.com/
824368518,100 % EXCLUSIF-IMMO,"2579 Route de jurieux, 42800, Sainte-Croix-en-Jarez",http://www.100e-i.com/
419915830,100 pour 100 IMMOBILIER,"37 place du marché, 86300, Chauvigny",http://www.centpourcentimmobilier.com/
498448968,1000 HABITAT,"200 RUES DES BLACHES, 73250, SAINT PIERRE D'ALBIGNY",https://www.1000habitat.fr/
953207198,1000% IMMOBILIER,"29 BD JEAN DAUGA, 34350, Valras-Plage",http://www.1000immobilier.fr/
524359775,1000habitats,"Boulevard Clemenceau, 59510, Hem",http://www.1000habitats.com/
500316377,1001 ADRESSES,"6 rue de la course, 33000, Bordeaux",https://www.square-hashford-1001.fr/
533854436,109 IMMOBILIER,"9 Rue de la Mairie, 69480, POMMIERS",http://www.109immobilier.com/
829085372,11-34 IMMOBILIER,"3 AVENUE MICHEL BERNARD, 11120, Argeliers",https://www.11-34immobilier.com/
480560259,115 IMMOBILIER,"115 rue de Pessac, 33000, Bordeaux",https://www.115immobilier.com/
782855696,13 HABITAT,"80 RUE ALBE, 13004, MARSEILLE 4",http://www.13habitat.fr/
892099805,1465 Immo,,https://www.1465immo.fr/
828047761,17 IMMO,"59 Boulevard de la Libération, 17340, Châtelaillon-Plage",http://www.17immo.fr/
939126389,1818-Immobilier,"10 Rue Dranem, 75011, Paris",https://www.1818-immobilier.com/fr/
793915539,1894 L'IMMOBILIER,"6 RUE LOUIS REGE, 13008, Marseille",https://www.1894-immo.com/fr
817603137,19CENT86 Immobilier & Placements,"28 Rue Paul Cazeneuve, 69008, Lyon",https://19cent86.com/fr/
444106132,1DEPENDANCE IMMOBILIER,"113 AVENUE PIERRE DUMOND, 69290, Craponne",http://www.1dependanceimmobilier.fr/
530514454,1PACT IMMO,"84 AVENUE CAMILLE PUJOL, 31500, TOULOUSE",http://www.1pactimmo.fr/
828555458,1Pro'Immo,"2 route de Grenoble, 38120, Saint-Egrève",http://www.1proimmo.com/
779859297,2 fleuves Rhône Habitat,"6 rue Simone Veil, 69530, Brignais",https://www.rhonehabitat.fr/
909395469,2 I TRANSACTIONS,"19 RUE JEAN JAURES, 42320, La Grand-Croix",https://www.2i-transactions.fr/
487624777,2 J IMMO INVEST,"-------------, 31530, LEVIGNAC",https://www.proprietes-privees.com/
378331912,2 MM,"4 AVENUE DU GENERAL DE GAULLE, 68170, Rixheim",http://www.2mm.fr/
452925407,2 RC CONSULT,"39 AVENUE DES 53, 13250, Saint-Chamas",http://www.2rcconsult.com/
935004366,20/21 Immobilier,"ROUTE DE L'HOMMETIERE, 44116, VIEILLEVIGNE",https://www.20-21immobilier.com/
827708850,203 IMMOBILIER,"550 Bis Avenue de Limoges, 79000, Niort",http://www.niort203immobilier.fr/
925244188,2A IMMO - Agence de PONTGIBAUD,"13 Place de la République, 63230, Pontgibaud",http://2aimmoauvergne.com/
978260339,2A IMMO PATRIMOINE,"11 rue de Wattignies, 75012, Paris",https://www.2aimmo-patrimoine.com/
490845682,2A Immobilier,"Cr Prince Impérial, 20090, Ajaccio",https://www.agenceimmobiliereajaccio.fr/
841125784,2AMIS,"6 RUE DES COTEAUX, 54630, Flavigny-Sur-Moselle",http://www.2amisimmo.fr/
927766139,2B,"18 rue Daniel Oehlert, 53000, Laval",http://www.2bimmobilier.com/
812279214,2B CONSTRUCTION,"AV DE TOULOUSE, 46100, FIGEAC",http://www.2b-construction.com/
945346245,2B solution immobilière,,http://www.facebook.com/people/Stephanie-Julien/100091944715124/?mibextid=wwXIfr&rdid=ssz6EAQdeSWejNws&share_url=https%3A%2F%2Fwww.facebook.com%2Fshare%2F1C7eHBjk4r%2F%3Fmibextid%3DwwXIfr
853669331,2C immobilier,"7 Rue Jean Charcot, 44115 Basse-Goulaine, France",https://www.immo2c.fr/
534366075,2D DEVELOPPEMENT,,https://www.2ddeveloppement.com/
818189367,2G Immo,"2 Rue des Gonthières, 17180, Perigny",http://2g.immo/
930679352,2KEYS IMMOBILIER,"51 RUE TOUSSAINT, 49100, ANGERS",https://2keys.fr/
517911087,2M IMMOBILIER,"4 RUE SAINT ETIENNE, 77000, Melun",https://www.2m-immo.com/
823147285,2R IMMOBILIER,"92 RUE SAINT DENIS, 77400, Lagny-sur-Marne",http://www.2r-immobilier.fr/
538552514,2S & CO Immo et Conseil,"213 avenue Du Centenaire, 73700, Bourg-Saint-Maurice",http://www.2sandco.com/
909629024,2S immobilier.fr,"33 Rue Louis Pasteur, 92100, Boulogne-Billancourt",http://www.2simmobilier.fr/
900561416,"2V INGENIERIE, franchise MIKIT","143 BOULEVARD DE LA REPUBLIQUE, 47000, AGEN",https://www.mikit.fr/agence/mikit-agen/
821866555,2Y FONCIER CONSEIL,"13 Avenue Morane Saulnier Vélizy Espace, Bât 11 Immeuble Nungesser, 78140, Vélizy-Villacoublay",http://2yfoncierconseil.com/
402048318,3 A Immobilier,"385 CHEMIN DES VERGERS, 38190, BERNIN",http://www.3a-immobilier.com/
343950978,3 A IMMOBILIER BETHUNE,"111 rue Saint Pry, 62400, BETHUNE",http://www.3aimmobilier.fr/
853005668,3 J IMMO,"CHEMIN DES AGRIES, 31860, Labarthe-sur-Lèze",https://3jimmo.com/
897726048,3 plus immo,"128 Rue du Maréchal de Lattre de Tassigny, 80000, Amiens",https://www.3plus-immo.com/
477729636,3% LA CHABOTTIERE,"---------------------, 17350, Crazannes",https://www.troispourcent.com/mandataire/richard-asselin/1
389392358,3% LORRAINE IMMO,"8, RUE DE LA GARE, 54360, DAMELEVIERES",https://www.troispourcent.com/
881229173,3%.COM Agence Immobilière Centre-Alsace AICE-Immo,"-----------------------------, 68660, LIEPVRE",https://www.troispourcent.com/308-mandataire/1
838269173,3.14 Immobilier,"121 Av. Aristide Briand, 27930, Gravigny",https://314immobilier.fr/
887723039,3.5.7 IMMO,"12 Place Saint-Gilles, 91150, Etampes",http://www.357immo.com/
800747545,33-40 Immo,"25 rue du château, 33770, Salles",http://www.3340immo.com/
378588107,33IMMO,"44 AV HUBERT DUBEDOUT, 33150, CENON",http://www.33immo.fr/
948974746,35.7 IMMOBILIER,"19 RUE SALVADOR ALLENDE, 34200, Sète",https://www.35-7immobilier.com/
847928488,36 Heures Immo,"----, 19230, Arnac-Pompadour",https://www.immonot.com/
977711597,360 TRANSACTIONS,"49 cours Georges Clémenceau, 33300, Bordeaux",https://www.360transactions.fr/
899243539,360° une vue d' ensemble de l'immobilier,"15 Esp. Sainte-Germaine,, 31820, Pibrac",https://360pibrac-immo.com/fr/
904694908,3C Immobilier,"67 RUE DE VERDUN, 11000, Carcassonne",https://3c.immo/
438561557,3D IMMO,"6 Pl. du Général Leclerc, 59440 Avesnes-sur-Helpe, 59440, Avesnes-Sur-Helpe",http://www.3dimmo.fr/
529074783,3D IMMOBILIER,"99, Impasse du Vieux Moulin, 39140, Villevieux",http://www.3dimmobilier.fr/
919315523,3E IMMO,"32 Vieux Chemin de Grenade, 31700, Blagnac",http://www.3eimmo.fr/
967200049,3F Centre Val de Loire,"7 rue Latham CS93310, 41033, BLOIS",https://www.groupe3f.fr/3f/nos-societes/3f-centre-val-de-loire
498273556,3F GRAND EST,"8 RUE ADOLPHE SEYBOTH, 67000, Strasbourg",http://www.groupe3f.fr/3f/nos-societes/3f-grand-est
505020669,3R-33,"46 Impasse Adrien Duphil, 33140, Villenave-d'Ornon",http://www.pavillons-atlantique-gradignan.fr/
790079255,4 Chemins de l'Immobilier - Agence immobilière,"Place Auguste Baret, 13790, Châteauneuf-le-Rouge",http://www.4cheminsimmobilier.com/
983222753,4 H IMMOBILIER,"670 RUE DE LA MARBRERIE, 34740, Vendargues",https://4h-immobilier.fr/
891933715,42BIS IMMO,"17bis, rue Marengo, 42300, Roanne",http://www.42bis-immo.com/
825246770,42EME AVENUE Andrézieux-Bouthéon,"10 rue Aristide Briand, 42160, Andrézieux-Bouthéon",https://www.42emeavenue.com/
502111750,43 N 2 E Real Estate,"32 AVENUE DE LA GARE, 06220, Golfe-Juan",http://www.43n2e-realestate.com/
391600103,4807 IMMOBILIER ANNECY - Centre Bonlieu,"1 rue Jean Jaurès - Centre Bonlieu, 74000, Annecy",http://www.4807immobilier.com/
898361787,4C immobilier Agence immobilière Le Mans Gare Sud,"7 Avenue Henri Lefeuvre, 72100, Le Mans",https://www.4c-immobilier.fr/
850112715,4D IMMO,"3 Rue des brasseries, 07120, Ruoms",https://www.4d-immobilier.com/fr
914949532,4M l'Agence,"11 RUE DEMESMAY, 59242, TEMPLEUVE EN PEVELE",http://www.4mlagence.fr/
912703287,4Y Immobilier,"4 Rue de l'Industrie, 38760, Varces-Allières-et-Risset",http://www.4yimmobilier.com/
952212629,50/50 Immobilier,"2 rue du general de gaulle, 29260, Lesneven",http://www.50-50immobilier.fr/
444231088,55 IMMO,"118 RUE DE FAMAGOUSTE, 34000, Montpellier",http://www.55immo.com/
830227492,5EME AVENUE,"36 AVENUE DU BAC, 94210, Saint-Maur-des-Fossés",https://www.5eme-avenue.com/
538892811,5eme Avenue Immobilier,"120 RUE DU CONNETABLE, 60500, Chantilly",http://www.5emeavenue-immobilier.com/
833702269,610 IMMO,"2 ROUTE DE CREULLY, 14610, Cairon",https://www.610immo.fr/
519382162,66 IMMOBILIER,"18 Boulevard KENNEDY, 66000, PERPIGNAN",http://www.66immobilier.com/
803858877,6eme SENS IMMOBILIER,"2 ROUTE DE BRUISSIN, 69340, Francheville",http://www.evci.immo/
949614648,7 L'immobilier,"3 RUE DE LA GARE, 25300, PONTARLIER",https://www.7limmobilier.fr/
813673472,7D IMMOBILIER,"81 ROUTE DE BLAGNAC, 31200, TOULOUSE",https://www.youtube.com/channel/UClAKFPDeNhVuhNU_yaAjtPw
808083349,7EME RUE IMMOBILIER,"85 RUE DU PRESIDENT EDOUARD HERRIOT7EME RUE, 69002, Lyon",http://www.7emerue.fr/
829708932,8 IMMO,"8 RUE DE LA REPUBLIQUE, 42350, La Talaudière",http://www.8immo.fr/
821788270,83IMMOBILIER,"Le 531 Avenue des Platanes, 83660, Carnoules",http://www.83immobilier.fr/
889608774,88 BIS IMMOBILIER,"3 avenue de Royat, 63400, Chamalières",https://www.88bisimmobilier.com/
508660693,95BIS immobilier,"1 PLACE PUVIS DE CHAVANNES, 69006, Lyon",http://www.95bis.com/
839355922,A 4 IMM'O,"2 PLACE DE L ETOILE, 67210, Obernai",http://www.a-4-immo.com/
451566863,A 91 IMMOBILIER,"32 rue de tournenfils, 91540, MENNECY",https://www.a-91-immobilier.fr/
330549858,A C D IMMOBILIER,"15 AVENUE DE LA LIBERATION, 13130, Berre L'Etang",http://www.acd-immobilier-velaux.com/
502703473,A COTE IMMOBILIER,"5 RUE CITE FOULC, 30000, Nîmes",http://www.acoteimmo.com/
833462674,A DEUX PAS agence immobilière,"Saint-Maurice-en-Gourgois, 42240, Saint-Maurice-en-Gourgois",https://www.adeuxpas.fr/
812572949,A DEUX PAS IMMO,"2 place de la Mairie, 91830, Le Coudray-Montceaux",https://www.a2pasimmo.fr/
477486666,A E C IMMOBILIER,"71 rue du Bac Asnieres sur seine, 92600, Asnières-sur-Seine",http://www.aeci.fr/
523349009,A Et B Conseil Immobilier,"15 PLACE AUDIFFRED, 10000, Troyes",https://www.aandbimmobilier.com/
851954263,A IMMO,"33 Bis Avenue du Grau, 66700, Argelès-sur-Mer",https://www.agencesprivees.com/agences/?z=690&y=a+immo
753360213,A Immobilier,"31 allée d'Etigny, 31110, BAGNERES DE LUCHON",http://www.a-immobilier.com/
901564203,A LA BONNE PORTE,"99 AVENUE PICASSO, 13480, Cabriès",http://www.alabonneporte.fr/
991550039,A LA CLE,"2400 Chemin des Mouilles, 74700, Cordon",http://www.a-la-cle.com/
513438341,A LA PETITE COMMISSION CHARTRES,"23 PLACE DES HALLES, 28000, Chartres",http://www.alapetitecommission.fr/
429960321,A LOUER - GROUPE PIERREVAL,"CENTRE D'AFFAIRE ELEUSIS BAT 3B, 22190, Plérin",http://immo.pierreval.com/
919864322,A TRI HOME,"43 rue de Caen, 14740, Bretteville-l'Orgueilleuse",https://www.facebook.com/profile.php?id=100087647943779
882332356,A&C immobilier,"60 RUE JEAN-JAURES, 56530, Quéven",http://www.aetcimmo.fr/
905145934,A&G GESTION ET PATRIMOINE,"9 Rue Gabriel Fauveau, 95410, Groslay",https://www.aggestionetpatrimoine.com/
942749748,A&M IMMO STORE,"19 Avenue Maurice Petsche, 05100, Briançon",http://www.am-immobilierbriancon.fr/
794294959,A&M IMMOBILIER,"92, impasse du Fourneillier, 13220, Chateauneuf Les Martigues",https://www.immobilier-am.fr/
900862475,A&M IMMOBILIER,"91 Boulevard Besson Bey, 16000, Angoulême",http://www.aetmimmobilier.fr/
394589980,A&S IMMOBILIER,"61 Allée des Prés Verts, 84120, PERTUIS",https://www.asimmobilier-pertuis.com/
390274728,A-CHANTEAU,"10 Chemin du Bois, 49610, Saint-Melaine-sur-Aubance",https://www.a-chanteau.fr/
853037844,A-S consultants,,https://www.a-sconsultants.fr/
831499082,A. GESTION IMMO,"1a rue Saint-Sébastien, 68230, Walbach",https://www.agestionimmo.fr/
801367335,A.C.B.I - AGENCE CHRISTINE BOYER IMMOBILIER,"37 FAUBOURG CHARTRAIN, 41100, Vendôme",http://www.agencecbi.com/
539725911,"A.C.DIM -Action, Conseil, Developpement Immobilier","7 PLACE DE L ERMITAGE, 77000, MELUN",http://acdim-immo.com/
878420959,A.E.F SUD,"12, Avenue des Arlucs, 06150, Cannes",https://aefimmobilier.com/fr/nos-biens
788646123,A.F IMMOBILIER,"251 ROUTE DE BAYONNE, 31300, TOULOUSE",http://www.af-immobilier.com/
807709597,A.G.I Gestion,"24 Rue Waldeck Rousseau, 69006, Lyon",https://www.agigestion-transaction.com/
420057739,A.G.L.I.F,"10 rue d'albufera, 27200, Vernon",https://www.fnaim.fr/agence-immobiliere/22161/43-vernon-a.g.l.i.f.htm
815204896,A.GESTION,"7 avenue de la Libération, 87000, Limoges",https://www.limoges-appart.fr/
439221292,A.I.B.,"1042 avenue ile de france, 97440, SAINT ANDRE",http://www.aib.re/
438075608,A.I.V.B - Agence Immobilière du Val de Bussy,"12 BIS AVENUE DU GÉNÉRAL DE GAULLE, 77600, Bussy-Saint-Georges",http://aivb.net/
888050747,A.J Pro immo,"21 Rue Isambard, 27530, Ézy-sur-Eure",https://www.ajpro-immo.com/
922459714,A.M Immobilier - Alexandra Meynier,"60 boulevard du Champ de Mars, 38160, Saint-Marcellin",https://ameynier-immobilier.fr/
452671407,A.P.I Agence Pézenas Immobilier,"3 Avenue Aristide Briand, 34120, PEZENAS",http://www.api-pezenas.com/
750422198,A.P.S. IMMO,"96 AVENUE DU GENERAL DE GAULLE, 97300, Cayenne",http://www.aps-immo.fr/
300685088,A.PEREZ Office de gestion immobilière,"19 Bld Général Leclerc, 64700, Hendaye",https://www.ogi64.com/
383914462,A.S.I L'AGENCE SERVICES IMMOBILIER,"17 RUE DE BEC'HAM, 61300, L' Aigle",http://www.asi-immo.com/
992212100,A.S.Immo,"85 AVENUE D'EMBRUN, 05000, GAP",https://www.asimmo-gap.fr/
477510499,A.V.C IMMOBILIER,"313 RUE SAINT LOUIS, 97460, Saint-Paul",http://www.avc.re/
408751709,A.V.L.IMMOBILIER,"118 rue de Meaux, 75019, Paris",https://www.avl-immobilier.com/
823889738,A2 PATRIMOINE,"10 RUE PLAN D'ENCARNEAU, 34110, Frontignan",http://www.a2patrimoine.fr/
794759902,A2B IMMO,"CENTRE COMMERCIAL TINTORAJO, 20600, Furiani",https://www.a2bimmo.com/
480598416,A2B IMMOBILIER,"5 PLACE CADELADE, 43000, LE PUY EN VELAY",http://www.a2bimmobilier.net/
802995233,A2D IMMOBILIER,"15 Avenue des Verdeaux, 84370, Bédarrides",https://www.a2d-immobilier.fr/
948202940,A2M immobilier,"39 avenue Joseph Claussat, 63400, Chamalières",http://www.a2mimmobilier.com/
488320946,A2P IMMO,"9 Place de la Mairie, 27400, La Haye-Malherbe",https://www.a2pimmo.fr/
979236908,A2Z AGENCY,"4 ALLEE DE TOURNY, 33490, SAINT-MACAIRE",https://www.a2z-agency.com/
829991835,A3A Immobilier,"RUE MABLY, 38270, Beaurepaire",http://www.a3aimmobilier.fr/fr/
902603778,A3G IMMOBILIER,"4 Allée Du Bois, 60128, Mortefontaine",http://www.a3gimmobilier.fr/
481167260,A3M Immobilier,"31 rue de Battenheim, 68490, Bantzenheim",https://www.a3m-immobilier.com/
984146548,AA TRANSACTIONS,,https://www.aa-transactions.com/
508269818,AAREVA IMMOBILIER,"88 RUE VICTOR HUGO, 31800, ST GAUDENS",https://www.aareva-immobilier.com/
453017055,AB CONCEPT,"1, rue de la sablière - ZI d' Auneuil, 60390, Auneuil",http://www.abconcept-immobilier-vente.fr/
838627735,AB IMMO,"lanester, 56600, Lanester",http://www.ab-immo.fr/
913109450,AB Immo,"15, rue Charles Schmitt, 25800, Valdahon",http://www.abimmo25.fr/
514136225,AB IMMO SUD-OUEST,"-------------, 40140, MAGESCQ",http://www.abimmo-sudouest.com/
750274573,AB IMMOBILIER MEAUX,"22 RUE DE LA CRÈCHE, 77100, Meaux",http://www.ab-immobilier.fr/
914881594,"AB, Immobilier","157 rue Léon Gambetta, 59000, Lille",http://www.ab-lille.fr/
539514877,AB2J Immobilier,"4 rue du Collège d'Annecy, 84000, Avignon",http://ab2j-immobilier.fr/
533815460,ABABSA Noredine,"Barnave., 26000, Valence",https://ikami.fr/
443658463,ABAFIM,"16 AVENUE DE LA MARNE, 65000, TARBES",http://www.abafim.fr/
397507310,ABAQUE GESTION,"71 AVENUE DU TRUC - CS 60064, 33701, MERIGNAC CEDEX",http://abaquegestion.fr/
429097546,ABAXIMMO : L'IMMOBILIER PROCHE DE VOUS,"20 PLACE DU DOCTEUR PAUL GERMAN, 14700, Falaise",http://www.abaximmo.com/
504425984,ABBA GESTION,"336 CHEMIN DE PROVENCE, 06250, MOUGINS",http://abbagestion.immoscope.fr/ABBAGESTION21_WEB/FR/Accueil.awp
983299033,ABBATIALE IMMOBILIER,"422 chemin des Picardes, 38890, Saint-Chef",https://abbatiale-immobilier.fr/
753494053,ABBESSES IMMOBILIER,"80 Rue Charles De Gaulle, 88200, Remiremont",https://www.abbesses-immobilier.fr/
384213823,ABBEVILLE IMMO,"18, Chaussée du bois, 80100, Abbeville",http://abbeville-immo.net/
488604984,ABC DEDIEU IMMO,"22 rue Louis Le Vau, 66000, Perpignan",https://www.facebook.com/abcdedieuimmo?locale=fr_FR
379703341,ABC IMMO,"66 RUE BOULEGON, 13100, Aix-En-Provence",https://www.abcimmo.info/
442885802,ABC IMMO,"36 B Grande Rue, 39700, Plumont",http://www.a-b-c-immobilier.com/
803693795,ABC IMMO,"1 BD JEAN JAURES, 83470, SAINT-MAXIMIN-LA-SAINTE-BAUME",http://www.abcimmo83.fr/
449665009,ABC IMMOBILIER,"34 AVENUE DE L'ARC DE TRIOMPHE, 84100, ORANGE",https://www.reseau-expertimo.fr/28-mandataire/1
834721565,ABC IMMOBILIER D'ENTREPRISE,"201 rue de la Jasse, 34130, Mauguio",http://www.abc-ie.fr/
521101238,Abc vos charges.immo,"48 AVENUE DU PEUPLE BELGE, 59000, Lille",https://www.abcvoscharges.com/
812697589,ABCONSEILS,"2 rue des Cèdres, 76130, Mont-Saint-Aignan",https://www.abconseils.immo/
827801234,ABCS IMMOBILIER,"35 rue du Maréchal Foch, 85000, La Roche-sur-Yon",http://www.abcsimmobilier.fr/
479972572,ABCYLONE PATRIMOINE,"830 RUE DU GENERAL DE GAULLE, 38330, Montbonnot-Saint-Martin",http://www.abcylone-immo.com/
391727286,ABEC IMMOBILIER,"178 boulevard du Président Wilson, 33000, BORDEAUX",http://www.abec-immobilier.com/
503299463,ABEILLE CONSEIL IMMOBILIER,"1, Rue Charles de Gaulle, 91530, Saint-Chéron",https://www.abeille-conseilimmobilier.com/
344136759,ABEL CONSULTANTS,"11 RUE DU NEUFBOURG, 57000, Metz",http://www.abel-immo.fr/
830094504,ABELHA IMMOBILIER,"15 RUE DE CHAILLOL, 05500, Saint-Bonnet-En-Champsaur",https://www.abelha-immo.fr/
930680806,ABER ET MER IMMOBILIER,"3 place de l'Europe BP38, 29880, PLOUGUERNEAU",http://www.aberetmer-immobilier.fr/
420635781,ABI AGENCE BEAUTOUR IMMOBILIER,"71 ROUTE DE NANTES, 44120, VERTOU",http://www.beautour-immobilier.com/
993530807,ABIS IMMO 28,"1 RUE DE LOIGNY LA BATAILLE, 28150, LES VILLAGES VOVEENS",http://www.abisimmo28.com/
850687849,ABITHEA 87,"26 RUE MONTAMAILLER, 87000, LIMOGES",https://www.abithea87.fr/
797797099,ABITHEA BOISSY SAINT LEGER,"61 AVENUE DU GENERAL LECLERC, 94470, BOISSY SAINT LEGER",http://www.abithea.fr/
847650611,ABITHEA DES CHARENTES,"6 boulevard de Bretagne, 16000, ANGOULEME",https://www.abithea.fr/2/abithea-charente/1
904241098,ABITHEA LIBOURNE,"135 AVENUE DU MARECHAL FOCH, 33500, LIBOURNE",https://www.abithea.fr/35/abithea-libourne/1
949806012,Abithéa Besançon,"11 Av. Sadi Carnot,, 25000, Besançon",http://besancon-abithea.fr/
848314282,Abithéa Immobilier,"18 bis Rue du Général Barbot, 62000, Arras",https://www.abithea.fr/4/abithea-artois-douaisis/1
802949263,ABL IMMOBILIER,"2 AVENUE DE LA VENDEE, 44140, AIGREFEUILLE SUR MAINE",https://www.abl-immobilier.fr/
498069095,ABM IMMO,"Chemin de Jaure, 24100, Lembras",https://www.abm-immo.com/
421126723,ABONDANCE IMMOBILIERE,"23 RUE GUTENBERG, 67610, La Wantzenau",http://www.abondance-immo.com/
414655555,ABORD CASTANET IMMOBILIER,"159 AVENUE DE VERDUN, 84100, Orange",https://www.castanet-immobilier-orange.com/
534195664,ABP,"4 BOULEVARD FRANCOIS MITTERRAND, 91000, Évry",https://www.abpweb.fr/
494642754,ABP Immobilier,"7 Avenue du Général de Gaulle, 42340, Veauche",http://www.abp-immo42.fr/
499237527,ABRI-MER Immobilier Merlimont,"72 avenue de la plage, 62155, Merlimont",https://abri-mer.fr/
494307408,ABS IMMO,"21 PLACE DU MARCHE, 28700, Auneau",http://www.absimmo28.com/
794323618,ABSIN LAURENT,"CASSAN, 56130, Nivillac",https://www.troispourcent.com/mandataire/laurent-absin/1
507938835,ABSIS CONSEIL,"1 RUE DE L'EGLISE, 34920, Le Crès",http://absisconseil.fr/
502334410,ABSO Immobilier,"26 BOULEVARD PAUL CLAUDEL, 13009, Marseille",http://absoimmobilier.fr/
899659114,ABSOLIM,"50 rue Royale, 49630, Corné",https://www.absolim.immo/
883937716,ABTI,"1 Rue du Docteur GUILLARD, 29000, Quimper",http://www.abti.bzh/
939014338,ABY IMMO,"20 Rue Grosse Horloge, 17400, Saint-Jean-d'Angély",https://www.aby-immo.fr/
892018789,Abélard Immobilier,"2 Rue du Plessis Guéry,, 44330, Le Pallet",http://www.abelardimmobilier.com/
751773201,AC IMMOBILIER,"118 rue Crozet Boussingault, 42100, Saint-Etienne",http://www.ac-immobilier.net/
802894907,AC IMMOBILIER,"9 PLACE HAROUARD, 77440, Lizy-Sur-Ourcq",http://agence-acimmobilier.fr/
892976788,AC IMMOBILIER PATRIMOINE ET PROPRIETE,"295 RUE SOMME LONGE, 26400, Mirabel-et-Blacons",http://www.agenceacimmo.fr/
878798487,AC INVEST,"1 Rue De La Marine, 42170, Saint-Just-Saint-Rambert",http://www.loire-investissement.com/
848565685,AC PROPERTY,"1 Avenue Bartholoni - Domaine de Coudrée, 74140, Sciez",https://www.ac-property.fr/
887516995,AC PROPRIO,"4 Boulevard Léon Blum, 25000, Besançon",https://besancon.mikit.fr/
837940410,AC'COM IMMOBILIER,"88 Bd de La Comtesse, 13012, Marseille",http://www.accom-immobilier.com/
422586123,ACANTHE,"93 avenue Henri Fréville CS 80711, 35207, Rennes Cedex",http://www.acanthe-terrain.fr/
420451155,ACANTHE IMMOBILIER,"29 avenue Jean-Jaurès, 34170, Castelnau-le-Lez",https://www.acantheimmobilier.com/
904929221,ACBS-PATRIMOINE,"2 Place Jeanne d Arc, 25430, Sancey",https://www.acbs-patrimoine.com/
843487000,ACCANO,"63-65 Rue de Créqui, 69006, Lyon",http://www.accano.fr/
883039729,ACCART Caroline,"-----------------, 83300, DRAGUIGNAN",http://www.optimhome.com/
887772119,ACCASA,"2720 t 40, 20131, Pianottoli Calderello",https://www.accasa.corsica/lots/1
797461514,ACCENT DU SUD IMMOBILIER,"51 B RUE GAMBETTA, 30800, ST GILLES",http://www.accentdusud-immo.com/
440907772,ACCENT IMMOBILIER,"37 Boulevard de la République, 13550, NOVES",http://www.accentimmobilier.com/
794248880,ACCENT IMMOBILIER,"7,BOULEVARD D'ESTOURMEL, 12000, Rodez",http://www.accent-rodez.fr/
811795111,ACCES CONSEIL IMMOBILIER PLERIN,"Centre d'Affaires ELEUSIS 1 - 1, rue Pierre et Marie Curie, 22190, Plerin",http://www.acces-conseil-immobilier.com/
395025380,ACCES IMMOBILIER,"11 RUE OTHON PECONNET, 87000, LIMOGES",https://www.accesimmobilier.com/fr
882069826,ACCES IMMOBILIER,"416 chemin des Joncs, 31660, Buzet-sur-Tarn",https://www.immobilierbuzet.fr/
818765240,ACCESS IMMO,"1 bis rue Anatole France, 95410, Groslay",http://www.access-immo95.fr/
831122957,ACCESS PROPERTIES,"25 avenue Robert Soleau, 06600, Antibes",https://www.accessproperties.fr/
752870105,Accessible Immobilier,"110 Rue du Casino, 73100, Aix-les-Bains",http://www.accessible-immobilier.com/
424600864,ACCESSION IMMO,"19 Place GRANVILLE - Dijon TOISON D'OR, 21000, DIJON",http://www.accession-immo.com/
440582518,ACCI PLUS IMMOBILIER,"10 square de la Bouquerie, 30900, NIMES",https://www.acciplusimmobilier.fr/fr/
483399473,ACCIMMO,"14 AVENUE CHARLES DE GAULLE, 81500, Lavaur",https://www.accimmo-31.com/
817607856,ACCORD GESCLO,"67 Rue Charles de Gaulle, 88200, Remiremont",https://www.accord-immobilier.net/index.php?action=list&ctypmandatmeta=l
538440991,ACCORD Groupe Immobilier,"142 rue des Combes, 79180, Chauray",http://www.agence-accord.com/
487872137,ACCORD IMMO,"15 AVENUE PIERRE SEMARD, 84000, Avignon",https://accordimmo.pro/
813526514,ACCORD IMMO PROVENCE,"44 Cours Taulignan, 84110, Vaison-la-Romaine",https://www.accord-immobilier84.com/
341873727,ACCORD immobilier,"11 Cours Mirabeau, 13100, Aix-En-Provence",http://www.aix-provence-immobilier.fr/
344306733,ACCORD IMMOBILIER,"61 RUE GEORGES CLEMENCEAU, 10000, Troyes",http://accordimmobilier.com/
421061904,ACCORD IMMOBILIER,"246 RUE LUC LORION, 97410, SAINT PIERRE",https://accord-immobilier.re/?utm_source=OrangeMaPubliciteLocale&utm_medium=AdWords&utm_campaign=location%20-%20maisons
443773171,ACCORD IMMOBILIER,"67 RUE CHARLES DE GAULLE, 88200, Remiremont",https://www.accord-immobilier.net/index.php?action=home
520948233,ACCORD IMMOBILIER,"20/22 ESPLANADE DE LA MER, 85160, Saint-Jean-De-Monts",http://accord-immo.com/
750931552,ACCORD IMMOBILIER,"6 - 7 Place du Square, 15000, Aurillac",http://www.accord-immobilier15.com/
511779381,ACCORD IMMOBILIER 63 - Agence Immobilière,"14 BOULEVARD ARISTIDE BRIAND, 63400, CHAMALIERES",https://www.accordimmobilier63.fr/
901655803,ACCORD IMMOBILIER: L'agence des halles,"POURTOUR DES HALLES-18 RUE PAUL RIQUET, 34500, Béziers",http://www.accordimmo34.com/
353514854,ACCORIMM MIONS,"12B RUE DE LA LIBERTE, 69780, MIONS",http://www.accorimm.fr/
352752752,ACCORT IMMOBILIER,"22 PLACE DE LA LIBERTE, 74240, Gaillard",http://www.accort.com/
477503734,ACCUEIL VOLTAIRE IMMOBILIER,"8 Place de Verdun, 32000, Auch",https://www.aivoltaire.com/
814806428,Accès Habitat 66 - Construction,"46 AVENUE DERIVESALT, 66240, Saint-Estève",http://acceshabitat66.com/
441340544,ACD IMMOBILIER,"35 RUE PIERRE SAUVAGE, 80100, Abbeville",http://www.acd-immobilier.com/
753812064,ACE COURTAGE,"15 rue Jean Mermoz BP5 68127, 68127, Sainte-Croix-en-Plaine",https://www.groupace.fr/
835250713,ACHAT - PROPRIETE,"----, 37270, Azay-Sur-Cher",https://www.lesportecles.com/
898847983,Achetez Neuf Immo,"La Canopée, PAE Les Glaisins, 5 B Av. du Pré Closet, 74940, Annecy",http://www.achetezneufimmo.fr/
480236207,ACHEUL-IMMO,"165 RUE DE CAGNY, 80000, Amiens",http://www.acheulimmo.com/
439103862,ACI CAEN - AGENCE CAPITAL IMMOBILIER,"24 RUE SAINT MICHEL, 14000, Caen",http://www.agence-aci.com/
409514635,ACI GESTION,"15 RUE GABRIEL PERI, 63000, CLERMONT FERRAND",https://www.aip-location.com/
539190249,ACI KÔTE IMMOBILIER,"27 Place Marcadieu, 65000, Tarbes",http://www.koteimmobilier.com/
330076860,ACIE,"58 rue de Paris, 95380, LOUVRES",http://www.acie.fr/
892443383,ACJ IMMOBILIER,"3 PLACE SIMONE VEIL, 54000, NANCY",https://acj-immobilier.fr/estimation-en-ligne/
351808977,ACM HABITAT LOCATION,"240 AVENUE DE LODEVE, 34080, Montpellier",https://www.acmhabitat.fr/
523246395,ACM Immobilier - Agence Centrale Mansonnienne,"66 RUE DE PARIS, 78600, Maisons-Laffitte",https://www.acm-maisonslaffitte.com/
842429417,ACMA IMMOBILIER,"67 rue de Maubeuge, 75010, Paris",https://www.acma-immobilier.com/
448929091,ACOR'IMMO,"9 bis Rue Amable Lagane, 83500, La Seyne-sur-Mer",http://www.acorimmo.fr/
929243939,ACOVEA IMMOBILIER,"5 allée du souvenir Français, 56340, Carnac",http://www.acovea-immobilier.com/
582015848,ACP IMMO,"65 AVENUE LEDRU ROLLIN, 94170, LE PERREUX SUR MARNE",https://agencecentraleduperreux.com/
431593649,ACP IMMOBILIER,"22 PLACE CHARLES DE GAULLE BP 40, 74210, Faverges",http://www.acp-immobilier.com/
793276726,ACP IMMOBILIER,"Rue des îles Kerguelen - Parc Edonia - Bât F, 35760, SAINT-GREGOIRE",http://www.acp-immo.fr/
850328527,ACP SUD IMMOBILIER,"8 traverse de la salette, 13012, Marseille",http://www.acp-sudimmobilier.fr/
451843007,ACP TRANSACTIONS,"4 B RUE DE SALINS, 25300, PONTARLIER",http://www.acp-transactions.fr/
918155920,ACPI CONSEIL,"12 AVENUE DE TOULOUSE, 31150, Gratentour",http://acpi-conseil.fr/
820048866,ACQUERIM LES HAUTS DE FRANCE,"18 rue Édouard Plachez, 62220, Carvin",http://www.acquerim.fr/
848282240,ACREDIT CONSEIL,"1139 AVENUE DE L'EUROPE, 34170, Castelnau-le-Lez",https://www.acredit-conseil.fr/
819064031,ACS IMMOBILIER,"1846 boulevard du Cerceron, 83700, Saint-Raphaël",http://www.acs-immobilier.fr/
381257930,ACT IMMOBILIER,"14 RUE DE L'EGLISE, 85500, Les Herbiers",http://www.act-immobilier.com/
494777709,ACT IMMOBILIER,"8 Rue Charles de Gaulle, 69210, L'Arbresle",https://www.actimmobilier69.com/
518506860,ACT IMMOBILIER,"1 Avenue Frédéric Mistral, 83136, Forcalqueiret",http://www.actimmobilier.net/
815302583,ACT IMMOBILIER,"47 Rue Georges Clémenceau, 76530, Grand Couronne",http://www.actimmo76.net/
881932214,Act'Icimmo,"305 Av. de la Mairie, 31600, Eaunes",http://www.acticimmo31.com/
334865557,ACT'IMMO,"9 PLACE DU VILLAGE, 38180, Seyssins",http://www.actimmo.org/
414924571,ACT'IMMO,"7 Rue Chènebouterie, 43000, Le Puy-en-Velay",https://www.actimmo-43.fr/
921255568,ACT'IMMO,"29 RUE AUGUSTIN ARCHAMBAUD, 97410, Saint-Pierre",http://www.actimmo.re/
810328369,ACT'IMMO CALAIS,"106 BOULEVARD LAFAYETTE, 62100, CALAIS",http://www.actimmocalais.fr/
482211687,ACT-IMMO,"12 RUE FRANCOIS LA VIEILLE, 50100, Cherbourg-Octeville",http://www.actimmo50.fr/
349969014,ACTA IMMOBILIER,"180 Rue de Paris, 59500, Douai",http://www.actaimmobilier.fr/
951041326,ACTARY SOLUTIONS IMMOBILIER,"Saint-Jacques, 97118, Saint-François",https://www.actarysolutions-immo.fr/
485217483,acte2immo,"559 rue Robert BARATHON, 42370, Renaison",http://www.agencecostelloise.com/
844292250,ACTENMAIN,"31 Rue des Martyrs, 37300, Joué-lès-Tours",https://actenmain.fr/
445352529,ACTEUR SUD,"51 RUE DU FAUBOURG BOUTONNET, 34090, Montpellier",http://www.acteursud.com/
937648046,ACTI'LOG TRANSACTION,"16, rue Ampère, 95300, Pontoise",https://actilog-transaction.fr/
902903590,ACTI-IMMO,"4 cours de Verdun, 01000, Bourg-en-Bresse",https://acti-immo.fr/
839353158,ACTIA CONCEPT,"3 avenue Abadie, 33100, Bordeaux",http://www.actia-concept.fr/
318659398,ACTIF Immo Melun,"29 AVENUE THIERS, 77000, MELUN",http://www.actifimmo.fr/
485232722,ACTIF IMMOBILIER,"117 PLACE CHARLES DE GAULLE, 74300, CLUSES",http://www.actif-cluses.com/
404721573,ACTIF IMMOBILIER AISN'OISE,"32 RUE DU COLLEGE, 02200, SOISSONS",https://www.actif-immobilier-aisnoise.com/
491456778,Actif'Immo,"27 AVENUE DE LA REPUBLIQUE, 93150, Le Blanc-Mesnil",http://www.actifimmo93.com/
791088131,ACTIFI,"9 PARC D'ACTIVITES DU BUISSON ROND, 38460, Villemoirieu",http://www.actifi.fr/
892877846,ACTIFIMMO Flers,"25 RUE DES BROUSSES, 61100, La Chapelle-au-Moine",http://www.actifimmo61.fr/
795342674,ACTIFS ET INVESTISSEMENTS,"706 Corniche Louis Valéry Roussel, 83200, Toulon",http://www.actifs-et-investissements.com/
524447414,ACTIFS IMMOBILIER,"85 BOULEVARD PASCAL, 21000, Dijon",http://www.actifs-immobilier.fr/
827693623,ACTIMMO,"41 AVENUE DE LA REPUBLIQUE, 78270, BONNIERES SUR SEINE",http://www.agence-actimmo.fr/
438784878,ACTIMMO CONSEIL,"144 BIS AVENUE DU GENERAL LECLERC, 91800, Brunoy",https://actimmoconseil.fr/
317328151,ACTIMMO58,"1 Avenue Général de Gaulle, 58000, Nevers",https://www.actimmo58.fr/a-vendre/1
880884465,ACTION IMMO,"5 avenue Helvetia, 07340, SERRIERES",https://agenceactionimmo.fr/fr/
825123631,Action Immo Internationale,"ACTION IMMO INTERNATIONALE 49 AVENUE DE LA REPUBLIQUE, 13310, Saint-Martin-De-Crau",http://www.actionim.net/mentions+legales.html
522800689,ACTION IMMOBILIER,"CENTRE COMMERCIAL DU PARC Rue d'Artois, 77150, Lésigny",http://www.immoaction.fr/
795393065,ACTION IMMOBILIER,"59 rue du Général de Gaulle, 59370, Mons En Baroeul",https://www.action.immo/
820482289,ACTION IMMOBILIER,"1 RUE JEAN MOULIN, 38180, Seyssins",https://www.action-immo.fr/
385344502,ACTION IMMOBILIERE,"4 avenue Victor Hugo, 13100, Aix En Provence",http://www.actionimmobiliere-aixenprovence.fr/
851997437,ACTION IMMOBILIERE,"6 RUE LA BRUYERE, 29200, Brest",http://action-immo.com/
904544368,Action Immobilière Agence immobilière Lannion,"11 rue de Buzulzo, 22300, Lannion",http://www.action-immobiliere.com/
753890128,Actions Services Immobiliers-Expert Immobilier,"68 Route du Col de l'Épine, 73470, Novalaise",http://www.agence-aiguebelette.fr/
503217432,ACTIPOLE GESTION,"5 place de l'Hôtel de Ville, 95300, Pontoise",https://www.agence-ami.com/
814536595,ACTIS CONSEILS,"36 ALL JEAN JAURES, 31000, TOULOUSE",https://www.actis-conseils.fr/
348579095,ACTIS OPH DE LA REGION GRENOBLOISE,"25 avenue de Constantine CS 72508, 38035, Grenoble cedex 2",https://www.actis.fr/
529916298,ACTISSIMMO,"122 bd des cigales, 13011, Marseille",http://www.actissimmo.com/
833220940,ACTIV PATRIMONIA,"81 Avenue Jean Moulin, 69720, Saint-Laurent-de-Mure",http://www.activpatrimonia-immobilier.com/
842002206,ACTIV'IMMO Agence Immobilière Moûtiers,"6, Place Aristide Briand, 73600, Moûtiers",https://www.agenceactiv.immo/
789108388,ACTIVA GESTION,"Centrale Nationale - Siège :, 34000, Montpellier",http://www.immo-diffusion.fr/
895248573,ACTIVES TRANSACTIONS CONSEILS,"8 rue centrale, 73000, Bassens",https://www.a-transactionsconseils.com/
398202655,ACTIVIMM cabinet LEMAIRE,"7 rue Daniel lereuil, 62140, Hesdin-la-Forêt",http://www.activimm.com/
818197535,ACTU IMMO,"--------, 39600, Arbois",https://www.actu-immo.net/
789886108,Actu'elles transac,"35 rue des martinets, 69210, L'Arbresle",http://www.actuellestransac.fr/
901872622,ACTUEL IMMO,"rue jacques de vaucanson, 62300, Lens",http://www.actuelimmo62.fr/
450488069,ACTUEL IMMOBILIER,"4 rue de Substantion, 34000, MONTPELLIER",http://www.actuel-immo.com/
501191720,Actuel Immobilier - Aix-en-Provence,"46 Cours Mirabeau, 13100, Aix-en-Provence",http://www.beauxvillages.com/
438197501,Act’Immo Services,"1 AVENUE JEAN MOULIN, 13140, Miramas",http://www.actimmoservices.com/
447509928,AD CONSTRUCTION,"365 ZA les Blaches, 26270, Loriol",http://www.ad-construction.fr/
983261108,AD GESTION,"13 rue st yon, 17000, LA ROCHELLE",http://ad-i.fr/
439211731,AD HOC IMMOBILIER,"354 rue Marcel Belot, 45160, Olivet",https://www.adhoc-immobilier.com/
509816260,AD HOME IMMOBILIER,"1. PLACE RENE BASTIDE, 31470, Saint-Lys",http://www.adhome-immobilier.com/
450866371,AD IMMO,"68 rue Georges Mandel, 33000, Bordeaux",https://www.agenceadimmo.com/
794226183,AD IMMOBILIER,"111 Avenue Lesdiguieres, 38290, LA VERPILLIERE",http://www.adimmobilier38.fr/
831308440,AD NOSTRA IMMOBILIER,"5 RUE DU COMMERCE, 35590, LA CHAPELLE THOUARAULT",http://www.ad-nostra.fr/
802286211,AD PRESTIMMO,"Résidence Campo Meta, Chem. de Canale, 20600, Furiani",http://www.bastiaprestimmo.com/
899557433,ADASTRA PROMOTION,"4, rue Lamennais, 75008, Paris",https://adastrapromotion.com/
894331503,ADB GESTION,"19 Bis Rue des Quatre Chapeaux, 69002, Lyon",https://adb-gestion.com/
948477294,ADB REACT,"5 Rue Tatin, 27400, Louviers",http://www.adbreact.fr/
452562408,ADC IMMOBILIER,"156 COURS DE LA REPUBLIQUE, 84120, PERTUIS",https://www.adc-immobilier-pertuis.com/
503424590,ADDICT IMMOBILIER,"19 Rue Principale, 67206, Mittelhausbergen",https://www.addict-immo.com/
912700770,ADEKA IMMOBILIER,"38 Rue du Commerce, 63200, Riom",https://www.adeka-immobilier.fr/
812907905,Adelie Gestion,"45 avenue Foch, 76600, Le Havre",https://www.adeliegestion.com/
518691324,ADEPT IMMO,"85 rue d'endoume, 13007, MARSEILLE 7EME ARRONDISSE",http://www.adeptimmo.fr/
502550296,Adequadom,"51, rue Paul Déroulède, 92270, Bois-Colombes",https://www.adequadom.com/fr
437919251,ADEQUAT,"15 Route d'Agris, 16430, Champniers",https://www.agenceadequat.fr/
919584755,ADEQUAT IMMO,"64 rue de Paris, 95270, Viarmes",http://www.adequatimmo.com/
519118988,ADEQUAT IMMOBILIER,"2 ROUTE DE CHAMBERY, 38110, Cessieu",http://www.adequatimmobilier.com/
932703671,ADEQUATION IMMOBILIER,"20 QUAI DES PECHEURS, 67000, Strasbourg",https://adequationimmobilier.com/
804881167,ADimmo17,"66 avenue Gambetta, 17300, Rochefort",http://www.adimmo17.fr/
845018639,Adiù Immobilier,"1 rue de la Ferté-Milon, 30700, UZES",https://agenceadiu.com/
517821492,ADK IMMO,"1, rue du Sud, 59140, DUNKERQUE",https://adk-immo.fr/
301169116,ADL IMMOBILIER transactions,"22 BIS AVENUE HONORE SERRES, 31000, Toulouse",http://www.adl-immo.fr/
505303552,ADM,"38 RUE MICHELET, 42100, Saint-Étienne",http://www.adm-immo.com/
415168541,ADM immobilier,"5 rue de la Ferté Alais, 91720, Maisse",https://www.admimmo.fr/
953778396,ADM IMMOBILIER,"37 Boulevard Jean Rose, 77100, Meaux",https://www.adm-immobilier.com/
494724115,ADMIMO,"1943 Route d’Ambérieux en Dombes,, 01390, Rancé",https://www.admimo.fr/
315903344,ADMIN IMMOBILIERE ANNECIENNE 2,"20 PLACE D ARMES, 74150, Rumilly",http://www.2a-immo.fr/
809826878,ADN Immo,"139 Rue du Colonel Arnaud Beltrame Espace Volter, 84100, Orange",http://www.adn-immo.com/
828730663,ADN IMMO,"61 Chemin de Cormagnin, 01630, CHALLEX",http://www.adnimmo.com/
899172563,ADN IMMOBILIER,"DOMAINE DE PONT ROYAL, 13370, Mallemort",https://www.adnimmoconseil.com/
819244450,ADN IMMOBILIER TRANSACTIONS,"16 RUE POINCARE, 68100, MULHOUSE",https://www.adn-immobilier.com/
789466935,ADOM IMMOBILIER - CONSEIL TRANSACTION IMMOBILIERE,"151 RUE DU GENERAL LAMBERT 97436 Saint-Leu, 97436, Saint-Leu",http://www.adom-immobilier.fr/
310863592,ADOMIA RESIDENCES,"12 RUE FELIX GUYON CS 71090, 97400, Saint-Denis",https://www.sidr.fr/offres-immobilieres/
808133912,ADOPTE UN TOIT,"44 AVENUE DES MALDIVES, 97450, Saint-Louis",http://www.adopteuntoit.com/
991520743,ADRESSE & PATRIMOINE,,http://www.adresse-patrimoine.fr/
878178482,ADRIA Immobilier,"5 Hameau des 3 Sources, 57700, Hayange",http://www.adriaimmo.fr/
348326273,ADVENIER IMMOBILIER,"21 GRANDE RUE, 03800, Gannat",http://www.advenierimmobilier.fr/
830545976,ADVENIS,"32 avenue du Maréchal Maunoury, 41000, Blois",https://www.advenis-res.com/advenis/implantations/conseil-transaction/blois
951212059,Advenis Conseil et Transactions Aude/ Hérault,"5 bis, Centre d'Affaires Plaisance, Rue de Plaisance, 11100, Narbonne",https://www.advenis-res.com/
852268523,ADVICIM,"18 Quai Cypierre, 45000, Orléans",http://www.advicim.com/
899365811,ADYA immobilier,"51 Rue Toussaint, 49100, Angers",http://www.adya-immobilier.fr/
452063209,AD’HOC CONSEIL,"52 AVENUE JEAN MERMOZ, 64000, Pau",http://www.adhoc-conseil.com/
841909484,AEB PROPERTIES,"10 RUE DE PENTHIEVRE, 75008, Paris",https://www.aeb-properties.com/fr/
814504072,AEDIFIM,"68 avenue du 8 mai 1945, 64100, Bayonne",https://www.aedifim-immobilier.fr/
828494674,AEI COTE MER,"175 AVENUE JOSEPH RAYNAUD, 83140, Six-Fours-Les-Plages",http://www.aei-var.com/
388330425,AEI IMMOBILIER,"67 RUE DE LA REPUBLIQUE, 84310, Morières-Lès-Avignon",http://www.aei-immo.com/
434768370,AETHICA,"12 bd Gisèle Halimi, 44200, Nantes",https://www.adi-logements.fr/
901257345,AEV IMMO,"29 Rue François Debergue, 93100, Montreuil",https://aev.immo/fr/
819024613,AF FINANCE,"96 avenue Kleber, 75116, Paris",http://www.af-finance.com/
801267345,AF Immobilier,"4 Av. Pasteur, 93290, Tremblay-en-France",https://www.agenceimmobiliere93.fr/
853299469,AF Immobilier,"91, Rue Saint-Jean, 14000, Caen",https://www.af-immobiliercaen.com/
334281151,AF INFO IMMOBILIER,"207 BOULEVARD GÉNÉRAL DE GAULLE, 83700, Saint-Raphaël",https://www.immobiliersaint-raphael.com/
422481358,AFACOM Cabinet d'affaires,"160 Avenue de Grande Bretagne, 31300, Toulouse",https://www.afacom.com/
451094452,AFDI MARTINIQUE,"15 ROUTE DE CLUNY, 97200, FORT DE FRANCE",http://www.immobilier.net/
509846960,AFFAIRES IMMOBILIERES DE LA DORDOGNE – K PARCELIER,"2 PLACE SAINT SILAIN, 24000, Périgueux",http://dazimmo.free.fr/
512652751,AFFAIRIMMO,"100 rte d'Annecy, 74160, COLLONGES SOUS SALEVE",http://www.affairimmo.fr/
538984642,Affinis Immobilier : agence immobilière,"6 rue du Faisan, 67610, La Wantzenau",https://www.affinis-immo.com/
786302869,AFI CONNERRE,"10 RUE DE PARIS, 72160, Connerré",http://www.agence-fertoise.fr/
890331879,AFI IMMOBILIER,"1b chemin Salié, 64140, Lons",https://afi-conseil.fr/
478596224,AFR Immobilier Chatou,"7 RUE AUGUSTE RENOIR, 78400, CHATOU",https://www.afr-immobilier.com/agence-immobiliere-chatou-haut.php
840915037,AFTER IMMOBILIER,"8 RUE MARECHAL LECLERC, 54360, Blainville-Sur-L'Eau",http://www.afterimmobilier.fr/
443735824,AFTIM - L'immobilier au Touquet-Paris-Plage,"14 Av. Saint-Jean, 62520, Le Touquet-Paris-Plage",https://www.aftim.fr/
404328189,AG FREY IMMO,"11 RUE DE KINGERSHEIM, 68270, Wittenheim",http://www.ag-freyimmo.net/
503051286,AG IMMOBILIER - COMMISSIONS REDUITES,"28 AVENUE LE BRIX, 35740, Pacé",http://www.agimmobilier.fr/
753823897,AG IMMOBILIER BREST,"73 RUE DE VERDUN, 29200, BREST",http://www.agimmobilier-brest.com/
494715014,AG IMMOBILIER GESTION,"21 AVENUE PAUL LAURENS, 26110, Nyons",http://www.ag-immobilier-gestion.com/
479942609,AG.I IMMOBILIER,"20 RUE DE LA REPUBLIQUE, 13270, FOS SUR MER",http://www.ag-immobilier.com/
530735505,AG2S IMMOBILIER,"18 RUE LAURENT GAYET, 38530, PONTCHARRA",http://www.ag2s-immobilier.com/
823558036,AG9 IMMOBILIER,"6-8 RUE BOULAN, 33000, BORDEAUX",https://ag9-immobilier.fr/
941510281,AGAPE,"23 avenue Pierre Bérégovoy, 58000, NEVERS",https://www.agape-immobilier.fr/
912205200,AGAT'IMMO,"17 Place Seignobos, 07270, Lamastre",http://www.agatimmo.fr/
508206596,AGATE IMMOBILIER,"Arroutgey Sud, 33730, Noaillan",https://www.agate-immobilier.fr/
428178354,Agay Immobilier,"547 Boulevard de la Plage, 83700, Saint-Raphaël",https://www.agencesdusud.com/
343529962,AGE IMMOBILIER,"2 PLACE ARISTIDE BRIAND, 28230, Épernon",http://www.ageimmobilier.com/
300413515,AGEI,"32 RUE LOUIS ANTOINE DE BOUGAINVILLE, 31400, Toulouse",https://agence-agei.com/
381276088,AGEMO,"1 RUE DU GENERAL DE GAULLE, 14800, Deauville",https://www.agence-agemo.fr/
834225583,"Agence ""rue du PARTICULIER"" Bayeux","65 Rue Saint-Jean, 14400, Bayeux",https://www.rueduparticulier.com/
790873699,Agence 13'Nego,"17 D BOULEVARD LEON GAUTIER, 14150, Ouistreham",http://www.13-nego.fr/
532310232,AGENCE 147,"13 rue de la citadelle, 54000, Nancy",http://www.agence147.fr/
504657016,Agence 3 Villes Immobilier,"185 Av. du Général Leclerc, 54600, Villers-lès-Nancy",https://www.3villesimmo.fr/
490463205,AGENCE 360° IMMOBILIER,"19 AVENUE CHARLES DE GAULLE, 73100, Aix-Les-Bains",http://www.360immobilier.com/
942498619,Agence 3v Immobilier,"110 Route de la Clusaz, 74450, Saint-Jean-de-Sixt",https://www.agence3v.com/
834097636,AGENCE 53,"7 Place Paul Painlevé, 62500, Saint-Omer",http://www.agence53.fr/
499714871,Agence 63 Immobilier Transactions Immobilières,"17 rue des Prés Bas, 63000, Clermont-Ferrand",http://www.63immobilier.com/
478738552,AGENCE A 2 I,"23 ROUTE DE ROUEN, 80480, Pont-de-Metz",http://www.agence-a2i.fr/
948642400,AGENCE A PART,"1 rue Maréchal Joffre, 14370, Argences",http://www.agenceapartargences.com/
349638320,AGENCE A PLUS,"AVENUE JEAN LASSERRECENTRE COMMERCIAL 2000, 30240, Le Grau-Du-Roi",http://www.agenceaplus.com/
478315021,AGENCE A.M.I. LONGNY AU PERCHE,"9 PLACE DE L’HÔTEL DE VILLE, 61290, Longny-au-Perche",http://www.ami-longny.com/
332852334,AGENCE AAPROGIMMO,"4 BIS PLACE HAUTE VIENNE, 87000, Limoges",http://www.aaprogimmo.fr/
304057771,Agence Abatilles Arcachon,"278 BD DE LA PLAGE, 33120, Arcachon",https://www.agenceabatilles.com/
481000339,Agence Acantalis,"41 RUE REYNAUD D URSULE, 13300, Salon-de-Provence",https://acantalis.com/fr/
305178246,AGENCE ACAPULCO,"RESIDENCE L ACROPOLE RUE DES CORPS DES GARDES BP 662, 34300, Cap D'Agde",http://www.agence-acapulco.com/
523872356,AGENCE ACCESS PRO,"20 RUE LUCAS, 03200, Vichy",http://www.accesspro.fr/
509483608,AGENCE ACHE LAURAINE,"16 avenue Adrien Tarrade, 87100, Limoges",http://www.ache-immobilier.fr/
533861225,AGENCE ACIM,"27 bis avenue nationale, 40230, Saint-Vincent-de-Tyrosse",http://www.gbm-immobilier.fr/
454091844,AGENCE ACTU,"5 BIS PLACE DU GEN DE GAULLE, 06600, ANTIBES",http://www.agence-actu.com/
844123133,Agence ADB du Roannais - Administrateur de biens,"20 Place des Promenades populle, 42300, Roanne",https://www.adbduroannais.com/
495405359,Agence Adhemar Immobilier,"43 Av. Jean Jaurès, 26200, Montélimar",http://www.agenceadhemar.com/
644801235,AGENCE AFICO IMMOBILIER,"40, rue de Bordeaux, 37000, Tours",https://www.afico.fr/
938680980,AGENCE AIA IMMOBILIER,"30 RUE JEAN JAURES, 16700, Ruffec",http://www.aia-immobilier.fr/fr/
487495640,Agence AIFI/Villaret Saint Paul,"71 RUE DE FRANCE et 40 rue saint Paul 75004 Paris, 77300, Fontainebleau",http://villaretsaintpaulimmobilier.com/
410725485,AGENCE AIGUES MORTES IMMOBILIER,"19 Boulevard Diderot, 30220, Aigues-Mortes",http://www.aigues-mortes-immobilier.com/
410008320,AGENCE AIP CERIZAY,"10 avenue du 25 aout 1944, 79140, CERIZAY",http://www.bocagimmo.com/
887848836,AGENCE AIR,,http://www.lagenceair.fr/
331984484,AGENCE ALAIN,"160, AVENUE DE STALINGRAD, 95140, Garges-Lès-Gonesse",http://www.agence-alain.com/
934746793,Agence ALIENOR immobilier,"9 PLACE DENFERT ROCHEREAU, 86110, MIREBEAU",https://www.alienorimmobilier.com/
482691128,AGENCE ALOHA IMMOBILIER,"22 BIS RUE DE L'OUVRAGE A CORNES, 17000, La Rochelle",http://conciergeriealoha.fr/
484170873,Agence Alpes & Chalets Chamonix,"106 Av Ravanel le Rouge, 74400, Chamonix-Mont-Blanc",https://www.alpes-chalets.com/
333891935,Agence Alpina Immobilier,"CHALET LE PETIT PIERRE36 ROUTE ENTRE DEUX VILLE, 73590, Crest-Voland",http://www.agence-alpina.com/
429115660,Agence Alsace-Lorraine,"39 avenue Alsace-Lorraine, 38000, Grenoble",https://agencealsace-lorraine.com/
442590568,AGENCE ALTI,"44 AVENUE FRANCOIS BILLOUX, 56600, Lanester",http://www.agencealti.fr/
800705014,Agence ANGELI,"621 AVENUE CORNICHE D AZUR - VILLA GABRIELLE, 83370, Saint AYGULF",http://www.saint-aygulf-immobilier.com/
447990318,Agence Antioche SARL,"26 rue dupaty, 17000, La Rochelle",https://antioche-immobilier.com/fr/
397819848,AGENCE APP IMMOBILIER,"6 RUE JEAN DANAUX, 91260, JUVISY - SUR - ORGE",http://www.app-immo.com/
440602910,AGENCE APPERE,"28 rue monge, 29200, BREST",http://www.agence-appere.com/index.html
401616875,Agence Arcade Immobilier,"46 place François Mitterrand, 76290, Montivilliers",https://www.arcade-immo.fr/
518176722,AGENCE ARDECHE SUD IMMOBILIER,"8 PLACE DU GENERAL DE GAULLE, 07200, Aubenas",http://www.07aasi.fr/
380860742,AGENCE ARGUENON,"20 PLACE DU CHAMP CLOS, 22100, Dinan",http://www.agencearguenon.com/
457207538,AGENCE ARGUS IMMOBILIER,"14 place Gambetta, 33000, Bordeaux",https://www.argus-immobilier-bordeaux.fr/
480277268,Agence ARIENTI IMMOBILIER - Dieulefit,"18 Pl. Chateauras, 26220, Dieulefit",http://www.immobilierarienti.com/
384056990,AGENCE ARNAUD ADVENIER,"72, Boulevard E.Clementel, 63200, RIOM",http://www.immobilier-advenier.com/
810390831,AGENCE ARRIO,"87 PLACE DE L EGLISE, 78670, Villennes-sur-Seine",http://www.agencearrioimmobilier.com/
385384235,Agence Art Immobilier International,"1 Chemin des Chênes, 06130, Grasse",http://www.cbrimmobilier.fr/
938522604,AGENCE ATELIER PIA,"98 AVENUE FREDERIC MISTRAL, 13013, MARSEILLE",https://atelier-pia.fr/a-propos/
325820470,Agence ATHERAC - Transaction,"181 Route des Grandes Alpes, 74220, La Clusaz",https://www.atherac-laclusaz.com/
393755848,Agence Atlantic Immobilier,"1 RUE DE LA MAIRIE, 56570, Locmiquélic",http://www.atlantic-immobilier.com/
881836373,Agence Atrium 64,"8 IMPASSE DES JARDINS DU LAU, 64000, Pau",http://www.agence-atrium-64.com/
448483933,AGENCE AUGUSTE IMMO,"4, rue du maire Frédéric North, 67500, Haguenau",http://www.auguste-immo.fr/
420393001,AGENCE AULIS,"1 RUE DE LA POSTE, 11560, FLEURY",http://www.agenceaulis.com/
503036105,Agence AUTREMENT IMMO,"20 RUE AUX OURS, 62000, Arras",http://www.autrementimmo.com/
839276789,Agence Auxois Morvan Immo‎bilier,"3 RUE DU BOURG VOISIN, 21140, Semur-En-Auxois",https://auxois-morvan-immo.online/
381413301,AGENCE AVESNES IMMO,"90 ET 102 GRAND RUE, 62810, AVESNES LE COMTE",https://www.avesnesimmo.fr/
419612411,Agence Avril,"39 Av. Francis Tonner, 06150, CANNES",https://agenceavril.com/fr/ventes
442984266,Agence Axo Aix en provence,"6 rue ganay, 13100, Aix en provence",https://cote-sud.immo/
418762092,Agence Azur Immobilier,"23 Av. Aristide Briand, 13800, Istres",http://www.azurimmobilier.com/
492035829,Agence B et R IMMOBILIER,"2 rue des Patriotes, 59115, Leers",http://www.br-immobilier.fr/
439306705,AGENCE B&B IMMOBILIER,"1351 avenue de valescure, 83700, Saint raphael",https://www.agencebb.fr/
848024733,Agence B.HOME.B IMMOBILIER à La Bernerie-en-Retz,"9 RUE DU MARECHAL FOCH, 44760, La Bernerie-En-Retz",http://www.bhomeb-immobilier.fr/
434554150,AGENCE BAGUELIN IMMOBILIER,"69 RUE DE LA HALLE, 17450, Fouras",http://www.baguelin-immobilier.com/
947896320,Agence Bailly Simon Immobilier,,http://www.bsimmobilier.fr/
347453250,AGENCE BALTHAZAR,"13 bis PLACE DE LA RÉPUBLIQUE, 46400, SAINT CERE",http://www.agence-location-lot.fr/
314281734,AGENCE BANNIER,"8 RUE BANNIER, 45000, Orléans",http://www.bannier-immobilier.fr/
753597822,AGENCE BANO IMMOBILIER,"198, Grande Rue- Immeuble ""Le Leskarian"", 74930, REIGNIER",http://www.bano-immo.com/
752590265,AGENCE BARATTE IMMOBILIER,"40 AVENUE DE LA FAYETTE, 17300, ROCHEFORT",http://www.baratte-immobilier.fr/
709805089,Agence Baronnai,"1 Boulevard Louis LEMELLE, 78300, Poissy",http://www.baronnai.fr/
519902571,AGENCE BARRIO IMMOBILIER,"24 chemin de palau, 66700, Argelès-sur-Mer",http://www.barrioimmobilier.com/
379504988,Agence Barthelet,"91 Grande-Rue, 25000, Besançon",http://www.bartheletimmobilier.fr/
419754759,AGENCE BAT'S,"2 RUE VICTOR HUGO, 42230, Roche-la-Molière",http://www.agencebats.fr/
343548020,Agence Batimmo Immobilier,"371 rue de Metz, 57155, Marly",http://www.batimmo-immobilier.com/
799180898,AGENCE BAZILLE,"19 RUE MARIOGE, 34000, Montpellier",http://www.agencebazille.fr/
792622524,Agence BC Immobilier,"13 B CHEMIN DU LEVANT, 01210, Ferney-Voltaire",http://www.bc-immobilier.fr/
887908739,AGENCE BEATRICE VALLEJO,"32 RUE SALVADOR DALI, 11130, Sigean",http://vallejo-immobilier.com/
921880696,Agence Beaufort côté Plage,"11, RUE DE BEAUFORT, 85800, SAINT GILLES CROIX DE VIE",http://www.agencebeaufort.fr/
076150010,AGENCE BECI,"Centre d'affaires CREANOR 2 route de Bergues, 59210, Coudekerque-Branche",http://agence-beci.com/
434565735,AGENCE BEGIP,"22, avenue Georges Dumas, 87000, LIMOGES",https://www.begip.fr/
521394692,AGENCE BELISIMMO,"9 RUE MARECHAL FOCH, 37270, Montlouis-Sur-Loire",http://www.belisimmo.com/
505076984,AGENCE BENOIT,"69 rue du landreau, 44300, Nantes",http://www.agencebenoit.fr/
347830051,AGENCE BENOIT IMMOBILIER,"5 Quai Maubec, 17000, La Rochelle",http://www.benoitimmobilier.com/
572720977,Agence Benquet Biarritz,"4 PLACE CLEMENCEAU, 64200, Biarritz",http://www.agence-benquet.com/
309346104,AGENCE BERTI PRESTIGE,"251 AVE DU 23 AOÛT, 06210, MANDELIEU LA NAPOULE",http://www.berti-and-sons.com/
348738253,AGENCE BFM,"22 RUE VAUGELAS, 74000, Annecy",https://www.agencebfm-immo.com/
908178692,Agence BGL Transactions Immobilières,"50 Avenue du général Bouvet, 83980, Le Lavandou",https://www.bglimmo.fr/
403651235,AGENCE BIRON,"5 rue espariat, 13100, Aix En Provence",http://immobilier-biron.fr/
439034273,AGENCE BITERROISE IMMOBILIERE,"22 PLACE JEAN JAURES, 34500, Béziers",http://www.agencebiterroise.fr/
385352455,AGENCE BLANCOISE,"3 RUE GAMBETTA, 36200, ARGENTON SUR CREUSE",http://www.agenceblancoise.com/
488496084,Agence BLANDINEAU La Montagne,"22 Bis RUE DE LA BRIANDIERE, 44620, La Montagne",http://www.agence-blandineau.com/
388254518,AGENCE BLOSSAC Châtellerault,"75 Boulevard Blossac, 86100, Châtellerault",http://www.agence-blossac.fr/
842685497,Agence BONHOMME IMMOBILIER,"35 AV DU GENERAL DE GAULLE, 33550, LANGOIRAN",https://bonhomme.immo/fr/
490485893,AGENCE BONPRE,"49 BOULEVARD DE LA REPUBLIQUE, 84240, La Tour d'Aigues",http://www.agence-bonpre.com/
086080256,AGENCE BOURGOGNE,"45 RUE DES CARMES, 45000, ORLEANS",http://www.agencebourgogne.fr/
484937107,AGENCE BOURGOGNE IMMOBILIERE,"13 rue Claude Tillier, 58420, Grenois",https://www.abimmobiliere.com/cgi-bin/index.cgi
329681282,AGENCE BOURILLON,"5 B RUE DU MINAGE, 77370, Nangis",http://www.agencebourillon.com/
824090609,AGENCE BRESLES IMMOBILIER,"8 RUE DU PRESIDENT ROOSEVELT, 60510, Bresles",http://bresles.immo.free.fr/
384267118,AGENCE BRETAGNE SUD,"38 RUE ST JAMES, 56130, LA ROCHE BERNARD",http://www.immobilier-abs.com/
811228667,AGENCE BRETIL'IMMO,"21 rue du 70ème régiment d’infanterie, 35500, Vitré",http://www.bretilimmo.com/
529011744,AGENCE BRITULIENNE,"5 PLACE DE VERDUN, 60120, Breteuil",http://www.agencebritulienne.fr/
384307054,Agence Bru et Fils,"10 AVENUE PLANTEY., 33680, Lacanau",http://lacanau.bruimmobilier.fr/
952740421,Agence BRUN IMMO SOLEIL Cagnes-sur-mer,"7 Boulevard J. F. Kennedy, 06800, Cagnes-sur-Mer",https://www.brunimmosoleil.com/
793529132,Agence Bruno Paquet Immobilier,"42 rue de la Marne, 86000, POITIERS",http://www.brunopaquet-immobilier.fr/
790320980,AGENCE BSD,"6 RUE DE LA NUEE BLEUE, 67000, STRASBOURG",http://www.agencebsd.fr/
394928576,AGENCE BôMarché,"14 AVENUE BORRIGLIONE, 06000, Nice",http://www.bomarche.fr/
502357536,Agence C2i Metz,"2 Rue Henry de Ladonchamps, 57140, Woippy",http://www.agence-immobiliere-c2i-metz.fr/
849498225,AGENCE CALVET - LE COMPTOIR DE L'IMMOBILIER,"38 ALLEE PAUL RIQUET, 34500, Béziers",http://www.agence-immobiliere-beziers.com/
534684360,Agence CaP,"2 RUE DE LA GARE, 78490, GALLUIS",http://www.agencecap.fr/
307737544,AGENCE CAP ARCACHON,"255 BD DE LA COTE D ARGENT, 33120, ARCACHON",https://www.agence-cap.com/
915364210,Agence Capitale Couronne Immobilier,"10 rue de Penthièvre, 75008, Paris",http://www.capitalecouronne.fr/
892690165,AGENCE CAPSUD IMMO,"55 ALLEE DE LA REPUBLIQUE, 34410, SERIGNAN",https://www.capsud-immo.com/
808270938,AGENCE CARDINAL,"1 PLACE VICTOR BASCH, 30400, Villeneuve-Lès-Avignon",http://www.cardinal-immonilier.fr/
511822199,AGENCE CARNOT IMMOBILIER,"42 BOULEVARD DES JACOBINS, 35500, Vitré",http://www.carnotimmo.com/
908190127,Agence Caroline Immobilier,"51 RUE DU PERTHUIS BRETON, 85360, La Tranche-sur-Mer",https://www.caroline-immobilier.fr/
808378681,Agence Carré,"Agent immobilier indépendant sans lieu physique de vente, 35390, Grand-Fougeray",http://www.xn--agence-carr-lbb.fr/
831423405,Agence Carré Royal International,"13 bd paul vaillant couturier, 93100, MONTREUIL",https://www.cr-immobilier-montreuil.com/
942025107,AGENCE CASA ROSA,"21 RUE DES CHENES 21 QUINQUIES RUE DES CHENES, 31830 PLAISANCE-DU-TOUCH, 31830, Plaisance-du-Touch",http://www.agencecasarosa.fr/
423073659,AGENCE CATALANE,"1 AVENUE FOCH, 66250, Saint Laurent De La Salanque",http://www.agence-catalane-immobiliere.fr/
852156025,AGENCE CATALANE,"2 RUE PORTE DE FRANCE, 66230, Prats-De-Mollo-La-Preste",http://www.agence-catalane.com/
921914602,Agence CAUX TALOU,"72 Rue Edouard Cannevel, 76510, Saint-Nicolas-d'Aliermont",https://www.agencecauxtalou.com/
309824951,AGENCE CENTRALE,"44 RUE DE LA MARNE BP 397, 86000, Poitiers",https://agence-centrale.fr/
342460649,AGENCE CENTRALE,"10 Place des Fontaines, 89600, Saint-Florentin",http://www.agencecentrale89.com/
498411396,AGENCE CENTRALE DE LUYNES,"7 place des victoires, 37230, Luynes",https://www.monconseil.immo/
347706541,AGENCE CENTRALE DE SEVRAN,"15 Avenue de Livry, 93270, Sevran",http://www.agencecentraledesevran.com/
343082632,AGENCE CENTRALE IMMOBILIER,"33 rue Saint-Denis, 92700, Colombes",https://www.agencecentrale92.com/
791255508,AGENCE CENTRALE IMMOBILIERE,"2 PLACE DES TILLEULS, 17150, Mirambeau",https://www.habitatconseil-immo.fr/fr
801482902,AGENCE CENTRALE IMMOBILIERE,"15 RUE GAMBETTA, 78200, Mantes-La-Jolie",http://www.aci78.fr/
347570988,Agence Centrale Immobilière,"2 Rue Pierre Vaux, 71300, Montceau-Les-Mines",http://www.aci-immo.fr/
568200687,AGENCE CENTRALE MAY,"2 ROUTE DE BONDY ( angle julien mira), 93600, AULNAY SOUS BOIS",http://www.aulnay-immobilier.com/
538906462,Agence Centre d'Aulnay,"26 Avenue du 14 Juillet, 93600, Aulnay-sous-Bois",https://www.aca-immo.fr/
430468033,Agence CERES,"65 rue Cérès, 51100, Reims",https://www.agenceceres.fr/
891605784,AGENCE CG IMMO,"23 rue du Bourgneuf, 71370, Ouroux-sur-Saône",https://www.agencecgimmo.com/
495374803,Agence CGIC,"5 BIS RUE DES JOUERIES, 78100, Saint-Germain-En-Laye",http://www.cgic.fr/
528133499,Agence Charny Immobilier ®,"35 Grande Rue, 89120, Charny Orée de Puisaye",http://www.charny-immobilier.com/
844188342,AGENCE CHARRIER IMMOBILIER,"14 rue Brossays du Perray, 49440, CANDE",http://www.charrierimmobilier.com/
384437315,Agence Chatelet l'immo des 2 frères,"61 AVENUE JEAN JAURES, 01000, Bourg-En-Bresse",http://www.agence-chatelet.fr/
499527737,AGENCE CHRIS IMMO,"16, rue Pierre Franquet, 92140, Clamart",https://www.agencechrisimmo.com/
844406025,Agence CITY BORDEAUX,"35 Cours Evrard de Fayolle, 33000, Bordeaux",https://www.citylimmo.com/
989834866,AGENCE CL IMMOBILIER,"19 Allée des Acacias, 22240, Fréhel",https://www.agenceclimmobilier.com/
829176106,AGENCE CLARET,"6 RUE DES ARQUEBUSIERS, 75003, Paris",https://agenceclaret.com/fr/
794107599,Agence Coeur Habitat,"14 Chemin de Choisille, 37390, CHANCEAUX SUR CHOISILLE",http://www.coeur-habitat.fr/
493481600,AGENCE COMBRONDE,"42 TER BOULEVARD DESAIX, 63200, Riom",http://www.monagencefamiliale.com/
815404652,AGENCE COSI,"130 Avenue Pierre Brossolette, 10000, Troyes",http://www.immobiliertroyes.com/
401690383,AGENCE COTE D ARGENT,"3 RUE DU HELDER, 64200, BIARRITZ",http://www.immobilier-biarritz-argent.com/
350561056,AGENCE COTE D'OPALE,"34 36 avenue Saint Jean, 62520, Le Touquet-Paris-Plage",https://www.agence-cotedopale.com/
788476828,AGENCE COUDARD,"8 RUE MEYNADIER, 63240, LE MONT DORE",https://www.agencecoudard.fr/
524085693,AGENCE COULLAUD,"26 rue Victor Hugo, 33260, La Teste-de-Buch",http://www.agencecoullaud.fr/
938531027,Agence COURTIN Immobilier,"Route de Clemencey, 71330, Frangy-en-Bresse",http://www.courtinimmobilier.fr/
752479865,Agence Couturier de l'immobilier,"Residence le Majeur II, 41 Quai Dr Scheyd, 34200, Sète",http://www.agence-7.com/
818530560,Agence Craponne En Arzon,"4 boulevard du Nord, 43500, CRAPONNE SUR ARZON",https://www.dohm.fr/
532352986,Agence creff immobilier dans le finistère sud,"15 rue de Quillien, 29360, Clohars-Carnoët",https://www.creff-immobilier.com/
391003688,AGENCE CREIL IMMO,"12 rue des frères Pereaux, 60180, Nogent-sur-Oise",http://www.creilimmo.fr/
328539309,AGENCE CREUSOISE,"6 PLACE JEAN LURCAT, 23200, Aubusson",http://www.agencecreusoise.com/
970200218,AGENCE CROUSSE-FAIRWEATHER,"100, avenue de la République, 91230, MONTGERON",http://www.agence-crousse.fr/
389251117,AGENCE CV IMMOBILIER - NICOLAS VAYRAC - LOUVIERS,"27 RUE GENERAL DE GAULLE, 27400, Louviers",http://cvimmobilier.fr/
510136708,Agence Cévenole Immobilier,"2, rue de la Poste, 43400, Le Chambon sur Lignon",https://www.agencecevenole.com/
912559184,Agence Côté Luberon Immobilier,"53 Cours Bournissac, 84300, Cavaillon",http://www.cote-luberon.fr/
917974719,AGENCE D EXPERTS,"3 avenue de Montrapon, 25000, Besançon",http://www.agencedexperts.fr/
334147014,AGENCE D'IVRY,"71 RUE HENRI IV, 27540, IVRY LA BATAILLE",http://www.immobilier-agence-ivry.fr/
438258246,AGENCE DAGON IMMOBILIER,"8 Grand Rue, 68390, Sausheim",https://www.dagon-immobilier.com/
440961043,AGENCE DAMELY IMMOBILIER,"18 Pl. des Pradettes, 31100, TOULOUSE",https://www.damely-immobilier.fr/fr/
841877335,AGENCE DARCY,"10 AVENUE DE LA PREMIERE ARMEE FRANCAISE, 21000, Dijon",http://www.agencedarcy.fr/
847718608,AGENCE DAVID DA FONSECA IMMOBILIER,"23 RUE DE LA PAROISSE, 77300, Fontainebleau",https://dafonsecaimmobilier.com/
902949056,AGENCE DE BOMPAS,"2 AVENUE PASTEUR, 66430, Bompas",http://agencedebompas.fr/
522081744,Agence de Boufflers,"259 AVENUE DE BOUFFLERS, 54000, Nancy",http://www.agencedeboufflers.fr/
437820368,AGENCE DE CARNAC,"47 AVENUE DES DRUIDES, 56340, Carnac",http://www.lebec-carnac.com/
315919209,AGENCE DE CHAMPAGNE,"45 PL REMY PETIT, 51210, MONTMIRAIL",https://www.immobiliere-champenoise.com/
493351795,AGENCE DE CROIX ZOLA IMMOBILIER,"113 BIS BOULEVARD EMILE ZOLA, 59170, Croix",http://www.agence-de-croix.com/
921620415,AGENCE DE CUERS,"5 AVENUE MARECHAL FOCH, 83390, Cuers",https://www.agencedecuers.com/
920746443,AGENCE DE GONESSE,"56, rue de Paris, 95500, GONESSE",http://www.agencedegonesse.com/
413555525,AGENCE DE L EUROPE,"15 place de l'Europe, 29880, PLOUGUERNEAU",http://www.agencedeleurope.com/
916420268,AGENCE DE L ILL,"111 route de Strasbourg, 67600, Sélestat",http://www.agence-ill.com/
398786582,AGENCE DE L OCEAN Saint-Molf,"21 rue Duchesse Anne, 44350, Saint Molf",http://www.saintmolf-immobilier.fr/
805139706,Agence de l'Abbaye,"48 RUE MARCELLIN BERTHELOT, 17100, SAINTES",http://agencedelabbaye.net/
351304258,AGENCE DE L'AVENUE,"7 BIS AVENUE GARIBALDI, 83500, La Seyne-Sur-Mer",http://www.agenceavenue.com/
472203959,AGENCE DE L'ESTEREL,"21 ter Rte de Bordeaux, 33950, Lège-Cap-Ferret",http://www.agencedelesterel.com/
878163971,AGENCE DE L'HORIZON,"7 RUE DU XIV JUILLET, 33740, Arès",http://www.agencedelhorizon.com/
410359681,AGENCE DE L'OCEAN,"38 R DU CALVAIRE, 56760, Pénestin",http://www.ocean-immobilier.com/
477604094,AGENCE DE L'OCRE,"18 PLACE DU JEU DE PAUME, 28320, Gallardon",http://www.agencedelocre.fr/
522970557,AGENCE DE L'ODET Fouesnant,"30 rue de l'odet, 29170, Fouesnant",http://www.agencedelodet.com/
480038462,Agence de l'Étang Immobilier,"17 Avenue Paul Langevin, 13130, BERRE L’ETANG",http://www.agencedeletang.fr/
487583353,Agence de l'étoile,"1113 BD LABRASSE, 62780, STELLA PLAGE",http://www.agencedeletoile.fr/
531824779,AGENCE DE LA BAIE,"27 RUE GEORGES CLEMENCEAU, 44760, La Bernerie-en-Retz",http://www.cote-immobilier.com/
799299425,AGENCE DE LA BAIE,"5, Place de la Baie, 29940, La Forêt-Fouesnant",https://agencedelabaie.fr/fr/
834720120,Agence de la Basilique,"10 avenue albert 1er, 83470, Saint-Maximin-la-Sainte-Baume",https://www.immobilier-saint-maximin.com/
417875051,AGENCE DE LA BASSEE,"8 PLACE SAINT AYOUL, 77160, PROVINS",http://www.agencedelabassee.com/
444557045,AGENCE DE LA BOULE D'OR,"14 RUE DE LA BOULE D'OR, 10100, ROMILLY SUR SEINE",http://www.agencebouledor.com/
423612423,AGENCE DE LA COMEDIE,"8 PLACE DE LA COMEDIE, 34000, Montpellier",https://www.agencecomedie.fr/
839911252,AGENCE DE LA COSTIERE,"275, rue de la République, 30600, Vauvert",https://www.agencecostiere.com/
809255524,AGENCE DE LA COTE,"3, place Louis martial Laporterie quartier La Loubière, 83000, TOULON",http://www.ag-delacote.fr/
890404783,Agence de la cote d'opale,"202 avenue de la Forêt, 62360, La Capelle-lès-Boulogne",https://agencecotedopale.fr/
394643043,AGENCE DE LA COTE VERMEILLE,"33 AVENUE DU GRAU, 66700, Argelès-sur-Mer",http://www.immobilier-66.fr/
978770105,AGENCE DE LA DIVES,"6 rue du marche, 14170, Saint-Pierre-en-Auge",https://www.agencedeladives.com/fr
893556035,AGENCE DE LA DURDENT,"20 Rue du Général de Gaulle, 76450, Cany-Barville",http://www.agencedeladurdent.fr/
380918821,AGENCE DE LA GARE,"3, Avenue Charles de Gaulle, 95380, Louvres",https://www.agencegare.immo/
519294763,AGENCE DE LA GARE,"102 RUE JEANNE D'ARC, 76000, ROUEN",http://www.gare-immobilier.com/
538517392,AGENCE DE LA GARE,"16 BIS RUE JEAN JAURES, 51120, Sézanne",http://www.immodelagare.com/
808614978,AGENCE DE LA GARE,"8 Rue de la gare, 91800, Brunoy",http://www.agencedelagare-brunoy.com/
814241170,AGENCE DE LA GARE,"7 rue de la république, 77260, La Ferté-sous-Jouarre",https://agencedelagare-lafertesousjouarre.fr/
907949028,AGENCE DE LA GAUDRÉE,"15 rue de la gaudrée, 91410, Dourdan",https://www.agencegaudree.com/
314451477,AGENCE DE LA HALLE,"2 rue du Pontcel, 95270, Luzarches",https://www.agence-halle.fr/
487473175,AGENCE DE LA JULINE,"7 RUE DE PARIS, 78550, Houdan",http://www.immobilier-de-la-juline.fr/
422007989,Agence de la Lanterne,"83 rue de la republique, 17310, Saint-Pierre-d'Oléron",https://www.agencedelalanterne.fr/
804677284,AGENCE DE LA MADELEINE,"16 RUE DU GENERAL DE GAULLE, 59110, LA MADELEINE",https://www.agencedelamadeleine.com/
414774075,AGENCE DE LA MAIRIE,"3 AVENUE CHARLES DE GAULE, 91630, Marolles-En-Hurepoix",http://www.agencesdelamairie.fr/
442163630,AGENCE DE LA MAIRIE,"36 rue Bapst, 92600, Asnières-Sur-Seine",http://www.agdelamairie.fr/
451999981,AGENCE DE LA MAIRIE,"210 BOULEVARD HENRI BARBUSSE, 91210, DRAVEIL",http://www.agence-delamairie.fr/
432002897,AGENCE DE LA MAISON ROUGE,"26 Rue Levavasseur, 35800, Dinard",http://www.maison-rouge.fr/
425123411,AGENCE DE LA MER,"79 BD DE LA LIBERATION, 83600, FREJUS",http://www.agencedelamerfrejus.fr/
532450160,AGENCE DE LA MER - IMMOBILIER,"Place Des Félibres 25 rue Frédéric Mistral, 34280, La Grande-Motte",http://www.agencedelamer-lagrandemotte.com/
912040094,Agence de la Passerelle Lille Marcq-en-Baroeul,"63 Rue Raymond Derain,, 59700, Marcq-en-Baroeul",https://www.passerelle.immo/
312493745,AGENCE DE LA PLACE,"10 place du marché, 91490, Milly-la-Forêt",https://www.agencedelaplace.net/index.php
486380124,AGENCE DE LA PLAGE,"31 ESPLANADE DE LA MER, 85160, Saint-Jean-De-Monts",https://www.otim.fr/
086180643,AGENCE DE LA POSTE,"19 rue Royale, 45000, ORLEANS",http://www.agencedelaposte.fr/
422717298,AGENCE DE LA POSTE,"65, avenue de Boutiny "" Les Bastides de la Bléjarde "", 06530, PEYMEINADE",http://agence-delaposte.com/
801092883,AGENCE DE LA PRESQU'ILE SEVELLEC IMMOBILIER,"48 BOULEVARD DE LA FRANCE LIBRE, 29160, Crozon",https://www.agencedelapresquile.com/
533099537,AGENCE DE LA SALAMANDRE,"26 PLACE DU DOCTEUR MOUFLIER, 02600, Villers-Cotterêts",http://www.salamandre-immobilier.fr/?debut_articles_recents=6#pagination_articles_recents
408072676,AGENCE DE LA SCIE,"21 Rue Victor Hugo,, 76720, Auffay",http://www.agencedelascie.fr/
499389930,AGENCE DE LA VALLEE,"5 RUE PIERRE PILON, 95690, Nesles-La-Vallée",http://www.immovallee.com/
813443827,AGENCE DE LA VALLEE,"22 La Vallée Berrier, 27930, La Chapelle-du-Bois-des-Faulx",https://www.agence2lavallee.fr/fr/
310082870,AGENCE DE LOCMARIA,"3 RUE DU 19 MARS 1962, 29000, Quimper",http://www.agence-de-locmaria.com/
305255671,AGENCE DE L’ANJOU,"9, rue du haras, 49100, Angers",http://www.agencedelanjou.fr/
843145681,AGENCE DE PROMOTION IMMOBILIÈRE,"29 rue des 3 Barbeaux, 60200, Compiègne",https://api-compiegne.com/
415851112,AGENCE DE PROVENCE,"6 PLACE DE LA FOUX, 06130, Grasse",http://www.agencedeprovence.com/
438560328,Agence de Sarzeau,"4 PLACE RICHEMONT, 56370, SARZEAU",http://www.aid-immobilier.com/
791875032,AGENCE DE VALCROS,"ROND POINT DE VALCROS DOMAINE DE - DOM VALCROS, 83250, LA LONDE LES MAURES",http://www.domaine-de-valcros.com/
418998720,Agence DE VALLIERE de NANTERRE CENTRE,"2 RUE DU MARCHE, 92000, Nanterre",http://www.agencedevalliere.com/
532297926,AGENCE DE VILLEPREUX,"26 AVENUE DE TOURAINE, 78450, Villepreux",https://www.agence-de-villepreux.fr/
344585104,AGENCE DE VOISIN LE BRETONNEUX,"2 Place de la Division Leclerc, 78960, Voisins-Le-Bretonneux",http://www.gimcovermeille.com/
903940856,AGENCE DEFOUILHOUX,"24 Boulevard de l'Industrie, 42170, Saint-Just-Saint-Rambert",https://www.agence-defouilhoux.fr/
842841926,AGENCE DEHAIS,"34 BIS RUE JOSEPHINE BP 262, 27000, Évreux",http://www.immobilier-location-evreux.fr/
849955497,Agence Deleu Immobilier Wambrechies,"5 rue g Leclerc, 59118, Wambrechies",http://www.deleuimmobilier.com/
394661797,Agence Delphine Teillaud Location,"56 Avenue de la Chartreuse, 38240, Meylan",http://www.delphine-teillaud.com/
511679789,Agence DELTOUR IMMOBILIER,"4 Bis Pl. du Général de Gaulle, 77515, Faremoutiers",https://www.deltour-immobilier.fr/
854028065,AGENCE DES 3 PICS,"4 Avenue Aristide Berges, 09200, Saint-Girons",https://www.agencedes3pics.fr/
411761513,AGENCE DES 3 PINS,"2 avenue Léon Blum, 83390, Pierrefeu-Du-Var",http://www.immobilier-pierrefeu.com/
316157338,AGENCE DES 4 SERGENTS,"2 rue Verdiere17000 La Rochelle, 17000, La Rochelle",http://www.agence4sergents.net/
495232068,AGENCE DES ALLEES LACANAU & CARCANS MAUBUISSON,"2 Route de l'Atlantique, 33680, Lacanau",https://www.agencedesallees.com/
751861683,Agence des Arcades,"28 place Maucaillou - Centre Commercial SUPER U, 33450, Saint-Sulpice-et-Cameyrac",http://www.arcades-immo.fr/
791259930,Agence Des Arènes,"52 avenue Edouard Castera, 40700, HAGETMAU",http://www.agenceimmobilieredesarenes.com/
853264992,AGENCE DES ATELIERS,"PLACE DE LA REVOLUTION, 13200, Arles",http://www.arles.immo/
884625716,AGENCE DES BAINS,"2 AVENUE CHARLES DE GAULLE, 73100, Aix-les-Bains",http://www.agence-des-bains.com/
445168404,AGENCE DES BAOUS,"216 ROUTE DE ST JEANNET, 06610, La Gaude",http://www.agencedesbaous.com/
453423170,AGENCE DES BASTIDES,"275 chemin de Soutane, 40320, Samadet",http://www.adb-immo.com/
929002467,Agence des Bastides,"8 rue jules Ferry, 33500, Libourne",https://www.agencedesbastides.fr/fr
482733193,Agence des bords de seine,"137 rue du Docteur Vinaver, 78520, Limay",http://www.abs-immo.fr/
479985814,AGENCE DES CLAYES,"1 TER RUE MAURICE JOUET, 78340, Les Clayes-sous-Bois",http://www.agence-des-clayes.fr/
437651839,Agence des deux mers,"15 Pl. de la Duchesse Anne, 56170, Quiberon",https://www.agencedes2mers.com/
397824962,Agence des Druides,"61 Av. des Druides, 56340, Carnac",https://www.agence-des-druides.fr/
424355360,AGENCE DES DUCS,"36 BOULEVARD DE LA MARNE, 21000, Dijon",http://www.agencedesducs.com/
522451830,Agence des Fleurs,"3 Rue du Général Leclerc, 76500, Elbeuf",http://www.agencedesfleurs.com/
848219531,Agence des Flots,"1 Rue de Verdun, 44210, Pornic",https://www.agencedesflots.com/
882895881,Agence des Forges Immobilier - Agence de Vallet,"16, Rue des Forges, 44330, Vallet",https://www.agencedesforges.fr/
909507741,AGENCE DES GAVES,"11 Rue SAINT GERMAIN, 64190, Navarrenx",https://www.agencedesgaves.com/
531296267,AGENCE DES HALLES,"25 Place du Marché, 86160, Gençay",https://agencedeshalles86.fr/fr/
879620433,Agence des hautes vallées,"Route de Saint-Girons, 09140, Oust",http://agencedeshautesvallees.fr/
332909191,AGENCE DES JALLES,"53 Avenue Montesquieu, 33160, Saint-Médard-en-Jalles",https://www.bruimmobilier.fr/
884482092,AGENCE DES LACS,"44 rue de l'Ecole Militaire, 10500, BRIENNE LE CHATEAU",http://www.agence-des-lacs.com/
948452917,AGENCE DES LACS,"2 Route D’Arengosse, 40110, Morcenx-la-Nouvelle",https://www.agencedeslacs.com/
403446503,Agence des Lices,"1 Pl. du Bas des Lices, 35000, Rennes",https://www.agencedeslices.fr/
918318916,Agence des Lices,"3, rue Général Debeney, 01000, Bourg-en-Bresse",https://www.agencedeslices.immo/
444822712,AGENCE DES MILLE ETANGS,"7 Place de la Libération, 36300, LE BLANC",http://www.agencedesmilleetangs.com/
813830080,Agence des Ocres Roussillon,"68 rue des Bourgades, 84220, Roussillon",http://www.agence-des-ocres.com/fr/
383344611,AGENCE DES PARCS,"boulevard clémenceau, 59510, Hem",http://www.agence-des-parcs.fr/
820390656,Agence des pentes,"1 Rue du Griffon, 69001, Lyon",https://www.agencedespentes.fr/
393717566,AGENCE DES PINS,"181 AV DE LA FORET, 85270, Saint-Hilaire-De-Riez",http://agence-des-pins.com/
907545636,Agence des Plages - Meschers Sur Gironde,"84 rue Paul Massy, 17132, Meschers-sur-Gironde",https://agencedesplages.immo/fr/
424832855,Agence Des Présidents Centre,"7 AVENUE GEORGES POMPIDOU, 85100, LES SABLES D'OLONNE",http://www.agence-des-presidents.com/
349274381,AGENCE DES REMPARTS,"13, cours Massena, 06600, Antibes",https://www.agencedesremparts.com/
799418256,Agence des sablons,"56 avenue des Pages, 78110, Le Vésinet",https://www.agencedessablons.com/
481335339,AGENCE DES SACRES - Immobilier,"53, rue Cérès, 51100, Reims",http://www.agence-des-sacres.com/
507589687,AGENCE DES SOURCES,"Varages et Bras, 83670, Varages Et Bras",http://www.agencedessources.fr/fr/
929942688,AGENCE DES TANNEURS,"25 rue du parlement, 39100, Dole",http://agencedestanneurs.fr/
444684336,Agence Des Trois Provinces Immobiler,"15 RUE DES JARDINS, 85600, Montaigu-Vendée",http://www.atpimmobilier.fr/
430376202,AGENCE DES TROIS RIVIERES,"15 rue François Fertiault, 71350, Verdun-Ciel",https://www.ag3r.fr/
349361543,Agence Desbenoit,"6, rue Alexandre Bérard, 01500, AMBERIEU EN BUGEY",http://www.imogroup-amberieu.com/
798377016,Agence Devier Immobilier - Montpellier,"1 RUE DU CLOS RENE, 34000, Montpellier",http://www.devier-immobilier.com/
523270882,AGENCE DILO89 IMMOBILIER,"7 Place Dilo, 86600, SAINT-FLORENTIN",https://www.agencedilo.fr/
451188866,AGENCE DOM-IMMO,"2 place du Docteur Roclore, 21210, SAULIEU",http://www.dom-immo.fr/
889548293,AGENCE DONIBANE ANGLET,"12 ALLEE DU CADRAN, 64600, Anglet",http://www.agence-donibane.com/
480700053,Agence Dordogne Vallée,"27 AV PASTEUR, 19400, Argentat-sur-Dordogne",https://www.dordognevallee.com/
928736222,Agence Doyon Immobilier,"14 RUE JULES TREFOUSSE, 52000, Chaumont",https://www.doyon-immobilier.fr/fr
852030295,AGENCE DRACENOISE,"18 BOULEVARD CLEMENCEAU, 83300, Draguignan",http://agencedracenoise.com/
315907923,Agence Draguimmo immobilier,"11, Allées d’Azémar, 83300, Draguignan",http://www.gnimmo.com/
980959696,Agence du Banville,"111 Route de Lyon, 03000, Moulins",http://www.agencedubanville.fr/
340781244,AGENCE DU BEAUFORTAIN,"CHEF LIEU - ARECHES, 73270, BEAUFORT SUR DORON",http://www.immobilier-beaufortain.com/
509332136,AGENCE DU BELVEDERE,"2 PLACE DE LA FORGE, 95320, Saint-Leu-La-Forêt",http://www.stleu-belvedere.com/
392535720,AGENCE DU BOURG,"PLACE DU 4 SEPTEMBRE, 83640, ST ZACHARIE",http://www.immobilier-dubourg.com/
818909046,AGENCE DU CANAL,"1 AVENUE DU MINERVOIS, 11700, La Redorte",http://www.canalimmo11.com/
323362699,Agence du Cardinal,"9 R ANDRE LE BOURBLANC, 78590, Noisy-Le-Roi",http://www.agenceducardinal.fr/fr/
534753454,AGENCE DU CASINO GESTION,"AGENCE DU CASINO GESTION, 12 boulevard Maréchal Foch, 34250, PALAVAS-LES-FLOTS",http://www.bancelimmobilier.com/
398896084,AGENCE DU CENTRE,"21 PLACE DE L EGLISE, 62480, Le Portel",http://www.agenceducentre62.com/
403717259,AGENCE DU CENTRE,"45 RUE ALEXANDRE LEGROS, 76400, Fécamp",http://www.agenceducentre.net/
494471816,AGENCE DU CENTRE,"8 av du général de Gaulle 78600 Maisons-Laffitte, 78600, Maisons-Laffitte",http://www.agence-centre.fr/
512902305,AGENCE DU CENTRE,"61 rue des Jacobins, 80000, Amiens",http://www.agenceducentre.fr/
812363943,AGENCE DU CENTRE,"8 RUE DE PARIS, 77220, Tournan-en-Brie",http://www.agence-immobiliere-ducentre-tournan.fr/
419316898,AGENCE DU CENTRE IMMOBILIER,"56 rue du Général de Gaulle, 78120, RAMBOUILLET",http://www.adcrambouillet.com/
404742496,AGENCE DU CHATEAU,"4 RUE DE LA COLLEGIALE, 44190, CLISSON",http://www.agenceduchateau-clisson.fr/offres.htm
429069107,AGENCE DU CHATEAU,"1 AVENUE DE BETUNE, 45600, Sully-Sur-Loire",http://www.agenceduchateau.fr/
447499716,AGENCE DU CHATEAU,"20 RUE DU COMMERCE, 71800, LA CAYETTE",http://www.agenceduchateau.com/
848008884,AGENCE DU CHATEAU,"40 RUE ROBERT COUSIN, 77176, Nandy",https://agenceduchateau77.fr/fr/
898326616,AGENCE DU CHATEAU,"45 RUE MARCEL LEFEVRE, 27700, Les Andelys",https://www.agence-chateau.immo/
384748810,AGENCE DU CHATEAU COMPIEGNE,"3 Impasse Laly, angle Rue des Minimes, 60200, Compiègne",http://www.ag-chateau-compiegne.com/
447765793,AGENCE DU CHATEAU GIF SUR YVETTE,"15 Pl. du Marché Neuf, 91190, Gif-sur-Yvette",http://www.agenceduchateaugif.fr/
821817236,AGENCE DU CHAUDRON,"1 rue du chaudron, 44210, Pornic",https://www.votreatoutimmobilier.fr/
421761438,Agence Du Château,"120 AVENUE DE LA RESISTANCE, 93340, LE RAINCY",https://www.agenceduchateau-leraincy.fr/
928900109,AGENCE DU CHÂTEAU,"10 rue Marceau, 49100, ANGERS",http://www.agence-du-chateau.fr/
951482124,Agence du Château,"4 rue Robert Saintigny, 31120, Portet-sur-Garonne",https://www.agencechateauportet.fr/
798023875,AGENCE DU COIN GM,"1 RUE CARNOT, 83490, Le Muy",https://www.agenceducoin83.com/
311521728,AGENCE DU COLOMBIER,"20 rue du Plélo, 35000, Rennes",http://www.agenceducolombier.com/
982170540,AGENCE DU COMMERCE,"1 Avenue de Verdun, 06500, Menton",https://agencecommerce.fr/
499345049,AGENCE DU COURREAU,"51 RUE DU FBG DU COURREAU, 34000, Montpellier",http://www.agenceducourreau.fr/
752874107,AGENCE DU DAUPHIN,"55 Avenue General De Gaulle, 44380, Pornichet",http://www.agencedudauphin.com/
434742110,AGENCE DU DONJON,"2 rue Estouteville, 50260, Bricquebec-en-Cotentin",https://www.agencedudonjon.com/annonces-immobilieres.php
801491309,AGENCE DU DONJON,"32 RUE EMILE COMBE, 17800, PONS",http://www.agencedudonjon.immo/
517853255,Agence du Fort Carré,"3 rue Vauban, 06600, Antibes",https://agencedufortcarre.com/
392521894,AGENCE DU GABIER,"6, port de la Gavine - Résidence La Gavine - 83400 HYERES PORT, 83400, Hyères",http://www.gabier-immobilier.com/
304218084,AGENCE DU GIFFRE,"15 AVENUE GIFFRE, 74340, Samoëns",http://www.agence-du-giffre.com/
912245776,AGENCE DU GLACIER 3600,"39 avenue de la Muzelle, résidence le Waala, 38860, LES DEUX ALPES",https://www.agenceduglacier3600.com/
438286023,AGENCE DU GOLFE,"277 avenue de bourgogne, 13600, La Ciotat",https://www.agencedugolfe.com/
328668140,AGENCE DU GRAND MONT,"199 Avenue des JO Les Saisies, 73620, Hauteluce",http://www.grand-mont.com/
391809043,AGENCE DU LEVANT,"13 BIS QUAI MARECHAL DE LATTRE DE TASSIGNY, 34200, Sète",http://www.agencedulevant.fr/
525091278,AGENCE DU LION,"10 AVENUE DE LA GARE, 95250, Beauchamp",http://www.agencedulion-95.com/
815389101,AGENCE DU LION,"81 RUE SAINT THIBAULT, 28100, Dreux",http://www.agence-du-lion.fr/
383184249,AGENCE DU LITTORAL,"151 BOULEVARD DE LA REPUBLIQUE, 33510, Andernos-Les-Bains",http://www.agencedulittoral.com/
488168022,AGENCE DU LITTORAL,"119 BOULEVARD SADI CARNOT, 06110, Le Cannet",https://www.agencedulittoral5.com/
834186355,AGENCE DU LITTORAL,"23 ESPLANADE DE LA MER BP405, 85164, SAINT JEAN DE MONT CEDEX",https://www.agencedulittoral85.com/
913728937,Agence du Littoral,"6 rue de la république, 17110, Saint-Georges-de-Didonne",http://www.agencedulittoral-immobilier.fr/
909572356,Agence du Louron,"1 Place des Badalans, 65510, Loudenvielle",https://www.agencedulouron.fr/
380692426,AGENCE DU LYS,"197 BIS GRANDE AVENUE, 60260, Lamorlaye",https://www.agencedulys.com/
320565286,AGENCE DU MARCHE,"20 boulevard de Turenne, 77260, La Ferté Sous Jouarre",http://www.admimmo.com/
404872202,AGENCE DU MARCHE,"38 avenue Charles de Gaulle, 17300, ROCHEFORT",http://www.agence-dumarche.com/
397804055,AGENCE DU MATZ,"96 PLACE DU BAIL, 60490, Ressons-Sur-Matz",http://www.agence-du-matz.com/
324273721,AGENCE DU MERCANTOUR,"35 Allée de Verdun, 06450, Saint-Martin-Vésubie",https://www.mercantour-vesubie.com/
351516471,AGENCE DU MIDI,"1 AV THIERS, 06130, GRASSE",http://www.agencedumidi-grasse.com/
454070814,AGENCE DU MONTOIS,"3 PLACE DU MARCHE, 77520, Donnemarie-Dontilly",http://www.agence-du-montois.fr/
382739613,AGENCE DU PALAIS,"6 rue Adoue, 64000, Pau",https://www.agence-du-palais-pau.fr/
488223447,AGENCE DU PALAIS,"5 PLACE DES CAPUCINS, 32110, NOGARO",https://agencedupalaisgers.fr/
310146410,Agence du Palais Le Havre,"15 Place de l'Hotel de ville, 76600, Le Havre",https://www.agencedupalais.com/
390253516,AGENCE DU PANIER,"16 rue du Panier, 13002, Marseille",https://www.agence-du-panier.fr/annonces
343077582,AGENCE DU PARC,"4 Avenue de la Rèpublique, 05100, Briançon",http://www.agence-du-parc.com/
502598071,AGENCE DU PARC,"3 rue Paul Cézanne, 74000, Annecy",http://www.agence-du-parc-annecy.com/
749866067,AGENCE DU PARC,"114 AVENUE DE ROYAT, 63400, Chamalières",http://www.agenceduparc.net/
901869560,AGENCE DU PARC,"4 Rue du Crochet, 61320, Carrouges",https://www.agenceduparc-carrouges.fr/
965200041,AGENCE DU PARC,"4 Pl. du Marché, 91590, La Ferté-Alais",https://agenceduparc91.fr/
878954395,Agence du Parc - Antibes,"990 boulevard guillaume Apollinaire place Charles cros les semboules, 06600, Antibes",http://www.parcimmo.com/
937989184,Agence du parc Caudebec en Caux,"3 RUE GUILLAUME LETELLIER, 76490, Caudebec-en-Caux",http://www.agenceduparc-immo.fr/
391676459,Agence du Pavillon,"2, rue du Puisard, 92230, Gennevilliers",https://www.agencedupavillon.immo/
479835365,Agence du Pays,"10 grande rue, 89120, CHARNY",http://www.agencedupays.fr/
394373641,AGENCE DU PERIGORD,"1 voie de la Valée, 24220, Saint Cyprien",https://www.agence-du-perigord.com/
819606419,AGENCE DU PORT,"rue des deux Flambards, Port Guillaume, 14160, Dives-Sur-Mer",http://www.agence-du-port-dives.com/
949237382,Agence du port by OBM consulting,"6 Boulevard Victor Hugo, 83150, Bandol",https://www.obmconsult.com/
410252290,Agence du Quai - Mangin immobilier,"21bis Quai de Londres, 55100, VERDUN",http://www.agenceduquai-immobilier.fr/
422167379,AGENCE DU ROANNAIS,"34 rue emile noirot, 42300, Roanne",http://www.agenceduroannais.com/
752818013,AGENCE DU STEIR,"3 passage du Penker - Place de la mairie, 29170, Fouesnant",http://www.agencedusteir.fr/
447488826,Agence du Sud,"*****, 13112, La Destrousse",http://www.agencedusud.fr/
417576782,AGENCE DU TERROIR,"34 Place du marché, 41170, MONDOUBLEAU",http://www.agenceduterroir.com/
319100707,AGENCE DU THEATRE,"41 RUE DES JACOBINS, 14000, Caen",http://www.agence-du-theatre.com/
879271310,Agence du Théâtre,"3 BIS RUE JULES GREVY, 39380, Mont-sous-Vaudrey",https://www.agence-theatre.fr/
911772150,Agence du val d'or,"6 BOULEVARD LOUIS LOUCHEUR, 92150, Suresnes",http://www.agvaldor.com/
324274927,AGENCE DU VALASSE,"61 RUE MARECHAL FOCH, 76210, Gruchet-Le-Valasse",http://www.agenceduvalasse.fr/
383038528,AGENCE DU VIEUX MARCHE,"29 quai du Havre, 76000, Rouen",http://www.agenceduvieuxmarche.fr/
511559650,Agence du Vieux Port,"16 Quai Leray, 44210, Pornic",https://www.agence-duvieuxport.fr/
803405497,AGENCE DU VIGNOBLE,"14 place de l'Eglise, 44115, HAUTE GOULAINE",http://www.agenceduvignoble.com/
537750168,Agence du Village,"9, rue du four, 06550, La Roquette-sur-Siagne",https://agenceduvillagelaroquette.com/fr/
915106223,Agence Ducal Immobilier,"3 Quai des mariniers, 58000, Nevers",https://www.ducalimmobilier.com/
408636835,Agence Duhamel,"81-83 RUE THIERS, 62200, Boulogne-Sur-Mer",http://www.duhamel-immobilier.fr/
431780410,AGENCE DUMAS IMMOBILIER,"1 A RUE DE LA POSTE, 71600, Paray-le-Monial",http://www.adi71.com/
450811005,AGENCE DURET,"61 rue Georges Clemenceau, 85600, Montaigu",http://www.agences-duret.fr/
921415675,Agence DVENTURA IMMOBILIER,"4 AVENUE PAUL TISSANDIER, 64000, Pau",https://agence-dventura-immobilier.com/
527594402,Agence Easy Menton,"EASY, 5 Av. Edouard VII, 06500 Menton, 06500, MENTON",http://www.easy-menton.fr/
387450802,Agence Eclats Montévrain,"28 RUE MAUREGARD, 77144, MONTEVRAIN",https://www.agence-eclats.com/
798662888,AGENCE ECLORE,"5 Rue Cremeau, 79000, Niort",http://www.agence-eclore.com/
993678960,AGENCE ECUME & CIME,"11 Allée Roger Touton, 33120, Arcachon",https://www.agence-ecumecime.com/
394243729,Agence EGIDE IMMOBILIER,,http://www.egidimmo.fr/
800422255,Agence Eleonor Bergerac,"19, rue du Colonel de Chadois, 24100, Bergerac",https://www.agence-eleonor.fr/fr
480304195,AGENCE ELMOSNINO,"82/84 RUE DE BERNIERES, 14000, Caen",http://www.agence-elmosnino.com/
990023152,AGENCE ELUSATE,"-------, 32800, EAUZE",http://www.agence-elusate.com/
332480128,AGENCE EMERAUDE,"15 FACADE DE FONCILLON, 17200, ROYAN",https://www.agence-emeraude.fr/
414239509,Agence Emeraude du Grau d'Agde,"8 Bd Front de Mer, 34300, Agde",http://www.agde-immobilier.com/
490095247,Agence Epoque Gestion,"143 Bis Grande Rue, 93250, Villemomble",http://www.anthonys-immobilier.com/
453910465,Agence Escarénoise,"18 PLACE CARNOT, 06440, L' Escarène",http://www.agence-escarenoise.com/
343107884,AGENCE ESCUDERO,"74 AVENUE DE FRONTON, 31200, TOULOUSE",https://www.agence-escudero.com/
539544114,AGENCE ESNAULT IMMOBILIERE,"4 RUE DU GENERAL DE GAULLE, 61300, L' Aigle",http://www.agence-esnault-immo.fr/
347677866,AGENCE ESPADON,"AV DES COMTES DE MELGUEIL, 34130, Mauguio",https://www.espadon-immo.com/
894017862,Agence Estia Immobilier Nancy,"38 place de la Carrière, 54000, Nancy",https://www.immo-estia.fr/
054804166,Agence Etoile,"19 rue des Cordeliers, 13100, Aix-En-Provence",https://www.agence-etoile.fr/
420424129,Agence Eureka,"112 avenue Jean Chaubet, 31500, Toulouse",http://www.agence-eureka.fr/
424110823,AGENCE EURIM,"7 rue du Canard, 31000, Toulouse",http://www.eurim-toulouse.com/fr/
351970017,Agence Euro Gestion,"16 Quai de la République, 17100, Saintes",https://www.location-saintes.com/
934489071,Agence Euro Immobilier,"24 Rue Fondespan, 33430, BAZAS",http://www.euroimmobilier33.com/
519487748,AGENCE EUROPEENNE,"8 av francis lagardère, 65100, LOURDES",http://www.agenceeuropeenne.com/
853279461,Agence Evora immobilier,"13 Pl. d'Armes, 57000, Metz",https://www.evoraimmobilier.fr/
891549412,AGENCE EXPERT IMMOBILIER,"5 Rue Sainte Croix, 91150, Etampes",http://www.agence-expertimmobilier.com/
808665657,Agence Favreau Malakoff,"15 rue Béranger, 92240, Malakoff",https://www.meilleursagents.com/agence-immobiliere/agence-cabinet-favreau-malakoff-51992/?token=NTE5OTI.ZZWAAg.w3XkaWozHXbMROa2BJBKcy3qT8I
879092856,Agence FDI 56 Lorient,"2 RUE DE TURENNE, 56100, Lorient",https://www.fdi56.com/content/1/estimation-en-ligne.html
321131609,AGENCE FERRAN,"-------------, 83720, TRANS EN PROVENCE",https://www.immobilierferran.com/
811966118,AGENCE FERRARIS IMMOBILIER,"17 Boulevard de Bellevue, 73000, Chambéry",https://ferraris-immobilier.com/fr/
523455624,Agence Fimm,"15 PLACE NOTRE DAME, 42410, Pélussin",http://www.agencefimm.com/
810119222,Agence Finistarmor,"25 RUE ROBERT SCHUMAN, 29480, Le Relecq-Kerhuon",https://www.finistarmor.com/
894238682,AGENCE FOCH,"78 Avenue Foch, 54000, Nancy",https://www.agencefoch-immobilier.fr/
844481556,Agence Fort,"2 Place Gaston Robert, 17840, La Brée Les Bains",http://www.agencefort.com/
479711343,AGENCE FORTISSIMMO,"19 ALLÉE DE LA ROBERTSAU, 67000, Strasbourg",https://www.fortissimmo.fr/
521900050,Agence Franco Hollandaise,"363, Route des Maquisards, Amboiras, 87130, La Croisille-sur-Briance",https://www.agencefrancohollandaise.com/
839435500,Agence Françoise Ollivier Immobilier,"5 IMPASSE HONORE DAUMIER, 29900, CONCARNEAU",https://www.reseau-expertimo.fr/1232/-agent-francoise-ollivier/1
753861061,Agence FSIMMOBILIER,"38 RUE GENERAL LECLERC, 95320, Saint-Leu-La-Forêt",http://www.fsimmobilier.com/
433144672,Agence Funel,"1 Pl. Saint-Roch,, 06460, Saint-Vallier-de-Thiey",http://www.agencefunel.com/
433443892,AGENCE GABARROU IMMOBILIER,"19 rue de Verdun, 11000, Carcassonne",http://www.gabarrouimmobilier.com/
501907380,Agence Gai Soleil,"17, place du Marché, 34440, NISSAN LEZ ENSERUNE",http://www.agencegaisoleil.com/
489997304,AGENCE GALERIE CASANOVA,"2 RUE DE LA BARRALERIE, 34000, Montpellier",http://www.agencegalerie.fr/fr/agence-montpellier.htm
873500805,AGENCE GAUTER,"50 ET 54 PLACE DE LA REPUBLIQUE, 56400, Auray",https://www.agence-gauter.com/
810019372,AGENCE GAUTIER,"5 rue hugues legrand, 77160, Provins",https://www.gautierimmo.fr/
422248724,Agence Gay Immobilier,"29 AVENUE MARCEL PERRIN, 95540, Méry-sur-Oise",https://www.agence-gay-immobilier.fr/
318457983,Agence GESTIM,"55 RUE FRANCOIS LA VIEILLE, 50100, Cherbourg-Octeville",http://www.gestim.fr/
401825898,AGENCE GESTION IMMOBILIERE DU SALIN,"1 B RUE DU LANGUEDOC, 31000, Toulouse",https://www.agis-immo-toulouse.fr/
790054670,AGENCE GESTIUM,"allée des platanes de castéra, 33260, Cazaux",https://gestium.immo/categorie/ventes/
917697781,AGENCE GIN,"8 RUE DES MAILLOTS SARRAZIN, 76000, Rouen",http://www.gin-immobilier.com/
842475915,AGENCE GIRAULT IMMO,"8 PLACE DU MARECHAL LECLERC, 80250, Ailly-Sur-Noye",http://www.girault-immobilier.fr/
913686689,AGENCE GIUDICELLI IMMOBILIER,"Centre Médical du Fiumorbo, Route de la Plaine, 20243, Prunelli-di-Fiumorbo",https://www.giudicelli-immobilier.fr/
340707447,AGENCE GIVERDON IMMOBILIER,"210 avenue des jeux-BP26, 38750, ALPE D'HUEZ",http://www.giverdon-immobilier.fr/fr/index.aspx
498155159,AGENCE GLOESER BUXEROLLES,"13 rue de l'hôtel de ville, 86180, Buxerolles",http://www.immobilier-gloeser.com/
322187972,AGENCE GRAND NIMES S.A.,"20 PLACE JEAN ROBERT, 30000, Nîmes",http://www.grandnimes.com/
105017453,Agence GRAND'RUE IMMOBILIER POITIERS,"192 Grand' Rue, 86000, POITIERS",https://www.grandrueimmobilier.fr/
848066726,AGENCE GREUB,"33 ave Franklin Roosevelt, 77260, La Ferté-Sous-Jouarre",http://www.agence-greub.fr/
414671065,AGENCE GRISOLLE,"LES NEGADISSES, 83136, SAINTE ANASTASIE",https://www.agencegrisolle.com/
818767782,AGENCE GROLLEAU,"2 route de la dugeonniere, 85750, Angles",http://www.agence-grolleau.com/
451028815,AGENCE GROSSI,"4 Avenue Pierre Gaudin, 83690, Salernes",https://agencegrossi.com/v2/
479829087,AGENCE GUILLEMOT,"8 BIS RUE DU COMBAT DES TRENTE, 22000, Saint-Brieuc",http://www.agenceguillemot.fr/
901898551,AGENCE GUITON IMOGROUP,"6 RUE D'ALSACE, 71500, Louhans",http://www.imogroup-louhans.com/
497532986,Agence Guyenne Immobilier,"8 rue Victor Hugo, 33350, Castillon-la-Bataille",https://guyenne-immobilier.com/
798925236,Agence Habitat Conseil,"51 bis av. des Pierres Noires, 85170, LES LUCS SUR BOULOGNE",https://www.agence-habitat-conseil.com/
539258400,Agence Hampton Immobilier,"33 rue de meaux, 75019, Paris",https://www.hampton-immobilier.com/
492080114,Agence HAP immobilier,"147 Av. Henri Barbusse, 80330, Longueau",https://www.hapimmobilier.com/
985181478,AGENCE HIE,"139 Avenue Carnot, 93140, Bondy",https://www.hie-immobilier.fr/
517752176,AGENCE HM IMMO,"18 Rue Victor Hugo 87 800 Nexon, 87800, Nexon",http://www.hm-immo.fr/
949044226,AGENCE HOME NANCY,"20 Rue de Bonsecours, 54000, Nancy",https://www.home-immobilier-nancy.fr/
944423284,AGENCE HOMELIOS,"38A rue de colmar, 68260, Kingersheim",https://agence-homelios.fr/
932031594,Agence Homely,"Rue sur le Ruisseau, 57130, Vaux",https://www.agencehomely.fr/
752922070,Agence HOMICCA,"11 Quai Arloing, 69009, LYON",https://homicca.fr/
820617629,Agence Horizon Immobilier,"15 Rue Godefroy Cavaignac, 75011 Paris, France",http://www.immobilier-horizon.fr/
530845205,AGENCE HORIZONEO,"151 Chemin de Roman, 73420, Méry",https://horizoneo.fr/
790093785,AGENCE HUDELLET,"15 bis Rue Rempart Villeneuve, 66000, Perpignan",http://www.agence-hudellet.com/
427080155,AGENCE HURLEVENT,"231 AVENUE DE RODEZ, 12450, Luc-la-Primaube",http://www.hurlevent-immobilier.fr/
493578967,AGENCE i.D.G,"3, place Jean David, 32000, AUCH",http://www.idgers.com/
789264694,Agence I2T Nîmes,"1 rue Emile Jamais, 30900, Nîmes",http://www.i2t.fr/
317807915,Agence iBox Atlas Immobilier,"69 AVENUE CLOVIS HUGUES, 83200, Toulon",http://www.agenceibox.com/
839056983,Agence ICI,"42 rue de Verdun, 83120, Sainte-Maxime",http://www.immobilier-ici.com/
907517700,AGENCE ICI,"4 Passage Jean Moulin, 74100, Annemasse",https://www.ici-74.com/
521818518,Agence ICImmobilier Jean-Marc Eisenbach,"2 BIS RUE GIRARDET (PLACE D'ALLIANCE), 54000, Nancy",https://www.agence-icimmobilier.fr/
953107224,Agence ID Lodge,"102 rue des Orchidées -----, 42155, Lentigny",https://idlodge.com/
793068867,AGENCE IDLR BOURBONNE LES BAINS,"---, 52400, BOURBONNE LES BAINS",https://www.idlr-immobilier-bourbonne-les-bains.fr/
919422097,Agence IDYLHOM,"1 place Hugues Panassié, 31300, Toulouse",https://idylhom.fr/
539023838,AGENCE IFK,"75 GRAND RUE, 68180, Horbourg-Wihr",http://www.agence-ifk.com/
332809383,Agence Iluro Oloron Ste Marie,"2 RUE DESPOURRINSBP17, 64400, OLORON STE MARIE",http://www.iluro.fr/
812453686,Agence IMB,"96 avenue de la Libération, 33700, Mérignac",http://www.imb-bordeaux.fr/
522804996,AGENCE IMMEA,"109 BOULEVARD DALBY, 44000, Nantes",http://www.immea.fr/
398294041,AGENCE IMMO,"14, rue des Otages, 80000, Amiens",http://www.immo-amiens.com/
808925168,Agence Immo 06,"16 Rue Maréchal Joffre, 06400, Cannes",https://agenceimmo06.com/fr/
513526269,Agence IMMO 14,"1 Pl. Foch, 14800, Touques",https://www.immo14-touques.fr/
850553355,Agence Immo Dordogne,"14 Rue Albert Boyer, 24100, Bergerac",http://www.immodordogne.fr/
528118318,AGENCE IMMO K,"10 Rue de l'Hôtel de Ville, 86180, BUXEROLLES",https://www.agenceimmok.com/
510754385,AGENCE IMMO LIGHT,"193 COURS DU GENERAL DE GAULLE, 33170, GRADIGNAN",http://www.immobilier-gradignan.com/
824796361,Agence Immo Ngl32,"32 GRAND RUE, 74350, Cruseilles",https://www.agence-immo-ngl32.com/
927735498,AGENCE IMMO PLAGE SAINT VIVIEN DU MEDOC,"4, Cours Georges Mandel, 33590, Saint-Vivien-de-Médoc",https://www.agence-immoplage.com/
439237116,Agence Immo Soleil,"269 CHEMIN DU PUIT DE BRUNET, 13600, La Ciotat",http://www.immosoleil.fr/
501726384,Agence Immo Transac Réunion,"344 Avenue des Mascareignes, 97440, Saint-André",https://www.immotransac.re/
750081838,AGENCE IMMO65,"9 AVENUE DU BAREGES, 65120, Esquièze-Sère",http://www.immo65-luz.com/
952940054,Agence Immobilier 2R,"590 Chemin de la Blancherie, 69360, Saint-Symphorien-d'Ozon",http://immobilier-2r.com/
788749885,Agence immobilier MY HOME,"8 RUE DE LATTRE DE TASSIGNY, 54200, Toul",http://www.myhome-france.com/default.asp
828826024,AGENCE IMMOBILIERE ATTIC,"15 r Isaline, 73100, Aix-les-Bains",http://www.atticimmobilier.fr/
381571520,AGENCE IMMOBILIERE BASTIAISE,"41 boulevard Paoli, 20200, Bastia",https://www.agencemartelli.com/
338840192,AGENCE IMMOBILIERE BERNADETTE WILLART,"28 RUE INKERMANN, 59000, Lille",http://www.bernadettewillart.fr/site/index.php
319014106,AGENCE IMMOBILIERE BORDENAVE,"Place de la Gare, 65110, Cauterets",http://www.immobilierbordenave.com/fr/contact
508534484,AGENCE IMMOBILIERE BRESSON,"94 RUE DE LA REPUBLIQUE, 13400, Aubagne",http://www.immobresson.com/
890797657,AGENCE IMMOBILIERE CLEMENCEAU,"326 avenue Georges Clemenceau, 78670, Villennes-sur-Seine",http://www.immoclemenceau.fr/
520904509,AGENCE IMMOBILIERE CléHOME,"57 RN 7, 69210, Lentilly",http://www.clehome.fr/
401391743,AGENCE IMMOBILIERE COMBARIEU,"24, boulevard Léonce Granié, 82300, CAUSSADE",http://www.combarieuimmobilier.com/
403418494,AGENCE IMMOBILIERE D ENTREPRISE BREST,"45 RUE DE L ELORN, 29200, Brest",https://www.immobiliere-entreprise.fr/
389675372,AGENCE IMMOBILIERE DE COMBLOUX,"35 Route de la Cry Cuchet, 74920, Combloux",http://www.aic-combloux.com/
989253992,AGENCE IMMOBILIERE DE L'ISSOLE,"-------, 83890, BESSE SUR ISSOLE",https://immodelissole.com/
500556659,AGENCE IMMOBILIERE DE L'OUTRE FORET,"19 RUE DU DOCTEUR DEUTSCH, 67250, Soultz-sous-Forêts",https://www.immo-soultz-foret.fr/
452785660,AGENCE IMMOBILIERE DE LA FERME,"20 Place de Stalingrad, 91430, Igny",https://www.immobilier-igny.fr/
351498993,AGENCE IMMOBILIERE DE LA PRESQU'ILE,"34 Boulevard de la Plage, 33970, Cap-Ferret",http://www.immo-capferret.com/
483788907,AGENCE IMMOBILIERE DE LA SOURCE,"1, Rue du Général de Gaulle, 59133, Phalempin",http://www.lasource-immobilier.com/
982703159,AGENCE IMMOBILIERE DE PUSIGNAN,"67 ROUTE NATIONALE, 69330, Pusignan",http://ivars-immobilier.com/
490336054,AGENCE IMMOBILIERE DE VILLENEUVE,"28 Boulevard Cardalhac, 12260, Villeneuve",http://www.agence-immobilier-aveyron.com/
488184292,AGENCE IMMOBILIERE DES THERMES,"164 RUE ZIWER PACHA, 88140, Contrexéville",http://www.contreximmo.fr/
929713345,Agence Immobiliere Desjardins,"15/17 PL BARETTE, 27200, VERNON",https://www.desjardins.immo/
322448168,AGENCE IMMOBILIERE DU CENTRE VAR,"12 RUE ROUGUIERE, 83170, Tourves",http://www.cabinetcapi.com/
497986398,AGENCE IMMOBILIERE DU CHATEAU,"9 Place 1830, 22800, QUINTIN",https://www.aic-22.com/annonces-immobilieres-quintin.html
393781414,AGENCE IMMOBILIERE DU GOLFE,"Avenue Georges Pompidou 20137 Porto Vecchio, 20137, Porto-Vecchio",http://www.aggolfe.com/?utm_source=gmb
434429387,AGENCE IMMOBILIERE DU GRAND OUEST,"7 RUE DE LA MAIRIE, 69210, Lentilly",http://www.grandouest-immo.com/
492400494,AGENCE IMMOBILIERE DU HOUTLAND,"24 PLACE DU GENERAL DE GAULLE BP90043, 59470, Wormhout",http://www.immoduhoutland.com/
451956130,AGENCE IMMOBILIERE DU TELHUET,"8 C COMMERCIAL DE LA HETRAIE, 76330, Notre-Dame-De-Gravenchon",https://www.agenceimmobilieredutelhuet.com/
494121932,AGENCE IMMOBILIERE DU TIGNET,"370 ROUTE DE DRAGUIGNAN, 06530, LE TIGNET",http://www.agencedutignet.fr/
377575709,AGENCE IMMOBILIERE EUROPEENNE,"261 rue de la Ducque, 34730, PRADES-LE-LEZ",http://www.immoeurop.com/
348853870,AGENCE IMMOBILIERE F. LABADIE,"2 RUE ARMAND GASTE, 14500, Vire",http://www.labadie-immobilier.fr/
891339657,AGENCE IMMOBILIERE GAEL STURTZ,"4 Rue Friese, 67000, Strasbourg",https://www.agence-gaelsturtz.com/
500750575,AGENCE IMMOBILIERE GAP,"10 RUE COLONEL ROUX, 05000, Gap",http://www.tradipierreimmo.fr/
753877109,AGENCE IMMOBILIERE GERALDINE JULLIEN BRIANCON,"1 avenue de la République, 05100, Briançon",https://www.immobilier-briancon.com/
900852625,Agence Immobiliere Homerie,"13 rue des 3 Piliers, 18300, Sancerre",https://www.agence-homerie.fr/
479270258,AGENCE IMMOBILIERE ISILOGIS,"4 Rue Léon Blum, 59133, Phalempin",http://www.isilogis.com/
442373403,AGENCE IMMOBILIERE JEAN PIERRE FIGUES,"8 cours Romas, 47600, NERAC",https://www.fnaim.fr/agence-immobiliere/24584/43-nerac-agence-immobiliere-jean-pierre-figues.htm
794590760,AGENCE IMMOBILIERE LA CLÉ,"5 Pl. du Maréchal Foch, 47000, Agen",http://www.lacle-immo.com/
351268750,AGENCE IMMOBILIERE LA PROVENCALE,"2 ROUTE DE LA CHAPELLE, 13850, Gréasque",https://www.la-provencale.net/
377565569,AGENCE IMMOBILIERE LAGUILLON,"14 RUE DU PORT, 64700, Hendaye",https://www.agence-laguillon.com/
438165268,AGENCE IMMOBILIERE LANGONAISE,"7, Boulevard Charles de Gaulle, 48300, Langogne",https://www.langogneimmo.net/fr
453994774,AGENCE IMMOBILIERE LE PRIEURE,"7 Boulevard Édouard Andrieu, 81000, Albi",https://www.le-prieure-immobilier.com/
344357231,AGENCE IMMOBILIERE LES LOGIS DE BROU,"7, Place d'Armes, 28160, Brou",http://www.leslogisdebrou.com/
413772906,AGENCE IMMOBILIERE LES OLIVIERS,"LA PROMENADE, 11200, FABREZAN",http://www.agence-les-oliviers.com/index.php
350037248,Agence immobiliere LOLMEDE,"25 rue Jean BART- BP3 , PORT LEUCATE, 11370, Leucate",http://www.lolmede.com/
480194497,Agence Immobiliere Pissos - AB'Immo- Magali ELBEL,"130 route de Daugnague, 40410, Pissos",https://www.abimmo3340.fr/
394002273,AGENCE IMMOBILIERE RENAND,"2 route des Moulins, 74300, Les Carroz d'Arâches",http://www.immorenand.com/
659804843,AGENCE IMMOBILIERE ROMY,"BP 512 - 71 RUE DE LA PAROISSE, 78005, VERSAILLES CEDEX",http://www.agenceromy.com/
420052433,AGENCE IMMOBILIERE ROUBAIX IMMOPARC BARBIEUX IPB,"109 Avenue Delory, 59100, Roubaix",https://www.immoparcbarbieux.fr/
398451575,AGENCE IMMOBILIERE SAINT MARTIN,"136 RUE PIERRE JULIEN, 26200, Montélimar",http://www.agence-saint-martin.fr/
433984267,AGENCE IMMOBILIERE SOUILLE FRERES,"164 AVENUE DES LANDES, 47310, BRAX",https://www.agencesouilleagen.com/
433905288,AGENCE IMMOBILIERE THIERRY FOURNY,"20 B rue de l'Océan, 44810, Héric",http://www.agence-fourny.fr/
791676026,AGENCE IMMOBILIERE V.I.P 2,"42A rue Jean Mermoz, 76520, Franqueville-Saint-Pierre",http://agence-vip.immo/
792491250,AGENCE IMMOBILIERE VAL DE LOIRE,"3 Place du Breuil, 42700, Firminy",https://www.agence-valdeloire.fr/
891552317,Agence immobilière - Cabinet AS&Co.,"11Rue des 3 Maillets, 77300, Fontainebleau",http://asco.immo/
527805808,Agence immobilière - Cabinet Chaigneau Marchand,"46 Rue Jean Cocteau - Place du marché, 91490, Milly-la-Forêt",https://cabinetcm.fr/Accueil/
495332017,Agence immobilière - J'habite En Ville,"89 Rue du Loup, 33000, Bordeaux",https://www.jhabiteenville.fr/
949760086,Agence immobilière - LA LOCALE LIMOGES,"69 Avenue des Ruchoux, 87100, Limoges",http://agencelalocale.fr/
953523859,Agence immobilière - La Ref' Immobilier,"178 BIS rue Jules Barni, 80000, Amiens",https://www.laref-immobilier.com/
519436059,Agence Immobilière - Raphaël Delobelle Immobilier,"13 Rue du Quesnoy, 59300, Valenciennes",http://www.jm-immobilier-valenciennes.com/
794687350,Agence Immobilière - Rive Gauche / Chens-sur-Léman,"1201 Rue du Léman, 74140, Chens-sur-Léman",http://www.arg.immo/
882856339,Agence Immobilière : Cabinet TORQUEBIAU immobilier,"5 AVENUE MARECHAL FOCH, 34150, Gignac",http://www.ctimmobilier.com/
482048170,Agence immobilière A C D IMMOBILIER,"26 TER ROUTE NATIONALE, 21560, Arc-Sur-Tille",http://www.acd-immobilier21.com/
478684665,Agence Immobilière ABIE,"49 Rte de Niort, 85490, Benet",http://www.abie-immobilier.com/
814323028,Agence immobilière Acor Immobilier Châtillon,"14, rue Pierre Brossolette, 92320, Châtillon",https://www.acorimmobilier.com/
810581686,Agence Immobilière Actia Immo - La Roche sur Yon,"135 Bd d'Italie, 85000, La Roche-sur-Yon",https://www.actia-immobilier.fr/
950768770,Agence Immobilière ALEXANDRE PETRUCCI - Luynes,"33 bis route de Marseille, 13080, Aix-en-Provence",http://www.alexandrepetrucci.fr/
830520086,Agence immobilière Alsa Transactions,"1 impasse des roseaux, 68720, Hochstatt",http://www.alsa-transactions.fr/
353645294,Agence Immobilière AMI,"13 AVENUE DE LA REPUBLIQUE, 79000, Niort",http://www.agence-ami.com/
504999368,Agence immobilière APS Immobilier Arbois,"64 Grande Rue, 39600, Arbois",http://www.aps-jura-immobilier.com/
951022912,Agence immobilière ARDENNES PATRIMOINE IMMOBILIER,,http://a-p-immobilier.fr/
802494112,Agence immobilière Arras LA RUCHE DE L’IMMOBILIER,"47 RUE SAINT AUBERT, 62000, Arras",http://www.larucheimmoarras.fr/
437500986,Agence Immobilière AZUR IMMO Roquevaire,"13 AVENUE DES ALLIES, 13360, Roquevaire",https://azurimmo-provence.com/fr/
814726899,Agence immobilière Balducci Immobilier Dijon,"72 Rue Jean-Jacques Rousseau, 21000, Dijon",http://www.balduccimmo.com/
901561530,Agence Immobilière Beaumont le Roger,"3 Place Carnot, 27170, Beaumont-le-Roger",https://www.immobilieredebeaumont.com/
852337179,Agence Immobilière Beaunoise,"16 place du marché, 45340, BEAUNE LA ROLANDE",http://www.aib1.com/
491330973,Agence Immobilière Bel'immo,"84 route de Genève, 01360, Béligneux",http://www.beligneuximmo.fr/
507473445,Agence immobilière Belles Demeures de Bretagne,"8 PLACE GAMBETTA, 22500, Paimpol",https://www.bellesdemeuresdebretagne.fr/
804494284,Agence Immobilière Bourges-Smile Immo/Cloix-Lumet,"61 Route de Marmagne, 18000, Bourges",https://www.cloixlumet.net/
818443020,Agence immobilière Cabinet Gilles Charmes,"8 Place henri breton, 88130, CHARMES",http://www.cabinetgilles.com/
479705998,Agence immobilière CAROLE B IMMOBILIER à Marmande,"4 Pl. de la Couronne, 47200, Marmande",http://www.carolebimmo.com/
824792048,Agence immobilière Castex Immo Salies du Salat,"5 boulevard Jean Jaurès, 31260, Salies-Du-Salat",http://www.casteximmo.fr/
512059056,Agence immobilière Cerizay - Julie Immobilier,"5 Pl. Saint-Pierre,, 79140, Cerizay",http://www.julie-immobilier.fr/
524921350,Agence immobilière CIM Occitanie - Montauban,"1 Rue Voltaire, 82000, Montauban",http://www.agencecim.fr/
803363167,Agence immobilière Cime Transactions Lyon,"7/9 rue professeur rollet, 69008, Lyon",https://www.cime-transactions.com/
882427834,Agence immobilière Clervimmo La Suite Marseille,"31 rue Audience, 13011, Marseille",http://clervimmolasuite.com/
804093086,Agence immobilière Clos Salomon,"2 RUE SAINT VINCENT, 56370, Sarzeau",http://www.clos-salomon.com/
493893564,Agence immobilière CO IMMOBILIER Legé,"10 Rue de la Chapelle, 44650, Legé",https://www.coimmobilier.fr/?utm_source=gmb&utm_medium=website&utm_campaign=lege
907601850,Agence Immobilière Concept immo +,"4 place de la mairie, 31410, Lavernose-Lacasse",https://conceptimmoplus.com/fr/
503649857,AGENCE Immobilière COUTHEILLAS,"1 AVENUE DE LA CONCORDE, 62152, Neufchatel-Hardelot",https://www.agence-hardelot.com/
791785728,Agence Immobilière de l'Hippodrome,"255 AVENUE DE L HIPPODROME, 59130, Lambersart",http://www.immolambersart.fr/
402814735,Agence immobilière Debuisson immobilier Arras,"31 bd carnot, 62000, Arras",http://www.debuissonimmobilier.fr/
532157351,Agence Immobilière Dieppe - ABF Immobilier,"4-6 rue Victor Hugo, 76200, Dieppe",http://www.abfimmobilier.fr/
452068687,Agence immobilière du 20ème,"56 boulevard de Ménilmontant, 75020, Paris",http://www.immo20.com/
413591033,Agence Immobilière du Château,"83136, 83136, Rocbaron",http://www.agence-du-chateau.com/
828933796,Agence Immobilière Du Mascaret,"13 QUAI GUILBAUD, 76490, Caudebec-En-Caux",http://www.agencedumascaret.com/
949287908,Agence Immobilière Ecully | LUCIEN,"9 Chem. de Pontet et Crases,, 69130, Écully",http://luluimmo.fr/
837698422,Agence Immobilière EDO,"73 GRAND RUE, 67700, Saverne",https://www.edo.immo/
349043794,Agence Immobilière Efka,"111 avenue Théroigne de Méricourt, 34000, Montpellier",https://www.efkaimmobilier.fr/
521773804,Agence immobilière ESPACE IMMO 38,"100 Rue de la Liberté, 38130, Echirolles",http://www.espaceimmo38.com/
950976589,Agence immobilière Evian FRISON immobilier,"166 rue de l'église, 74500, Champanges",http://www.frison.immo/
391787694,Agence Immobilière Ferrari,"2 Rte de Boussy-Saint-Antoine, 91480, Quincy-sous-Sénart",https://www.immoferrari.com/
884141367,Agence immobilière Foch Tarbes,"111 BIS RUE MARECHAL FOCH, 65000, Tarbes",http://www.agencefochimmobilier.fr/
814933925,Agence immobilière FONCIER PEI,"6 RUE DES VAVANGUES, 97419, LA POSSESSION",http://www.foncier-pei.re/
882868896,Agence immobilière FYNE ACCESS Lyon,"33b Rue de la République, 69002, Lyon",https://www.fyneaccess.com/
841989908,Agence immobilière GARY Immobilier,"18 RUE DES MARTYRS DES GLIERES, 68390, Sausheim",http://www.gary-immobilier.fr/
831708920,Agence Immobilière Guyane : IMMO-VERT,"6 rue Caurale Soleil Lotissement Ibis, 97300, Cayenne",https://www.immovert.net/
977656065,Agence immobilière Immosphera,"19 rue du Luxembourg, 11100, Narbonne",http://immosphera.fr/
882299688,Agence Immobilière ISI,"23 PLACE MONFORT, 84110, Vaison-La-Romaine",https://www.agence-immobiliere-vaison-la-romaine.com/
478028673,Agence immobilière Isula à Ajaccio,"1 RUE COMTE BACCIOCHI, 20000, Ajaccio",http://www.isula.fr/
914874441,Agence Immobilière L' Atelier Locatif,"1 Avenue de Colmar, 17000, La Rochelle",https://www.latelier-locatif.com/
513670216,Agence Immobilière L'ILMO,"63 cours Napoléon, 20090, Ajaccio",http://www.lilmo.fr/
412564882,Agence Immobilière L'Occitane,"4 PLACE GAMBETTA, 32600, L' Isle-Jourdain",http://www.occitane.fr/
830952297,Agence immobilière LA MAISON ANGEVINE Angers,"8 RUE SAINT LAZARE, 49100, Angers",http://www.lamaisonangevine.com/
482595394,Agence immobilière Landis 68 MUNSTER,"6 Grande Rue, 68140, Munster",http://www.immo-landis68.fr/qui-sommes-nous.html
528150766,Agence immobilière LCM Conseil Moutiers,"203 Rue des Casernes, 73600, Moûtiers",https://lcm-conseil.net/
939679825,Agence immobilière Le Chêne,"180 RUE DU GLACIER, 39190, COUSANCE",https://lechene.ovh/
102121738,Agence immobilière Le Havre - Cabinet MARIE,"23 Place de l'Hôtel de Ville, 76600, LE HAVRE",http://www.cabinetmarie.com/
482582087,Agence Immobilière Le Mans sud - 72 Immobilier,"1 RUE DU POLYGONE, 72100, Le Mans",http://www.72immobilier.fr/
395378078,Agence immobilière les Allées Grignan,"1 Rue Mnt du Tricot, 26230, Grignan",http://www.immo-les-allees.com/
894824226,Agence immobilière Les Clefs E-mmobilières Louhans,"12 Bis Rue de l'Eglise, 71500, Louhans",https://www.lesclefs-e-mmobilieres.fr/
818248957,Agence immobilière Lesage à Vernon,"33 rue Sainte Genevievre, 27200, Vernon",https://www.lesage-immobilier-vernon.com/
420849309,AGENCE IMMOBILIÈRE LIBÉRATION 24,"1 Place Dorian, 42400, Saint-Chamond",http://www.liberation24immo.com/
407788066,Agence Immobilière LM,"41 Rue de la Houve, 57150, Creutzwald",https://www.agencelm.immo/
531478659,Agence Immobilière Logis d'Alsace,"9 place de la republique, 68130, Altkirch",http://www.logis-alsace.com/
994955623,Agence immobilière LV IMMOBILIER,"156 Chemin des Contamines, 74250, Marcellaz",http://www.lv-immobilier.fr/
751542226,Agence Immobilière PIERRE,"7 RUE RIBEAUPIERRE, 68125, HOUSSEN",http://www.agencepierre.com/
887899995,Agence immobilière PLESSIS IMMOBILIER La Riche,"16 PLACE SAINTE ANNE, 37520, La Riche",https://plessisimmobilier.fr/
919544908,Agence immobilière R.D.S Immo,"8 AV DE LA CIBLE, 13100, AIX-EN-PROVENCE",http://rds-immo.com/
422383224,Agence immobilière Rotonde Mirabeau,"4 COURS MIRABEAU, 13100, AIX EN PROVENCE",http://www.immobilier-aix.com/
751003344,Agence immobilière RVM Immobilier Ceyzériat,"20 RUE JEROME LALANDE, 01250, Ceyzériat",http://www.rvm-immobilier.fr/
528320187,Agence immobilière Salengro Immo Villeurbanne,"13 Place Wilson, 69100, Villeurbanne",http://www.salengro-immo.fr/
378459689,Agence Immobilière Sanfourche-Peiro,"26 Avenue du Général Leclerc, 24200, Sarlat-la-Canéda",https://sanfourche-peiro.fr/
823301296,Agence Immobilière Sceaux French Immobilier,"154 rue Houdan, 92330, Sceaux",https://french-immobilier.com/
501936421,Agence immobilière Select Imvest Besançon,"8 RUE ALFRED DE VIGNY, 25000, Besançon",http://www.selectimvest.fr/
392932588,Agence Immobilière Serra,"LES QUATRE PORTES, 20137 PORTO VECCHIO, 20137, Porto-Vecchio",https://www.serra-immobilier.fr/
915250815,Agence immobilière SG Immobilier - La Garde,"Centre Hermès, Av. Alfred Kastler, Imp. Henri Becquerel ILOT 4, 83160, La Valette-du-Var",http://www.sgimmo83.fr/
914448667,Agence immobilière TCB IMMOBILIER,"10 rue Charles de Gaulle, 68130, Altkirch",https://tcbimmobilier.fr/
893530675,Agence immobilière Toulon Quadrimmo,"167 BOULEVARD DU DOCTEUR CUNEO, 83000, TOULON",http://www.quadrimmo83.com/
310106638,Agence Immobilière Turlot,"109 Rue Edouard Isambard, 27120, Pacy-sur-Eure",http://www.turlot.fr/
909305013,Agence immobilière Vannes - Bénéat-Chauvel,"33 RUE THIERS 56000 VANNES, 56000, Vannes",https://www.beneat-chauvel.com/
484576970,Agence immobilière Var Vacances et Transactions,"4 QUAI JULES GUESDE, 83430, Saint-Mandrier-Sur-Mer",http://www.varvacances.fr/
480867977,Agence Immobilière VITRY,"40 RUE SARDA GARRIGA, 97430, LE TAMPON",http://www.facebook.com/agencevitrysud
838021277,Agence Immobilière VRIGNAUD IMMO,"29 Bis Rue du Donjon, 85500, Les Herbiers",https://www.vrignaud-immo.com/
345158315,Agence immobilière Will'man,"74 AVENUE DE NICE, 06800, CAGNES SUR MER",https://www.willman.fr/
947894325,Agence immobilière YOUR Immobilier Lyon,"16 RUE DU COMMANDANT FAURAX, 69006, Lyon",https://www.yourimmobilier.com/
522167949,"Agence immobilière à Rezé, Nantes Sud Immobilier","120 rue Aristide Briand, 44400, Rezé",https://www.nantessudimmobilier.com/
962504296,agence immobilière à Villeurbanne,"32 Cr Emile Zola, 69100, Villeurbanne",http://www.decultieux-immobilier.com/
833613052,AGENCE IMMOBILYS,"186 rue de Verdun, 59450, Sin-Le-Noble",http://www.agenceimmobilys.fr/
441557030,Agence Immoblier Patient,"44 RUE DU DOCTEUR GABRIEL DEVEZE, 97300, CAYENNE",http://www.agenceimmobilierepatient.fr/
451998918,Agence ImmoFlexx Freyming Merlebach,"3 RUE DU CASINO, 57800, FREYMING MERLEBACH",http://www.immoflexx.com/
434147179,AGENCE IMMOLYS,"23 Rue d'Alsace, 21200, Beaune",http://www.immolysbeaune.com/
904139714,AGENCE IMMOREVE,"3, Place de la Gare, 42410, Chavanay",http://www.immoreve.fr/
734200355,AGENCE IMMOSUD,"RESIDENCE LE PRESIDENT - 22 BOULEVARD DE LA MER - BP 20, 66703, ARGELES SUR MER CEDEX",http://www.agence-immosud.fr/
489861609,AGENCE IMMOTECH,"18 AVENUE DU VALLESPIR, 66110, Amélie-les-Bains-Palalda",http://www.agence-immotech.com/
980587893,Agence IMMOTION,"4 RTE DE TOUL, 54840, Bois-de-Haye",https://www.agenceimmotion.com/
500387832,Agence Immotion - Nantes,"25 Rue Pierre Dupont, 44100, Nantes",http://www.agence-immotion.fr/
940612807,Agence Immédiat,"11 BIS - 13 PLACE DE L'EGLISE, 92500, Rueil-Malmaison",http://www.agence-immediat.fr/
937552602,AGENCE ING,"22 avenue Jean Jaures, 08000, Charleville Mezieres",https://www.agence-ing.fr/
922406400,Agence Initiales - Presqu'île Immobilier,"Avenue du Maréchal de Lattre de tassigny, 44500, La Baule-Escoublac",https://initiales-immobilier.fr/
992351536,AGENCE INNOVATION FERREIRA IMMOBILIER,"2 Rue du Temple, 28220, Cloyes-les-Trois-Rivières",https://www.innovation-ferreira-immobilier.com/
517750980,Agence INTENSIMMO,"49 rue de Cheverus, 33000, Bordeaux",http://www.intens.immo/
829514587,Agence INTRAMUROS,"18 Cours Pierre PUGET, 13006, Marseille",https://www.intramurosimmo.com/
754040129,Agence IPC - Immobilière du Pays des Châteaux,"23 rue du 14 Juillet, 67980, Hangenbieten",http://www.ipc67.com/
918557596,AGENCE ISAIA,"2 rue Auguste Renoir, 83980, Le Lavandou",http://www.isaia.immo/
441247418,AGENCE JASPE,"14 Avenue Denfert Rochereau, 42000, Saint-Etienne",https://www.agence-jaspe.fr/
477508725,Agence JCG Immo Solliès-Pont,"1 Av. du Lion, 83210, Solliès-Pont",https://www.jcgimmo.com/
382925675,AGENCE JEAN POSSON,"1 PLACE BOUCICAUT, 61130, Bellême",http://www.posson-immobilier.fr/
449273465,AGENCE JOLY,"40 AVENUE GAMBETTA, 83500, La Seyne-Sur-Mer",http://www.agencejoly.com/
387898562,Agence Joël Ohayon,"12 Rue François-Xavier Richter, 67000, Strasbourg",https://www.agence-joel-ohayon.fr/
072807100,Agence JP CONSTANT Immobilier La ciotat,"4 Boulevard Anatole France, 13600, LA CIOTAT",https://www.constantimmobilier.com/
884902180,AGENCE JULIEN VICHY IMMOBILIER,"45 rue du jardin public, 33000, Bordeaux",https://www.julienvichyimmobilier.fr/
844328328,Agence Jump Partners Coupérie & Bonneau,"46 RUE DAVID JOHNSTON, 33000, Bordeaux",https://www.jump-partners.com/
899226872,Agence Justimmo Anglet,"5Bis allée du Chioulet, 64600, Anglet",https://www.fabiomartin.fr/
500738646,AGENCE KALLISTE IMMOBILIER,"4 AV MARECHAL LYAUTEY RESIDENCE 1ER CONSUL D3, 20090, Ajaccio",http://www.immobilierajaccio.fr/
752040543,AGENCE KAYA IMMOBILIER,"20 RUE DU PARC, 74100, Annemasse",http://www.kayaimmobilier.com/
890294986,Agence KERNEL Immobilier Gonesse,"52 Rue de Paris, 95500, Gonesse",http://www.kernel-immobilier.fr/
352644041,AGENCE L' ANJOU,"27 PLACE BILANGE, 49400, Saumur",http://www.agence-immobiliere-saumur.com/
491101580,Agence L'empire Immobilier St Jean de Monts,"66 Av. d'Orouet, 85160, Saint-Jean-de-Monts",https://www.lempire-immobilier.fr/
484064605,Agence l'ENTREPRISE,"8 rue du Dourjacq, 29200, Brest",https://www.entreprise-immo.fr/
503232712,AGENCE L'IMMOBILIERE,"3 rue Tupinerie, 42600, Montbrison",https://agence-limmobiliere.fr/
339184210,Agence L'OLYMPE,"7 Avenue Maréchal Joffre, 66120, Font-Romeu-Odeillo-Via",http://www.olympe-immo.com/
434188801,AGENCE LA BISQUINE,"10 BIS RUE DU GENERAL LECLERC, 35260, Cancale",http://www.agencelabisquine.fr/
815125794,AGENCE LA DEMEURE,"25 Rue de l'Église, 62180, Verton",https://www.agence-lademeure.fr/
392330528,AGENCE LA LANDAISE,"105 RUE ANDRE LAVILLE, 40600, Biscarrosse",http://www.agencelalandaise.com/
822784864,AGENCE LA MANUFACTURE,"4, Place du Maréchal Leclerc, 78980, Bréval",http://lamanufacture-immobilier.fr/
415257310,Agence La Provencale,"16 BIS AVENUE D AYGU, 26200, MONTELIMAR",http://www.immobilier-laprovencale.com/
444359921,Agence La Salvetat Immobilier,"5, av. des Hospitaliers 31880 La Salvetat St-Gilles & 2 Place Campariol 31470 Fontenilles, 31880, La Salvetat-Saint-Gilles",http://www.lasalvetat-immo.com/
409041381,AGENCE LACLOTRE TRANSACTION,"11 RUE DE PARIS, 03200, Vichy",https://www.agencelaclotre.fr/
306646225,AGENCE LAGRUE - SOGITRA,"31 RUE GEORGES CLEMENCEAU, 03200, Vichy",http://www.lagrue-immobilier-vichy.com/
481698587,Agence Larroque Immobilier,"18, Avenue du 8 Mai, 82300, Caussade",http://www.immolarroque.fr/
828593905,AGENCE LAVALLARD IMMOBILIER,"14B Rue du 8 Mai 1945, 80800, Corbie",https://www.lavallard-immobilier.com/
393194857,Agence LBI,"79 rue Gabriel Péri, 93400, Saint-Ouen",https://www.lbi-immo.fr/
894479062,AGENCE LCK,"33 RUE MOLÉ, 10000, Troyes",https://www.agencelck.com/
511026999,AGENCE LE CHALET,"PLACE AMEDEE SOUPAULT, 94290, VILLENEUVE LE ROI",http://www.agencelechalet.com/
479528770,AGENCE LE FRANC,"32 RUE ALBERT MAHIEU, 50100, Cherbourg-Octeville",http://www.agencelefranc.fr/
524908027,AGENCE LE GUERN IMMOBILIER,"7 RUE CHARLES LE GOFFIC, 22730, Trégastel",http://www.agence-leguern.com/
985137165,AGENCE LE LAGON,"9 Rue Bossuet, 66750, Saint-Cyprien",https://www.lagon-immobilier.com/
534715420,Agence Le Meur,"2 Pl. du Château, 22320, Corlay",https://www.agencelemeur.com/
340385897,AGENCE LE MISTRAL PALAYER IMMOBILIER,"26 Boulevard Trewey, 84170, Monteux",http://www.le-mistral.fr/
492805023,Agence Le Phare,"4 RUE CHRISTINE, 50100, Cherbourg-Octeville",http://www.agencelephare.fr/
848506861,Agence Le Réseau,"---, 75008, Paris",https://www.agencelereseau.com/
442902904,AGENCE LEBAIL,"4 B SQUARE DES ARTISTES, 95520, Osny",http://www.agencelebail.com/
850630468,AGENCE LEBLANC,"5 rue Dauphine, 27140, Gisors",http://www.agenceleblanc.fr/
840562193,Agence LEDUC,"11 Rue Ampère, 59130, Lambersart",https://immobilier.agence-leduc.fr/
443941661,Agence LEFRANÇOIS Immobilier,"10 boulevard Général de Gaulle, 06530, Peymeinade",http://www.lefrancois-immobilier.com/
881245351,Agence Legrandveneur Immobilier - Fontainebleau,"106 Rue Grande, 77300, Fontainebleau",http://www.legrandveneur.com/
448999169,AGENCE LEMASSON CONSEIL,"75 Bis Rue Anatole France, 93700, Drancy",https://www.lemasson-conseil.com/
824358402,AGENCE LENAIN,"14 RUE DE SAUMUR - BP 437, 85500, Les Herbiers",https://www.agencelenain.com/
443670682,Agence Les Chenets Immobilier,"Résidence, 356 Route de SAMOENS, Rue D'HONORAZ, 74440, Morillon",http://www.les-chenets-immobilier.com/
440962991,Agence Les Lingoustes,"94 RUE DE LA REPUBLIQUE, 83210, LA FARLEDE",http://leslingoustes-immobilier.fr/
433763232,AGENCE LES MIMOSAS,"47 RUE ROGER LOUIS, 83600, Fréjus",http://www.lesmimosasimmobilier.com/fr/
795364587,AGENCE LES OLIVIERS,"4 BIS GRAND RUE, 34680, Saint-Georges-D'Orques",http://www.agencelesoliviers.fr/
827632126,Agence Les Templiers,"151bis avenue Maréchal juin, 39100, Dole",http://www.agencelestempliers.com/
931326243,AGENCE LES TERRASSES IMMOBILIER,"3 Boulevard Aristide Briand, 26200, Montélimar",https://company50631izy.netty.fr/
447686189,AGENCE LES TROIS MOULINS,"27 AVENUE DU 11 NOVEMBRE, 30420, Calvisson",http://www.agenceles3moulins.com/
894971662,Agence Lescure Immobilier,"115 Boulevard Antoine Gautier, 33000, Bordeaux",https://www.lescureimmobilier.com/
303859789,AGENCE LIBERTY,"5 AVENUE DE LA REPUBLIQUE, 68000, Colmar",http://www.agenceliberty.fr/
824665673,AGENCE LIEURE,"1, Place du Quai, 30120, Le Vigan",http://www.lieure.com/
500910690,AGENCE LORIN,"17 rue du Maréchal Foch, 78110, Le Vésinet",http://www.agencelorin.fr/
929799872,Agence Lou Provence,"243 PLACE DU GENERAL DE GAULLE, 13300, Salon-de-Provence",https://agencelouprovence.com/fr/
382291763,Agence Louedec,"5 rue du Pichery, 29000, Quimper",http://www.agencelouedec.com/
889614756,AGENCE LOUGAROT,"62 rue victor hugo, 64130, MAULEON LICHARRE",http://www.agence-lougarot.com/
848566469,Agence LOUIS-BERECOCHEA,"69 avenue de Bayonne, 64600, Anglet",https://www.louis-berecochea.fr/resultats?transac=vente
520649716,AGENCE LTNL IMMO,"34 bis Pl. des Fusillés, 29850, Gouesnou",https://www.ltnl-immo.fr/
403041643,Agence Lucas,"1 rue d'Antony, 91370, Verrières-le-Buisson",http://www.agencelucas.com/
403204605,AGENCE LUGA IMMOBILIER,"33 bis cours de la republique, 11100, NARBONNE",http://www.agence-luga.com/
339473175,AGENCE MADRIGAL,"89 boulevard Franklin Roosevelt, 38500, Voiron",http://www.immosquare.fr/agence-immobiliere-voiron-madrigal.html
929834489,Agence Maes Immobilier Wambrechies,"74 Bis rue de Quesnoy, 59118, Wambrechies",http://www.maesimmobilier.fr/
897973475,AGENCE MAJA,"16 rue Perchepinte, 31000, Toulouse",http://www.agencemaja.fr/
524962024,Agence Majestic Immobilier Thonon,"10 RUE SAINT SEBASTIEN, 74200, Thonon-Les-Bains",http://www.majestic-immobilier.fr/
908178304,AGENCE MAJORELLE,"50 RUE RAYMOND POINCARE, 54000, Nancy",http://www.agence-majorelle.com/
989878517,Agence MANALEX IMMOBILIER,"127 avenue de la libération, 42120, Le Coteau",http://www.manalex-immobilier.fr/
398022939,Agence Margaux Immobilier,"17 place duffour Dubergier, 33460, Macau",http://www.margauximmobilier.fr/
393542261,Agence MARGUERETTAZ IMMOBILIER,"427 ROUTE DU FER A CHEVAL, 74250, La Tour",https://www.marguerettaz.immo/fr/
852622935,Agence Mariani Propriano,"Résidence du pont 2,4 rue des Pécheurs, 20110, PROPRIANO",https://propriano.letuc.com/
529664286,AGENCE MARIE-HELENE TOURNIER,"AGENCE MARIE-HELENE TOURNIER, 25000, Besançon",https://www.mhtournier-immobilier.fr/
525289443,Agence MARTIN Sisteron,"7 ALLEE DES ROMARINS, 04200, SISTERON",http://www.agencemartinimmo.com/
451340822,AGENCE MARTY,"99 RUE PARADIS, 13006, MARSEILLE",https://www.agencemarty.com/
399201391,AGENCE MAS VERMEIL,"MAS BALANDE ROUTE D'ELNE BP CS60019-66029, 66000, Perpignan",http://www.agencemasvermeil.fr/
834224644,AGENCE MATHIEU,"34 AVENUE GABRIEL PERI, 83220, Le Pradet",http://www.agencemathieu.fr/
492863378,AGENCE MAUGARD GAYRAUD,"5 RUE BARBES, 11000, Carcassonne",http://www.agencemaugard.com/
407702281,AGENCE MAUPASSANT,"19 POURTOUR DU MARCHE, 76400, Fécamp",http://www.fecampimmo.com/
520639147,Agence MAUPIN Pont Sainte Maxence,"15 RUE GEORGES DECROZES, 60700, Pont-Sainte-Maxence",http://www.agence-maupin-immobilier.fr/
334913175,AGENCE MOTTE,"23 Rue George Sand, 37000, Tours",http://www.agence-motte.com/
407986116,AGENCE MOUREY,"9 RUE DU PALAIS DE JUSTICE, 25000, Besançon",https://www.agencemourey.com/
538525148,AGENCE MURAT IMMO,"3 avenue des thermes, 63400, Chamalières",http://www.muratimmo.com/
408368280,AGENCE MURIEL VIDAL,"24 RUE JEAN ANTOINE DE BAIF, 66750, Saint-Cyprien",http://www.murielvidal.com/
982564676,AGENCE MUSCAT IMMOBILIER,"37 rue du 8 mai 1945, 38090, Villefontaine",https://www.muscat.immo/
813919677,AGENCE MY HOME,"1 ALLEE DES PRES, 42580, L'Étrat",http://www.agence-myhome.com/
528808785,Agence My Toulouse,"3 Rue Alexandre Dumège, 31300, Toulouse",https://www.agence-mytoulouse.com/
437713407,AGENCE N T IMMOBILIER,"39 rue Jean Jaurès, 62420, BILLY-MONTIGNY",http://www.nt-immobilier.fr/
534470380,AGENCE NAT-IMMO,"7 PLACE ILE DE FRANCE, 45210, La Selle-Sur-Le-Bied",http://www.agencenatimmo.fr/
403503766,Agence Nautile Immobilier,"61 Rue Frédéric Mistral, résidence l'Albatros B, 34280, La Grande-Motte",http://www.nautileimmobilier.com/
989571658,AGENCE NOBEL IMMOBILIER,"15 Quai Alfred Nobel, 66000, Perpignan",https://www.agencenobelimmobilier.fr/
790818579,AGENCE NORMANDE IMMOBILIERE,"17PLACE DU GENERAL DE GAULLE, 76730, Bacqueville-En-Caux",http://www.agence-normande.fr/
839063898,Agence Nouveau-Propriétaire,"Ccial Intermarché, Avenue de la promenade, 34420, Cers",http://www.nouveau-proprietaire.fr/
514713700,AGENCE NOVADIMM,"48 AVENUE FOCH, 54000, Nancy",https://www.novadimm.com/
423190719,AGENCE OCEANE,"60 RUE DE LIEGE, 56100, LORIENT",http://www.agenceoceanelorient.fr/
789992047,Agence Océane Pontaillac,"82 Avenue Pasteur, 17640, VAUX SUR MER",https://www.agence-oceane17.com/
535147763,AGENCE ODEIA IMMOBILIER,"1 RUE DU PORT, 33980, AUDENGE",https://www.agence-odeia-immobilier.com/
788863546,AGENCE OLIVIER,"27 place de l'office du tourisme, 74110, Morzine",http://www.agence-olivier.fr/
341405322,AGENCE OLT,"14 AVENUE GUY DE MAUPASSANT, 06160, Juan-les-Pins",http://www.agenceolt.fr/
503802126,Agence ONESTIM Immobilier Montbrison,"32 Rue Saint-Jean, 42600, Montbrison",http://www.agenceonestim.com/
801440587,AGENCE OPEN-IMMOBILIER,"13 quai Léopold Suquet, 34200, SETE",http://www.open-immo34.com/
833361496,AGENCE OTTONELLO,"16 Avenue du Général de Gaulle, 83520, Roquebrune-Sur-Argens",http://www.agence-ottonello.com/fr/agence-ottonello.htm
421356619,AGENCE OUEST OCEAN,"10 RUE GEORGES CLEMENCEAU, 85520, Jard-Sur-Mer",http://www.ouest-ocean.com/
395025125,Agence PACAUT,"BP126 - Les Alouettes, 71300, MONTCEAU LES MINES",http://agence-pacaut.fr/
504815515,AGENCE PAILLETTE,"20 RUE DE LA MADELEINE, 60000, Beauvais",http://www.agencepailletteimmobilierbeauvais.fr/
804139269,Agence PALM AVENUE - Expert immobilier Palm Beach,"25 avenue reine astrid, 06400, cannes",https://palmavenue.fr/fr/
332639335,AGENCE PARE,"66 rue de Paris, 62520, Le Touquet-Paris-Plage",http://www.agencepare.fr/
818048449,AGENCE PARTAM IMMOBILIER,"30 AV GENERAL LECLERC BAT LE SAXO ESPACE SAINT-GERMAIN BP 254, 38200, Vienne",http://www.partamimmobilier.fr/
850670035,AGENCE PASCAL,"-------------, 77100, Nanteuil-lès-Meaux",https://agencepascal.net/
528874019,Agence Pascale Louis Immobilier,"10 sentier des vignes, 54000, NANCY",http://www.pascalelouis-immobilier.fr/
328308119,AGENCE PASSY,"4 PLACE FRANKLIN, 06000, NICE",http://www.agencepassy.com/
414909341,AGENCE PATIOS DE LA MASSANE,"AVENUE DU TECH, 66700, Argelès-sur-Mer",http://www.patiosmassane.com/
413905373,Agence Patrimoine Immobilier API,"9 RUE DU CANADA, 06400, CANNES",https://www.immocannes.com/
815205802,Agence Patrimonia,"14 route de Quimperlé, 29360, Clohars-Carnoët",http://www.agence-patrimonia.fr/
403382096,Agence PEDRINI,"67 avenue Maréchal Foch, 69006, Lyon",http://www.regiepedrini.fr/
317838191,AGENCE PEILLEX DOUVAINE,"22 rue du centre, 74140, Douvaine",http://www.sweethomeleman.fr/
701820052,AGENCE PELE,"5 Rue des Postes, 16000, Angoulême",http://www.agence-pele.fr/
400471595,Agence Pelimmo Salon de Provence,"185 COURS VICTOR HUGO, 13300, SALON DE PROVENCE",http://www.pelimmo.com/pud.htm?kw=immobilier+Salon+de+Provence&gclid=COq3xI2Ti8sCFagy0wodSsAFJQ
106658743,AGENCE PERIGORD IMMOBILIER,"11 Place de la République, 24110, Saint-Astier",https://agenceperigordimmobilier.com/
532320967,Agence PERNELLE,"-------------, 25210, Le Russey",https://www.agencepernelle.com/
317218451,AGENCE PIERRE,"67 boulevard Blossac, 86100, Châtellerault",http://www.agence-pierre.fr/
448978916,AGENCE PIERRE LOTI,"2 - 4 rue Pierre LOTI, 17200, ROYAN",http://www.agence-pierre-loti.fr/
398261511,Agence Pierres Dorées,"16 passage du Colombier, 69400, Villefranche-sur-Saône",http://www.agencepierresdorees.com/
823899802,Agence PIETRAPOLIS LYON 7eme,"227, GRANDE RUE DE LA GUILLOTIERE, 69007, Lyon","https://www.pietrapolis.fr/agence/pietrapolis-lyon-7-lyon-69007,5"
579200882,Agence Pitrel,"6 rue Saint Thomas, 35000, Rennes",http://www.agencepitrel.fr/
512021916,Agence Poirier Immobilier Sciez,"60 ROUTE D EXCENEVEX, 74140, Sciez",http://www.poirier-immobilier.com/
413300575,AGENCE PORT ET PLAGE,"23 AVENUE GRASSION CIBRAND, 34280, Carnon",http://www.port-et-plage.com/
384207965,Agence Portbail Immobilier,"1 PLACE DE LA CITADELLE, 33390, Blaye",http://www.portbail-immo.fr/
483613295,AGENCE POUR MON BIEN,"6 allée des graviers, 28300, Lèves",https://www.pourmonbien.net/
445194228,AGENCE PRIMA IMMOBILIER,"1 AVENUE JEAN JAURES, 38500, Voiron",http://www.prima-immobilier.com/
538779729,AGENCE PRIVILEGE,"80 BOULEVARD CESSOLE, 06100, Nice",http://www.agenceprivilege.com/
333321255,AGENCE PROBY SCIT,"501 RUE DES PROFESSEURS TRUC RES . LES HAUTS DE ST PRIEST, 34090, Montpellier",http://www.proby.fr/
999536329,AGENCE PROVEUX,,http://agence-proveux.fr/
485323984,Agence PROX’IMMO,"8 rue des Terreaux, 38500, Voiron",http://www.proximmo-voiron.fr/
440028470,AGENCE PRUNIER,"13 AVENUE CHARLES DE GAULES, 71400, AUTUN",http://www.maisons-bourgogne.fr/
790280846,AGENCE PRUVOST IMMOBILIER,"110 RUE RAMBUTEAU, 71000, Mâcon",http://www.pruvost-immo.com/
416444735,AGENCE PUCCETTI,"Le Square 25 avenue de la résistance, 06140, Vence",http://www.agencepuccetti.com/
349963306,AGENCE PY,"17 RUE PASTEUR, 66190, Collioure",https://www.agence-py.fr/
529107674,Agence Pyrenees Immobilier ( A.P.I ),"46 rue theophile delcasse, 09000, Foix",http://www.pyrenees-immobilier.com/
984073064,Agence Pénates & Associés,"25 rue Jean Lecanuet, 76000, Rouen",http://www.penates-immobilier.fr/
789067808,AGENCE RALPH IMMO,"2 rue Gaston Berault, 94350, VILLIERS SUR MARNE",http://www.ralph-immo.fr/
439361502,Agence Reflet Marine Immobilier,"34 BD GEORGES CLEMENCEAU, 13600, La Ciotat",http://www.reflet-marine-immobilier.com/
898438569,AGENCE REGARD,"1626 Boulevard du Président Salvador Allende, 30000, Nîmes",https://www.immoregard.com/fr
484093489,AGENCE REIMS CATHEDRALE,"23 bis boulevard de la paix, 51100, REIMS",http://www.reims-cathedrale.fr/
502087786,Agence RELOOK IMMO,"14, rue des Marins, 33980, AUDENGE",http://www.relook-immo.com/
887682466,"Agence REM, La Gestion Autrement","13 Rue Grande, 13410, LAMBESC",https://www.agence-rem.fr/
309023232,AGENCE REMAUD,"39 RUE DU MARECHAL FOCH, 85190, Aizenay",http://www.agenceremaud.com/
976220152,Agence Rembert,"20 rue source de l'Hoptial, 03200, Vichy",https://www.agencerembert.com/
429952781,AGENCE REPARAT,"17 avenue pasteur, 19100, BRIVE LA GAILLARDE",https://www.agencereparat.com/
982589764,Agence Republic Albertville,"57 Rue de la République, 73200, Albertville",http://www.agencerepublic.fr/
016750929,AGENCE REPUBLIQUE,"1 rue du dauphinée, 21121, Fontaine-lès-Dijon",http://www.republique-immobilier.com/
818848871,AGENCE RESIDENCE,"147 AV DE LA SOMME, 33700, MERIGNAC",https://www.agence-residence.com/
928697234,Agence Residence,"25 Rue Lucas, 03200, Vichy",https://www.agence-residence.fr/fr
449470111,AGENCE REVELLIMMO,"22 BOULEVARD CARLONE, 06200, Nice",http://www.revellimmo.fr/
882497597,AGENCE REYNES,"6 BIS RUE MICHELET, 30100, Alès",https://www.agence-reynes.com/
930989728,Agence RH IMMOBILIER,,https://www.rh-immobilier.fr/
913679999,Agence Rive Gauche,"centre commercial lidl, 125 N7 - route de valence, 38150, Salaise-sur-Sanne",http://www.rivegaucheimmobilier.fr/
798374161,Agence RIVOLI,"75 rue de france, 06000, Nice",https://www.lagencerivoli.fr/
308797463,AGENCE ROBERT,"31 RUE DES HALLES, 16110, LA ROCHEFOUCAULD-EN-ANGOUMOIS",https://www.agence-robert.com/
617320676,AGENCE ROBERVAL,"52 RUE DE PARIS, 62520, LE TOUQUET",http://www.agenceroberval.fr/
342503885,AGENCE ROMAND,"29 av Gambetta, 67 av A. Denis, 15 av.G De G, 83400, Hyères",http://www.romand.com/
428228696,AGENCE ROUSSEAU,"44 RUE DU GEN DE GAULLE, 77230, Dammartin-en-Goële",https://www.immo-rousseau.fr/fr/
392378295,Agence Royale,"6 RUE DE LA REPUBLIQUE, 78100, ST GERMAIN EN LAYE",http://www.agence-royale.fr/
384307237,Agence Ruisseaux Théâtre,"5 rue Vaillant, 21000, DIJON",https://www.ruisseaux-immobilier.com/
326125929,Agence RÉAL Bordeaux,"40 cours de l'Intendance, 33000, Bordeaux",http://www.realgroup.fr/
902927821,Agence Résidence du Port Mandelieu-la-Napoule,"Agence Résidence du Port - 795, Avenue Général de Gaulle, 06210, Mandelieu-la-Napoule",https://www.agenceresidenceduport.com/
912009479,Agence S&F Immobilier Associés,"9 Chemin de la Salvetat, 31770, Colomiers",http://www.sf-immobilier.fr/
803779529,AGENCE S'ABSTENIR,"116 Av. d'Arnaudot, 33127 Saint-Jean-d'Illac, 33127, Saint-Jean-d'Illac",http://www.agence-sabstenir.com/
893521716,Agence Sabine HENRI - Immobilier Rural,"11 avenue du Viaur, 81190, Mirandol-Bourgnounac",https://www.immobilier-rural.com/
430121137,Agence Saint Clair Immobilier,"56 PLACE CARNOT, 27190, CONCHES EN OUCHE",http://www.agence-saint-clair.fr/
810367151,AGENCE SAINT LOUIS,"4 PL SAINT SAUVEUR, 14000, CAEN",http://www.immobiliercaen.fr/
893636662,Agence Saint Maur,"106 AVENUE SAINT-MAUR, 59110, La Madeleine",http://www.agencesaintmaur.fr/
480233139,Agence Saint Nicolas,"2 RUE GEORGES CLEMENCEAU, 78250, MEULAN EN YVELINES",https://www.agence-saintnicolas-meulan.fr/
444724009,Agence Saint-Joseph,"7 9 RUE HEDELIN PLACE DE LA GARE, 76190, Yvetot",http://www.century21-asj-yvetot.com/
390814226,AGENCE SAINTE MARIE,"1 rue du Maréchal Leclerc, 44210, PORNIC",http://www.agencesaintemarie.com/
800911018,AGENCE SAINTE MARIE IMMOBILIER,"44 AVENUE DES MARENDES, 66470, Sainte-Marie",http://www.sainte-marie-immobilier.com/
419364294,Agence Sainte Marthe,"31 RUE DU 24 FEVRIER, 79000, Niort",http://www.agence-saintemarthe.com/
521571893,AGENCE SANSON,"16/18/22 RUE ST ETIENNE DES TONNELIERS, 76000, Rouen",http://agence-sanson.fr/
414840181,AGENCE SANTACREU,"27 RUE DE PARIS, 77220, GRETZ ARMAINVILLIERS",http://www.agence-santacreu.com/
988359329,AGENCE SARIMO,"35 rue du faubourg de Pierre, 67000, Strasbourg",https://www.sarimo.fr/
329234645,Agence Saulire,"100 chemin des bleuets, 73550, MERIBEL-MOTTARET",http://www.agencesaulire.com/
501309272,AGENCE SCHIETSE IMMOBILIER,"29 RUE DU FORT, 59158, Mortagne-Du-Nord",http://www.schietse-immobilier.com/
440450070,AGENCE SCHORP,"153 Grand'Rue, 67500, Haguenau",http://www.agence-schorp.com/
353191489,Agence SENECAL Immobilier ROUEN,"177 Boulevard de l'Yser, 76000, Rouen",https://www.byg2simmobilier.fr/
453408874,AGENCE SERGE BASTIEN,"75, rue des bains, 01220, Divonne-Les-Bains",https://www.agencebastien.fr/
353956980,AGENCE SIB,"7 VOIE DU MORT RU, 91310, LONGPONT SUR ORGE",http://www.sib91.fr/
414077511,AGENCE SIMON AMBOISE,"13 1513 RUE JEAN JACQUES ROUSSEAU, 37400, Amboise",http://www.agence-simon.com/
444659817,Agence SITI – Thoissey,"8 PLACE DU COLLEGE ROYAL, 01140, Thoissey",https://www.agencesiti.fr/
393533922,AGENCE SMI-SMG,"25 PLACE SAINT MARC, 76000, Rouen",https://agence-smismg.fr/
063200059,Agence Soclova Cours Saint Laud,"5 JARDIN D EBLE, 49000, Angers",https://www.soclova.fr/location-achat/achat/achat-logement-social-angers/
352510929,AGENCE SOGIMO,"1 RUE DE CONDE, 33000, Bordeaux",http://www.leboncoin.fr/boutique/20905/agence_sogimo.htm?ca=2_s&w=3
843283979,AGENCE SOLUTION IMMO FOUGERES,"30 avenue francois mitterand, 35300, Fougères",https://www.agencesolutionimmo.com/
315334664,Agence Somaprim,"10 avenue du Verger, 62520, Le Touquet-Paris-Plage",https://www.somaprim.com/
379900541,AGENCE SOUILLÉ FRERES,"15 BOULEVARD GAMBETTA, 47200, Marmande",https://www.agence-souille.com/
998591507,Agence SOVAGIM,"24 BOULEVARD GEORGES CLEMENCEAU, 83300, Draguignan",http://sovagim.com/
437731870,Agence Soyez,"45 AVENUE ALBERT 1ER, 59300, Valenciennes",http://www.agencesoyez.fr/
394020549,AGENCE ST HUBERT,"166 rue Jean Moulin, 77630, Arbonne-La-Forêt",http://www.agencesainthubert.fr/
802317537,AGENCE STAND'IMM,"109 RUE GENERAL FAUCONNET, 21000, Dijon",http://www.standimm.com/index.php
893431684,Agence STB Immobilier,"51 Av. Jean Claude Dupau,, 07250, Le Pouzin",https://www.stbimmo.com/
481210300,AGENCE STI LA GRANDE MOTTE,"88 Avenue Robert Fages, 34280, La Grande-Motte",https://www.sti-immo.fr/agence-la-grande-motte.html
891356453,AGENCE STORM,,https://www.storm-immobilier.fr/
312478274,Agence Strasbourg Immobilière,"200 AVENUE DE COLMAR CENTRE D AFFAIRES LE MATHIS, 67100, STRASBOURG",https://www.asi67.com/
511070872,Agence Sweet Home Conseil,"92 Grand Rue Pierre Braun, 68170, Rixheim",http://www.sweethomeconseil.com/
385002498,AGENCE SYGESTIM,"1 Place Foch, 88000, Épinal",http://www.sygestim.fr/
980098800,AGENCE SYLVAIN IMMOBILIER,,http://www.sylvain-immo.com/
941563603,AGENCE TALLEC IMMOBILIER,"100 Rue de Brest, 22100, Dinan",http://www.tallecimmo.fr/
534884713,AGENCE TEISSIER,"1 PLACE OLLIER, 07140, LES VANS",http://www.agence-teissier.com/
410114425,AGENCE TERRE DE SOLEIL,"36 RUE DES 3 JOURNÉES, 30130, Pont-Saint-Esprit",http://www.agenceterredesoleil.com/
751620618,AGENCE TERRES CATALANES,"39 AVENUE PASTEUR, 66130, Ille-Sur-Têt",http://www.agenceterrescatalanes.com/
929550515,AGENCE TERRES D'ESTUAIRE,,http://www.agenceterresdestuaire.fr/
991707860,Agence Terres de Provence,"-------------, 84160, Cadenet",https://www.reseau-expertimo.fr/1449-mandataire/1
522282714,AGENCE THOM,"4 RUE ST GERMAIN, 53420, CHAILLAND",http://www.agencethom.com/
920015526,AGENCE THOMAS,"5, rue du 4 Septembre, 07200, Aubenas",http://www.agence-thomas.fr/
309066520,Agence Thouaré Immobilier,"12 PLACE DE LA REPUBLIQUE, 44470, Thouaré-Sur-Loire",http://www.immobilier-thouare.com/
341742260,AGENCE TISSOT,"110 RUE DE LA REPUBLIQUE, 74700, Sallanches",http://www.agencetissot.com/fr/
838715878,Agence Topaze immobilier,"1504 Avenue Maréchal de Lattre de Tassigny, 83600, Fréjus",https://www.topazeimmobilier.com/
938127503,Agence Tourangelle,"43 RUE LEON GAMBETTA, 37150, Bléré",http://www.agencetourangelle.fr/
441169364,AGENCE TOURRE,"2, rue Nationale - B.P. 25, 07120, RUOMS",http://www.agencetourre.com/
448795294,AGENCE TRANSAC IMMO,"111 RUE DU CHATEAU, 92100, BOULOGNE BILLANCOURT",http://transac-immobilier.fr/
934716804,Agence Treize Immobilier,"17 Rue des Écoles, 44120 Vertou, France",https://www.treize-immobilier.fr/
382922797,AGENCE TRINIMMO,"68 BOULEVARD DU GENERAL DE GAULLE, 06340, La Trinité",http://www.trinimmo.com/
349874891,Agence Valcros,"250 ALLEE DES PIONNIERS, 04140, MONTCLAR",http://www.valcros.fr/
807746474,AGENCE VALDEENNE,"33 rue des Templiers, 77123, Le Vaudoué",http://www.agencevaldeenne.fr/
840090773,Agence Valentin,"18 Rue Saint Livier, 57000, Metz",https://www.agencevalentin.com/
790640429,AGENCE VALLEE IMMOBILIER,"19 AVENUE ANTOINE DE SAINT EXUPERY, 91250, Saint-Germain-Lès-Corbeil",http://www.immo-vallee.com/
978181188,AGENCE VALOIR IMMOBILIER,"106 rue principale eich, 57430, Sarralbe",https://www.agencevaloirimmobilier.fr/
903405322,Agence Vancia Immobilier Rillieux-la-Pape,"2 rue de l’École 69140 RILLIEUX-LA-PAPE, 69140, Rillieux-la-Pape",https://vancia-immobilier.fr/
482630340,AGENCE VAUBAN,"4 RUE DE L ORME CHAMARS, 25000, Besançon",http://www.agencevauban.com/
452827314,Agence Vayrac Immobilier,"Avenue d'Uxellodunum, 46110, Vayrac",https://www.vayracimmobilier.com/
417874385,AGENCE VENDALI II,"2 Avenue Pasteur, 97450, Saint Louis",http://www.vendali-immobilier.com/
488461120,AGENCE VERHILLE,"19 PLACE DU GENERAL DE GAULLE, 62840, Fleurbaix",http://www.immobilierverhille.com/
440224269,AGENCE VERNAY,"19 rue Henri Janin, 94190, Villeneuve-Saint-Georges",http://www.vernay-immo.fr/
437946114,AGENCE VIGNE,"23 BD DU PORTALET, 30500, Saint-Ambroix",http://www.agence-vigne.com/
398406819,Agence VINENT IMMOBILIER,"8 PLACE EMILE LOUBET, 26200, Montélimar",http://www.vinent-immobilier.com/
878847276,AGENCE VIVA,"25 rue des Dames, 17000, La Rochelle",https://agence-viva.fr/
905016317,AGENCE VMIMMO,"73 Avenue de la Ferrière, 44700, Orvault",https://www.vmimmo.fr/
905212122,Agence Voirol Immobilier,"3 RUE DE LA TOUR MONGEARD, 52000, Chaumont",https://www.agencevoirol.com/
783436660,Agence Vosgelis de Neufchâteau,"11 RUE JULES FERRY, 88300, NEUFCHATEAU",https://www.vosgelis.fr/
808957344,AGENCE VOVARD IMMOBILIER,"61 BOULEVARD DE LA GARE, 95350, Saint-Brice-Sous-Forêt",http://www.vovardimmobilier.fr/
849488275,Agence WHITLEY Real Estate & Services,"16 place dei couquihage, 83600, Fréjus",https://www.whitley-immobilier.com/
412876856,AGENCE WILLAME IMMOBILIER,"24 rue du Maréchal Leclerc, 59540, CAUDRY",http://www.awi59.com/
434803987,Agence XL Immobilier – Nancy,"18 PLACE SAINT EPVRE, 54000, Nancy",http://www.xl-immo.net/
448947101,AGENCE.COM,"384 AVENUE DE CHASSEFORET, 73710, Pralognan La Vanoise",http://www.pralognan-agence.com/
793466996,AGENCE.IMMO,"8, rue honoré de balzac, 37000, Tours",https://www.agence.immo/
828419481,AGENCEIMMO.RE,"69 RUE MARIUS ET ARY LEBLOND, 97460, SAINT PAUL",http://www.agenceimmo.re/
451161939,AGENCES D' AUJOURD'HUI,"6 RUE GEORGES CLEMENCEAU, 14310, Villers-Bocage",https://www.ada-immo.com/
484957352,AGENCES POUGET,"36 RUE DE LA REPUBLIQUE, 47500, Fumel",http://www.quercyimmo.com/
429943616,AGENCES SAMIM,"68 Rue de la République, 30250, Aujargues",http://www.agence-samim.com/
404269151,Agencia,"21 QUAI SAINT PIERRE, 06400, Cannes",http://www.agencia.fr/
420500324,Agencia,"24 AVENUE CHARLES ROUXEL, 77340, Pontault-Combault",http://agencia-immo.fr/
791816432,AGENCITY BUSSY,"8 PL DE LA LIBERATION, 77600, Bussy-Saint-Georges","https://www.agencity.com/agence/agencity-bussy-bussy-saint-georges-77600,8"
791170269,AGENCY IMMO,"8 - 10 RUE BRETONNIE, 03100, Montluçon",http://www.agencyimmo03.fr/
879095719,Agency Immobilier,"15 Bd de la République, 13550, Noves",https://www.agency-immobilier.fr/
822557468,Agency PELIMMO Salon de Provence,"185 Cr Victor Hugo, 13300, Salon-de-Provence",http://www.pelimmo.com/agence-immobiliere/lambesc-13410/pelimmo/632338.htm
849044771,AGENT EXCLUSIF,"136 Avenue Gambetta, 93190, Livry-Gargan",http://www.agentexclusif.fr/
508160371,AGENT EXCLUSIF.COM,"12 Rte de Brive, 24590 Salignac-Eyvigues, 24590, Salignac-Eyvigues",https://agentexclusif.com/
752096677,Agent Mandataire France,"23-25, RUE JEAN JACQUES ROUSSEAU, 75001, Paris",https://www.agentmandataire.fr/
892783598,AGENT NICOIS,"2 PLACE MAGENTA, 06000, Nice",http://www.agentnicois.com/fr/
845256023,AGENTZIA,"26 Chemin de Manchulas, 64210, Bidart",https://www.lagentzia.com/
390926467,AGEO CONSEILS,"156 AVENUE JEAN JAURES, 33600, Pessac",http://www.ageoconseils.fr/
393534045,AGEPRIM IMMOBILIER,"1 RUE DU GOETHE, 67000, STRASBOURG",https://www.ageprim.fr/
502472012,AGERIS IMMOBILIER,"95 R GENERAL MICHEL AUDEOUD, 83000, Toulon",http://www.ageris.immo/
533377289,AGES LOC,"67 rue Guy Moquet, 75017, Paris",http://www.agesloc.com/
530975457,AGESTIA,"AGENCE ILLZACH 2 RUE DE PFASTATT PLACE DE LA REPUBLIQUE, 68110, Illzach",http://www.alsagest.com/
449280742,AGESTIS – Groupe SAINT-AGNE,"93 rue Edmond ROSTAND, 31200, Toulouse",http://www.agestis-immobilier.com/
489976084,AGESTYS,"6 BIS COURS DE GOURGUE, 33000, Bordeaux",http://www.agestys.fr/
421771304,AGEVAL IMMO,"97 BIS AVENUE DE LA REPUBLIQUE, 91230, Montgeron",http://www.agevalimmobilier.com/fr/
828074039,AGI IMMOBILIER,"210 RUE LEON GAMBETTA, 59000, LILLE",https://agi-immo.fr/
793223181,AGI PRESTIGE&PATRIMOINE,"54 AVENUE HOCHE, 75008, Paris",https://www.agiprestige-patrimoine.com/
400988812,AGIL IMMOBILIER,"16 rue Lesdiguieres, 38000, Grenoble",https://www.rk-conseil.fr/notre-agence-immobiliere/agil-immobilier/
891697922,AGILITY Immobilier,"1051 rue des jardins, 59870, Bouvignies",https://www.agility-immobilier.fr/
397467200,AGIT GOSIER,"Rue ValentinoBas du Fort, 97190, Le Gosier",http://www.fontenoy.com/
450410287,AGIT IMMOBILIER,"70 BOULEVARD ALSACE LORRAINE, 64000, Pau",http://www.agitimmo.com/
350324844,AGL IMMOBILIER,"8 BD SAINTE BARBE, 59140, Dunkerque",http://www.agl-immobilier.fr/
824468854,AGM IMMOBILIER,"76 AV DU HAUT VERNET, 66430, Bompas",http://www.agmimmobilier.com/
812459303,AGV Immobilier transactions immobilières,"807 Chemin de Larnac, 30100, Alès",http://www.agv-immobilier.com/
992928200,AHHX HABITAT,"21 RUE DU RETALAIRE, 29260, LESNEVEN",https://ahhx.fr/
431494772,AHORA IMMOBILIER,"11 Bd du Redon,, 13009, MARSEILLE",http://www.ahoraimmobilier.com/
753756832,AIB,"4 RUE DU BELVEDERE, 78750, Mareil-Marly",http://www.aibmareil.com/
809592082,AIB IMMOBILIER,"22 PLACE DE L'EGLISE, 78660, Ablis",http://www.aibimmobilier.fr/
907571608,AIBG patrimoine,"65 Chemin de Saint-Menet aux Accates, 13011, Marseille",https://lbagency.fr/
315683623,AIC,"22 AVENUE ARISTIDE BRIAND, 76000, ROUEN",http://aicimmobilier.fr/
977969898,AID Plus - Immobilier à Sarcelles,"72 Rue Pierre Brossolette, 95200, Sarcelles",https://www.aidplus.fr/
821513256,AIFD Immobilier,"17 rue de la poste, 69970, CHAPONNAY",http://www.aifd-immobilier.fr/
843087677,AIGUES VIVES IMMO,"44 GRAND RUE, 30670, AIGUES VIVES",https://www.aiguesvivesimmo.fr/
824912133,AIGY PROMOTION,"57 rue de Châteaudun, 75009, Paris",https://aigypromotion.fr/
329086664,AIK - Agence Immobilière du Kochersberg,"16 Rue du Faubourg-de-Pierre, 67000, Strasbourg",https://www.aik-immo.com/
508969995,AILLEURS IMMOBILIER,"2 bis rue de boignePassage vaugelas, 73000, CHAMBERY",http://www.ailleurs-immobilier.com/
391634912,AIN HABITAT – BOURG,"22 Rue De La Grenouillere, 01000, Bourg-En-Bresse",http://www.ainhabitat.fr/
330098120,AIN RHONE IMMOBILIER,"99 RUE CLAUDE BERNARD, 69400, Villefranche-Sur-Saône",http://ain-rhone-immobilier.fr/
750512790,AINTER-IMMO,"718 grande rue de la cotiere, 01160, PRIAY",http://www.ainter-immo.com/
381858232,AIP IMMOBILIER,"130 RUE JEAN JAURES, 29200, Brest",http://www.aip-immobilier.fr/
931358725,AIP Les Herbiers,,http://www.aiplesherbiers.com/
512068339,AIP SANCY - Immobilier de Tourisme,"lac chambon, 63790 Chambon-sur-Lac, 63790, Chambon-sur-Lac",https://www.aip-sancy.com/fr
421530205,AIPC,"7 Rue d'Orléans BP 90419, 35104, RENNES cedex 03",https://www.archimmobilier.fr/
410355200,AIPG,"1 rue Pierre et Marie Curie, 22590, PORDIC",http://www.aipg.fr/
515306991,AIPN Menard Immobilier Sotteville,"102 Av. du 14 Juillet, 76300, Sotteville-Lès-Rouen",http://www.aipn-immo-76.com/fr/
810360842,AIR IMMOBILIER,"5 Rue Nicolas de Largillière, 66000, Perpignan",https://www.airimmobilier.com/
882434079,Air Loc',,https://brunopaquet-immobilier.fr/
823691431,AIR TERRE MER IMMOBILIER,"289 avenue Charles Gantelme, 83200, Toulon",http://www.airterremer-immobilier.com/
537961146,AIS BEAUSSAIS SUR MER,"11 Rue du Colonel Pléven, 22650, Beaussais-sur-Mer",https://www.agence-immo-service.com/
819695594,AIX LA DURANNE IMMOBILIER,"245 Avenue Augustin Fresnel, 13100, Aix-En-Provence",http://www.aix-laduranne-immobilier.fr/
537522039,Aix-Puyricard Immobilier,"2 RUE PRINCIPALE, 13540, PUYRICARD",http://www.aix-puyricard-immo.fr/
814576997,AIXTY,"1695 Route d'Eguilles, 13090, Aix-En-Provence",http://www.aixty.com/
851403238,AIZA Valérie,"-------------, 34330, LA SALVETAT SUR AGOUT",https://www.reseau-expertimo.fr/1448-mandataire/1
752960484,AIZENAY IMMOBILIER,"2 RUE DE LA MONNAIE, 85190, Aizenay",https://www.aizenay-immobilier.fr/
347629560,AJACCIO IMMOBILIER,"10 AVENUE IMPERATRICE EUGENIELE TAMARIS, 20000, Ajaccio",http://www.ajaccio-immobilier.com/fr
420995771,AJC IMMOBILIER,"30 AVENUE DE LA RESISTANCE, 93340, LE RAINCY",http://www.agence-ajc.com/
521377846,AJC IMMOBILIER CANNES,"5 Avenue Maréchal Juin, 06400, CANNES",http://www.ajcimmobiliercannes.fr/
841285125,AJC IMMOBILIER PRÉBENDES,"35, Rue Principale, 37510, SAVONNIERES",http://www.ajc-immobilier.com/
438567828,AJL IMMOBILIER,"381, avenue du Mas d'Argeliès Immeuble NEW WORK 1 au rez-de-chaussée, 34070, Montpellier",http://www.ajl-immobilier.com/
811537224,AJOA IMMOBILIER,"36 Rue Séverine, 93600, AULNAY SOUS BOIS",http://www.ajoaimmobilier.fr/
941973638,AJR Consultants - Arthur Loyd Tours,"47 Rue Édouard Vaillant, 37000, TOURS",https://www.arthur-loyd.com/tours
901782847,AJUSTE IMMOBILIER,"260 Boulevard Barthelemy Abaddie, 13730, Saint-Victoret",https://www.ajuste-immobilier.com/
385153986,AJY IMMOBILIER,"2 AVENUE DE BORDEAUX, 33510, Andernos-Les-Bains",http://www.ajy.fr/
804504215,AK IMMO,"129 AVENUE EUGENE VARLIN, 77270, Villeparisis",http://www.akimmo.fr/
498775485,AKELLIANCE SAS,"15, route de Lyon, 38080, Saint Alban De Roche",https://www.akelliance.com/
829299718,AKESIA,"17 RUE STANISLAS, 54000, Nancy",https://www.akesia.fr/
899803639,AKOMI,"15 Rue de la Bolle, 88100, Saint-Dié-des-Vosges",http://www.akomi.fr/
989525241,Akor Immobilier Sommières,"33 PLACE DE LA LIBERATION, 30250, Sommières",http://www.akor-immobilier.fr/
493017776,aktya,"6 RUE LOUIS GARNIER, 25000, BESANCON",http://www.aktya.fr/
904545001,AKYLES IMMO,"GRAND PLACE, 59300, Valenciennes",http://www.akyles-immo.com/
500340484,AKYOM,"route de Toulouse, 81990, Le Séquestre",http://www.akyom.fr/
982803025,Al Immobilier Entre Alpilles et Luberon,"33 rue Lamartine, 84300, CAVAILLON",https://www.agencesprivees.com/
841278708,ALAIN RENOU IMMOBILIER,"62 Gde Rue - Couhé, 86700, Valence-en-Poitou",http://www.alainrenoutransactions.fr/
883650749,ALAIN RIONDET IMMOBILIER,"47 chemin du Vieux Chêne, 38240, Meylan",http://www.ari-immobilier.fr/
498921089,Alain Rivière Sweven Immobilier,"-----------, 31830, Plaisance-du-Touch",https://www.sweven-immo.fr/
504921321,ALARIC IMMO,"10 RUE DES TONNELLES, 11200, FABREZAN",https://www.alaric-immo.fr/
833993702,ALBALYS IMMOBILIER,"5 rue Michel Montaigne, 33500, Libourne",http://albalys-immobilier.fr/
492260542,Alban and Friends,"-------------, 13001, Marseille",https://www.albanandfriends.com/
485152516,Alban Thouroude EI Cimm Immobilier,"-------------, 38190, FROGES",https://alban-thouroude.cimm.com/
392053518,ALBANNE IMMOBILIER,"16 RUE JUIVERIE, 73000, CHAMBERY",https://www.albanneimmo.fr/fr/
481667681,ALBATROS IMMOBILIER,"3 PLACE ALBERT LEMARIGNIER, 14150, Ouistreham",http://www.albatros-immobilier.com/
845021583,ALBERT 1ER IMMOBILIER,"25 RUE DES DRAPIERS - 122 BOULEVARD ALBERT 1ER, 76600, LE HAVRE",http://www.agencealbert1er.fr/
795377167,Albert Ancre Immo,"42 Avenue du Parc, 80300, Albert",https://www.albertancreimmo.fr/
524694783,ALBERT IMMO,"1 RUE DE L ANCIENNE MAIRIE, 49350, Gennes",http://www.albert-immo.fr/
532580867,ALBERT IMMOBILIER,"24 rue de la république, 83190, Ollioules",http://www.albert-immobilier.com/
817653298,ALBERTINI Adeline,"-------, 20600, FURIANI",http://www.reseau-expertimo.fr/
891405052,ALBET IMMOBILIER,"3 boulevard de Strasbourg, 81000, Albi",http://www.albet-immobilier.fr/
453951006,ALBIEZ IMMOBILIER,"Place Opinel, Résidence de la Place du Village, 73300, Albiez-Montrond",http://www.albiez-immobilier.com/
818681462,ALBIGNY IMMOBILIER,"22 Avenue de la Maveria, 74940, Annecy",https://www.albigny-immobilier.com/
537786394,ALBINI Bruno,"-------, 84100, ORANGE",http://www.agenceexpertimo.fr/
901266056,ALC IMMOBILIER ALENCON,"5 RUE DE LA CHAUSSEE, 61000, Alençon",http://www.alcimmobilier.com/
917478109,Alexandra DAUBY - Noovimo,"----------, 44850, Saint-Mars-du-Désert",https://adauby.noovimo.fr/fr
798439352,Alexandra Djordjevic,"63200, Riom",https://lmdimmobilier.fr/
524509643,ALEXANDRA DUFOUR IMMOBILIER,"11 RUE JULES FERRY, 11430, Gruissan",https://www.alexandradufourimmobilier.com/
931612931,ALEXANDRY IMMOBILIER,"106 Rue Frédéric Mistral, 30126, Tavel",http://www.alexandryimmobilier.fr/
819868811,Aleximmo,"24 Chemin de Berquin, 33550, Langoiran",https://www.agence-aleximmo.fr/
894028919,ALFRED PROPERTY,"10 Rue des Mouettes, 74940, Annecy",http://www.alfred-property.com/
791851652,ALGT IMMO,"16 RUE DU VERGER, 31170, Tournefeuille",http://www.algtimmo.fr/
803806264,ALHYS IMMOBILIER,"-----------, 91620, La Ville-du-Bois",http://www.alhys.com/
901309245,ALIENOR IMMOBILIER,"20 avenue de la fraternité, 24750, Boulazac Isle Manoire",https://www.maisons-alienor.fr/vente-immobiliere-aquitaine/?type-de-transaction=vente
431576826,ALIZE IMMO,"PLACE PAUL LOUIS COURIER, 37270, VERETZ",https://www.alizeimmo.fr/
502193881,ALK IMMO ANNECY,"1, rue de l'Industrie, 74000, Annecy",http://www.alkimmo.com/
960506152,ALL ACCESS NEUF,"169, avenue Jean Jaurès, 69007, Lyon",http://www.alliadehabitat.com/
353789738,ALLAIN IMMOBILIER,"17 AVENUE FOCH, 56400, AURAY",http://www.allain-immobilier.com/
538179177,ALLIANCE COMMUNICATION,"161 Chemin de la Fare, 30360, Vézénobres",https://www.alliancecommunication.fr/
842091274,ALLIANCE DES MASCAREIGNES,"102 bis r Concorde, 97438, Sainte-Marie",http://www.alliancedesmascareignes.net/
399987817,ALLIANCE GROUPE IMMOBILIER,"2 RUE ANTONIO VIVALDI, 90100, Delle",https://www.allianceimmobilier.com/
800396871,ALLIANCE IMMO 78,"1100 avenue du général De Gaule, 78370, Plaisir",http://www.alliance-immo-78.fr/
448188045,ALLIANCE IMMOBILIER,"2 RUE DE ROMILLE, 35360, Montauban-De-Bretagne",http://www.immobilier-alliance.com/
448105163,ALLIANCE IMMOBILIER LUXEUIL,"49 RUE VICTOR GENOUX, 70300, Luxeuil-Les-Bains",http://www.alliance-immobilier-luxeuil.fr/
449950815,ALLIANCE IMMOBILIER SERVICE,"47 rue de la prefecture, 58000, Nevers",http://www.allianceimmobilierservice.com/
414587238,ALLIANCE IMMOBILIERE 81,"37 RUE SERE DE RIVIERES, 81000, ALBI",http://www.ai81.fr/
400706370,ALLIANCE TRANSACTION IMMOBILIERE BELFORT,"6 RUE DU DOCTEUR FRERY, 90000, Belfort",http://www.allianceimmobilier.com/
414576967,ALLIANCES IMMOBILIER,"36 RUE PAUL CEZANNE, 68200, Mulhouse",http://www.alliancesimmo.com/
891750630,ALLIANCES IMMOBILIERES,"2, Rue du Saint Esprit, 80100, Abbeville",http://www.alliances.immo/
270300023,ALLIER HABITAT,"15, rue de Villars, 03007, Moulins",http://www.allier-habitat.fr/
534839816,ALLO IMMO PRO,"Résidence Aitzina Bat D 69 avenue de Bayonne, 64600, Anglet",http://www.allo-immopro.com/
878727205,ALLOWA,"90 AV DU GEN DE GAULLE 92400 COURBEVOIE, 92400, Courbevoie",http://www.allowa.com/
934592189,ALMA IMMO,"15 Route de Tours, 37190, Azay-le-Rideau",http://www.alma-immo.fr/
449674548,ALMA IMMOBILIER,"4 boulevard de Toulhars, 56260, Larmor-Plage",https://www.immobilier-alma.com/
978123602,ALMA IMMOBILIER,"16 RUE BOULBONNE, 31000, Toulouse",https://www.almabyevelynele.com/
834554586,ALOES IMMOBILIER,"1, Bd Diderot, 30220, Aigues-Mortes",https://www.aloesimmo.com/fr/
541850111,ALOGEA,"6B rue barbes, 11000, Carcassonne",https://www.alogea.fr/
413101197,Alp Agence,"45 Place du Chaudron, 73210, La Plagne Tarentaise",https://www.alpagence.com/
982933731,ALP'ELITE Immobilier,"180 Chemin des Massants, 73420, Drumettaz-Clarafond",http://www.alp-elite-immobilier.fr/
414566240,ALP'IMMO,"6 AVENUE DU DAUPHINE, 05100, BRIANCON",http://www.alp-immo.com/
981365752,Alpaca Immobilier,"330 All. des vignes, 34980, Montferrier-sur-Lez",https://alpaca.immo/
891265860,ALPAGES IMMOBILIER,"152 cours Rohner, 05560, Vars",http://www.alpages-immo.com/
450513874,ALPAZUR IMMOBILIER,,http://www.alpazur.fr/
905097671,ALPES AZUR IMMO,"39 Rue de Montpelaz,, 74150, Rumilly",http://www.alpes-azur-immo.com/
820034320,ALPES IMMOBILIER,"92, route des grandes alpes, 74220, La Clusaz",https://www.alpesimmobilier.com/
813040649,ALPES IMMOBILIER 05,"PLACE AUX HERBES, 05000, Gap",http://www.alpes-immobilier05.fr/
918136664,Alpes Invest immobilier,"284 avenue de la gare, 38530, Pontcharra",http://www.alpesinvest.fr/
779537125,Alpes Isère Habitat,"21 Avenue de Constantine, 38100, Grenoble",http://www.alpeshabitat.fr/
440344141,ALPES REGIE TRANSACTION,"101 RUE DE LA REPUBLIQUE, 38430, MOIRANS",http://www.immobilierart.com/
316643543,ALPES RHONE CONSEIL IMMOBILIER,"44 BOULEVARD FOCH, 38000, Grenoble",http://www.alpes-rhone-immo.com/
510933823,Alpesvente : Portes du Soleil & Haute-Savoie,"ALPESVENTE, 1852 route des Grandes Alpes, 74430, Saint-Jean-D'Aulps",http://www.alpesvente.com/
528630759,ALPHA IMMO,"46 ROUTE DE CHARTRES, 91470, Limours",http://www.agence-alphaimmo.fr/
482271624,ALPHA IMMOBILIER,"5 RUE DE PONTARLIER, 25000, Besançon",http://www.alphaimmobilier25.com/
523241206,Alpha Immobilier,"10 Rue Edouard Herriot, 76600, LE HAVRE",https://www.alpha-immobilier.immo/
750808065,ALPHA OMEGA CONSTRUCTEUR,"60 Chemin du Pan, Les Couleures II, 26000, Valence",http://www.alpha-omega-constructeur.com/
415135151,ALPHA PATRIMOINE,"37 rue du Général Lebocq, 67270, Hochfelden",https://www.alphapatrimoine.fr/
930057799,"Alpha Terra, Promotion et Agence Immobilière","2 ALL DES MYOSOTIS, 14440, Douvres-la-Délivrande",https://www.alphaterra-immobilier.fr/
532830908,ALPHA TRANSAC IMMO,"24 avenue des Frères Montgolfier, 63170, Aubière",http://www.alphatransac.com/presentation.html
433911021,ALPIC IMMOBILIER,"62 Grande Rue, 73220, AIGUEBELLE",http://www.alpic-immobilier.com/
454021239,ALPIERRE,"4 PLACE LUCIEN VICTOR MEUNIER, 33000, Bordeaux",http://www.alpierre-immobilier.fr/
478231988,Alpihome,"1 rue Jean Jaurès, 74000, Annecy",http://www.alpihome.com/
888876968,ALPILLES IMMO,"70 BIS BOULEVARD ALSACE LORRAINE, 13210, Saint-Rémy-de-Provence",http://www.administrateurs-de-biens.fr/
853357580,Alpilles Soleil Immobilier SENAS,"ZAC DE LA CAPELETTE, 13560, Sénas",http://www.alpillessoleilimmobilier.fr/
508578556,Alpine Property,"153 Chemin du Chargeau, 74110, Morzine",https://alpine-property.fr/
106637861,ALPS ESTATE,"23 Avenue du 8 Mai 1945, 73600, Moûtiers",https://www.alps-estate.com/fr
310133368,Alpvision immobilier,"66 route du Linga, 74390, Châtel",https://alpvisionimmobilier.com/fr/
831361142,Alré Immobilier,"10 AVENUE MARÉCHAL FOCH, 56400, Auray",http://www.alre-immobilier.fr/
890045461,ALS EXPERTISE,"4 rue du pla de lom, 09200, Saint-Girons",https://alsexpertise.fr/
382137230,ALS IMMOBILIER A DIJON,"22 RUE CHABOT CHARNY, 21000, DIJON",http://www.als-immobilier.com/
548501360,Alsace Habitat,"4 Rue Bartisch, 67100, Strasbourg",https://www.alsacehabitat.fr/
393817937,ALSACE PROMOTION GESTION,"24 rue Rapp, 68000, Colmar",http://www.alsace-promotion.fr/
480789486,ALT IMMOBILIER,"3, place de l'hôtel de ville, 61210, Putanges-le-Lac",http://www.altimmobilier.fr/
818371163,ALTA COSTA SERENA,"840 Avenue du 9 septembre, 20240, Ghisonaccia",https://costaserena.fr/fr/
750001372,ALTA IMMOBILIER,"7 rue jean jaurès, 20137, Porto-Vecchio",https://altaimmobilier.com/fr/
943646653,ALTARAC IMMOBILIER,"1 Place du Président Thomas Woodrow Wilson, 31000, TOULOUSE",http://www.altarac-immobilier.fr/
401165089,ALTAREA GESTION IMMOBILIERE,"87 rue de Richelieu, 75002, Paris",https://altarea-gestion-immobiliere.com/
452148349,ALTAïR IMMOBILIER,"1 QUAI ARMAND SYLVESTRE, 09400, Tarascon-Sur-Ariège",http://www.altair-immobilier.fr/
630802262,ALTEAL,"19 allée du Lauragais, 31770, Colomiers",https://xn--altal-dsa.fr/
509671012,ALTEAME,"3 Rue Andrei Sakharov, 76130, Mont-Saint-Aignan",http://www.alteame.fr/
821075868,ALTER AGENCE,"10 GRAND RUE, 34550, BESSAN",http://www.alteragence.fr/fr/
810272294,ALTER IMMO PAU,"110 boulevard Alsace Lorraine, 64000, Pau",https://www.alterimmo-bearn.fr/
498145861,ALTER IMMOBILIER,"46 Route de l'Eperon, 97435, SAINT GILLES LES HAUTS",https://www.alter-immobilier.re/
829930650,ALTEREGO BELIN BELIET,"99 AVENUE ALIENOR, 33830, Belin-Béliet",http://www.alterego-immo.fr/
905351235,ALTI-IMMO,"3 rue de la victoire, 43600, Sainte-Sigolène",https://www.alti-immo.fr/
104388483,Altilac Immobilier,"Bâtiment Tokyo 301 Rue Jacques Cellier, 73100, Grésy-sur-Aix",http://www.altilac-immobilier.com/
449079359,Altim,"54, boulevard Vaugirard, 75015, Paris",https://www.altimconseil.fr/
388238073,ALTIMMO,"29 place du 8 mai 1945, 63540, Romagnat",https://altimmo63.fr/
510128788,Altiss,"11 rue de la paix, 74000, Annecy",http://www.altiss.fr/
380671545,ALTITUDE IMMOBILIER,"105 ROUTE DE VONNES, 74390, Châtel",http://www.altitudeimmobilier.com/
498115047,Altitudes Transactions Commerces,"118 Square de la Liberté, 73600, Moûtiers",http://www.atc.immo/
900463738,ALTIVE 89,"25 Grande Rue Saint-Antoine, 89110, Montholon",https://www.altive.fr/
448867549,ALTIXIMMO 33,"66 AVENUE DE LA RÉPUBLIQUE, 33450, Saint-Loubès",http://www.altiximmo33.fr/
921171559,ALTO IMMO,"10C Rue de Schirrhein, 67410, Drusenheim",http://www.alto-immo.fr/
940900491,Altura immobilier,"59 Rue de Kingersheim, 68270, Wittenheim",https://www.alturaimmobilier.fr/
353978299,ALVIMMO,"19, Avenue du Général Leclerc, 91120, Palaiseau",http://www.alvimmo.com/
850013673,AM CONCEPT & PATRIMOINE,"Centre commercial du chênes verts, 06340, La Trinité",https://www.amconcept.immo/
439367202,AM GESTION,"2 Avenue du Général de Gaulle, 87240, Ambazac",https://amgestion.fr/
842090276,AM IMMO,"8 Rue des Argonautes, 97434, Saint-Paul",https://www.amgroupe.re/
479482036,AM IMMOBILIER,"1, RUE FRANÇOIS JEGOU, 22190, Plérin",https://www.milon-immobilier-plerin.fr/
827788381,AM IMMOBILIER,"17 Rue Jean Jaurès, 68360, Soultz-Haut-Rhin",http://www.am-immobilier68.fr/
429421639,Amac Immobilier,"20 Av. Outrebon, 93250, Villemomble",https://www.amacimmo.com/
952606846,AMAE IMMOBILIER,"229 boulevard de la république, 33510, Andernos",https://www.amae-immobilier.com/
879461853,AMANDINE RENAUD,"Avenue Watteau, 94130, NOGENT-SUR-MARNE",http://www.amandine-immobilier.com/
879533131,AMANDINIMMO,"60 avenue Charles Monier, 77240, Cesson",http://www.amandinimmo.fr/
901007120,AMANS IMMOBILIER,"173 Bd Maréchal Leclerc, 83200, Toulon",https://www.amans-immobilier.com/
821752052,AMARYM,"16 GRANDE RUE, 80460, Ault",https://www.amarym.com/
528755358,AMAYA TRANSACTIONS,"14 BOULEVARD ALSACE LORRAINE, 64000, Pau",http://www.amaya64.com/
839792785,AMB IMMOBILIER,"23 Rue de Paris, 28700, Aunay-sous-Auneau",https://www.ambimmobilier.fr/
942945460,Amberia Immobilier - Agence Saint-Jean le Blanc,"27 bis Rue du Général de Gaulle, 45650, Saint-Jean-le-Blanc",https://www.amberia-immobilier.fr/
792022071,AMBIANCE IMMOBILIER - Mireille Mugler-Filliat,"340 RUE BLAISE PASCAL, 07500, Guilherand-Granges",http://www.ambianceimmobilier.fr/
824739627,AMBRE IMMOBILIER,"7 B, RUE DU ONZE NOVEMBRE 1918, 26760, Beaumont-Lès-Valence",http://www.ambre-immobilier.fr/
979985975,AMEDEE IMMOBILIER,"61 AV GAMBETTA, 82000, MONTAUBAN",https://www.amedee-immobilier.fr/
909623407,Amel'immo,"65 RUE LAFAURIE DE MONBADON, 33000, Bordeaux",https://www.amelimmo.com/
949664171,AMELIE DHERRET IMMOBILIER,"., 74250, Peillonnex",https://www.ameliedherret-immo.com/
750157356,AMENAGEMENT 3F,"120 rue de l'Ile Napoléon, 68170, Rixheim",https://amenagement3f.fr/
852871540,Amenatys,"6 rue De La Rigourdière, 35510, Cesson-Sévigné",https://amenatys.fr/terrain/
892655770,AMEVET IMMOBILIER,"78 Impasse des Oliviers, 84450, Jonquerettes",http://www.amevetimmo.fr/
422966465,Amex – Aménageur promoteur,"3 rue de la scierie, 76530, Grand-Couronne",https://www.amex-ap.fr/
343999207,AMI Immobilier Bièvres,"17 rue de Paris, 91570, Bievres",https://www.ami-immo.com/
922372883,AMICASA IMMOBILIER,,http://www.amicasa-immobilier.com/
989934856,AMICHE Abdel-Ouhab,"-------, 59000, Lille",https://www.expfrance.fr/
332119635,AMIENS IMMOBILIER,"129 CHAUSSEE SAINT PIERRE, 80000, AMIENS",https://www.amiens-immobilier.net/
432434710,AMILTONE IMMOBILIER,"897 rue Edouard Herriot, 01480, Jassans-Riottier",http://www.amiltone-jassans.com/
811216092,AMJ IMMO,"37 rue de Epis, 34130, Carnon-Plage",https://www.amj-immo34.com/
879047124,Amj Immo,"404 Rue du Bois des Clefs, 74330, Epagny Metz-Tessy",http://www.immobilierepagny.fr/
909760563,AMK IMMOBILIER,,http://www.amkimmobilier.com/
487450256,AMO Immobilier neuf,"102 bis, rue St Marceau, 45100, Orléans",https://www.amo-immobilierneuf.fr/
315667410,AMSOM HABITAT,"1 rue du Général Frère, 80080, Amiens",http://amsom-habitat.fr/devenir-proprietaire/
528784291,ANABAMA,"1 rue du sacré coeur, 33200, bordeaux",https://anabamaimmobilier.wordpress.com/
844797753,ANAIS IMMOBILIER,"2 BD DE LA REPUBLIQUE, 31250, Revel",https://www.anaisimmobilier.fr/
818637746,Anatole France Immobilier,"32 AVENUE ANATOLE FRANCE, 54000, Nancy",http://www.anatole-immo.com/
837508175,Anaïs Davenet,"----------, 76630, Petit-Caux",https://www.drhouse-immo.com/
539013326,ANB IMMOBILIER,"4 rue d'angouleme, 16220, Montbron",http://www.anb-immobilier.com/fr/
881808737,ANDERSEN ESTATE,"327 CHEMIN DU PETIT FOUR, 06600, Antibes",http://www.andersenestate.com/
378621189,ANDERSEN IMMOBILIER,"6a, rue Théophile Schuler, 67000, Strasbourg",http://www.andersenimmobilier.com/
854098563,ANDERSEN IMMOBILIER,"47 avenue joliot curie, 66690, Palau-del-Vidre",http://www.andersenimmobilier.net/
640801981,ANDRAU IMMOBILIER,"23 RUE DE REMUSAT, 31006, TOULOUSE CEDEX 6",http://www.andrau-immobilier.com/
341621001,ANDRE GARRETA IMMOBILIER,"38 BIS BD DES PLAGES, 64600, ANGLET",http://www.garreta-immobilier.com/
819528498,ANGE IMMOBILIER,"105 RUE DE LA REPUBLIQUE, 83210, La Farlède",https://www.angeimmobilier.fr/
891434995,ANGELE IMMOBILIER,"85 Bd de la Croix-Rousse, 69004, Lyon",https://www.angeleimmo.com/
799302484,Angé immobilier,"23 RUE BUGEAUD, 69006, Lyon",http://www.immograndlyon.com/
753039429,Angéline Mignot - Dream Immo,"----, 30500, ALLÈGRE LES FUMADES",https://www.dream-immo.com/
801157181,Angélique LEVERT - NIDEAL IMMOBILIER,"-----, 27940, VILLERS SUR LE ROULE",https://www.nideal-immobilier.fr/
931937106,ANNA DUPERIE IMMOBILIER,,https://www.annaduperieimmobilier.fr/
508016052,Anne Décultot,"---, 76230, bois-guillaume",https://www.lesportecles.com/agents/597-anne-decultot-bois-guillaume-mt-st-aignan-bihorel-rouen-et-alentours-france
389012824,Anne HAGENAUER - NIDEAL IMMOBILIER,"----, 30111, CONGENIES","https://www.nideal-immobilier.fr/conseiller/anne.hagenauer,146"
891650921,ANNE IMMOBILIER,"9 Rue du Nantil 71150 Chagny, 71150, Chagny",https://www.anne-immobilier.fr/
390744894,Annick MELISEN - NAOS immobilier,"------4 rue de Triquerville, 35400, Saint-Malo",http://linkedin.com/in/diplomate-civil-humanitaire-annick-melisen-725526119
790980007,Annik ABROT DUPONT - WALTER & DE MAISON (44),"----------, 75009, Paris",http://www.walteretdemaison.com/
353831894,ANNONAY IMMOBILIER SARL,"DOMAINE DE LA GARE IMMEUBLE LE REPUBLIQUE BP 178, 07100, Annonay",https://www.annonayimmobilier.com/
833907058,ANOVA IMMOBILIER,"3 rue de la Gare, 67370, Truchtersheim",https://www.anovaimmo.fr/
502044621,ANP Immobilier,"34 Pl. Georges Gaudet, 44140, Geneston",http://www.anp-immobilier.com/
497856393,ANTARES IMMOBILIER,"19 avenue du Marechal Juin, 78420, Carrières-sur-Seine",https://www.antares-immobilier.fr/
353789613,ANTIGONE IMMOBILIER - Transaction et Location,"105 avenue des Poilus, 83110, Sanary-sur-Mer",https://www.antigone-immo.com/
315518803,ANTIN +,"59, rue de Provence, 75009, Paris",https://www.antin-residences.fr/
504167131,ANTOINE IMMOBILIER,"2 RUE HANNELOUP, 49000, ANGERS",https://www.antoine-immobilier.com/
894946128,ANTON IMMOBILIER,"76 av Jean Jaurès, 30900, Nîmes",http://www.anton-immobilier.fr/
827596784,AP IMMOBILIER,"CENTRE DE PROXIMITE DE LA PETITE FIN, 21490, Saint-Julien",http://www.agence-apimmobilier.com/
909115503,AP IMMOBILIER,"Avenue des Causses, 12520, Aguessac",https://www.apimmobilier.fr/
903493112,AP'IMMO DES MARAIS TRANSACTIONS,"7 Rue 101ème Airborne, 50500, Carentan-les-Marais",https://www.apimmodesmarais.fr/
804220069,Aparté,,http://www.aparte-immo.fr/
817660897,APARTÉ IMMOBILIER,"47 rue Rossini, 06000, Nice",http://www.aparte-immobilier.com/fr/
104102249,Aperly,"4 Rue du Four, 08310, Hauviné",https://www.aperly.fr/
981884901,APEX,"5 Rue Edmonde Charles-Roux, 54000, Nancy",https://www.apex-immobilier.fr/
881422133,API Agence Pinard Immobilier,"51 RUE DES COMBATTANTS, 30240, Le Grau-du-Roi",https://www.immobiliergrauduroi.com/
481553600,APIC,"9999 route napoléon, 06750, Séranon",http://www.apic06.com/
750498073,APIC IMMOBILIER,"1 BIS RUE DES BOUGAINVILLIERS, 34970, lattes",http://www.apicimmo.com/
811693589,APIMMO,"12 Rue du Capitaine Dessemond, 13007, Marseille",https://www.apimmo-marseille.fr/
491418620,APImmobilier Andrézieux-Bouthéon,"4 avenue du parc, 42160, Andrézieux-Bouthéon",https://www.api-transaction.fr/agence-immobiliere/agence-andrezieux-boutheon
499435998,APL LOCATION,"205 RUE FONDAUDEGE, 33000, Bordeaux",https://www.apl33.eu/
533334454,APLIMMO,"34, rue de la République, 07400, Le Teil",https://aplimmo.fr/fr/
951824630,APM IMMOBILIER,"70 rue des tourelles, 80200, Péronne",http://apm-immobilier.com/
884546128,APO IMMOBILIER,,https://www.apo-immobilier.fr/
802641464,Apogas Immobilier,"7 Impasse de Berg, 33360, Latresne",http://www.apogas-immobilier.fr/apogas/
384999199,APOSTROPHES,"1 place stein, 88000, EPINAL",http://www.apostrophes.fr/
521526558,APPARIGLIATO Immobilier,"34 avenue Lucien Servanty, 31700, BLAGNAC",https://www.apparigliato-immobilier.fr/
981899255,Appart & Sens,"6 Quai Jean Moulin, 69001, Lyon",https://www.appart-sens.fr/
899385074,APPART ALSACE,"16 RUE DU CHATEAU, 67115, Plobsheim",https://www.appartalsace.fr/
942906728,APPARTOIT IMMOBILIER VICHY,"3 rue du président roosevelt, 03200, Vichy",http://appartoit.fr/
452774078,APPIMMO,"14 RUE DE TURENNE, 38000, Grenoble",https://appimmo.com/fr/
759200751,APRICOT IMMOBILIER,"17 Rue Lamartine, 01000, Bourg-en-Bresse",https://carrepro.immo/
340802248,APRIM IMMOBILIER,"36 RUE DE L'ANCIEN HOPITAL, 57100, Thionville",http://www.aprim-immobilier.fr/
910991496,APRIM PAR MN-IMMOBILIER,"18 RUE DREYFUS SCHMIDT, 90000, Belfort",https://mn-immobilier.fr/
808806038,APROPRIA,"20 avenue de la 1ere Armée Française, 21000, Dijon",https://apropria.fr/
015450638,AQISIA,"28 BOULEVARD GEORGES CLEMENCEAU, 21000, Dijon",https://aqisia.fr/nos-biens-vente-ancien/?condition=ancien
499080869,AQUARELLE IMMOBILIERE,"23 AVENUE DU DOCTEUR MARCEL KRIEG, 67140, Barr",http://www.aquarelle-immobiliere.fr/
907542773,AQUEDUCS IMMOBILIER,"47 Avenue Paul Doumer, 69630, Chaponost",https://aqueducsimmobilier.com/
379799497,Aquitaine Property,"53 rue Fondaudège, 33000, Bordeaux",https://www.aquitaineproperty.com/
337810618,Aquitaine résidence,"zi dumes, 33210, Langon",https://www.aquitaine-residence.com/
398731489,AQUITANIS,"1 Avenue André Reinson, 33000, Bordeaux",https://www.aquitaniservices.fr/acheter
845220102,Aquizio,"75 impasse Ruphy, 74250, La Tour",https://www.aquizio.fr/
933233512,AR d'Immo,"Rue des Albatros, 29910, Trégunc",http://www.ardimmo.com/
519271407,AR FAOU IMMOBILIER,"4 Place aux Foires, 29590, LE FAOU",http://www.faou-immobilier-finistere.com/
831703731,AR IMMOBILIER,"21 GRAND RUE PIERRE BRAUN, 68170, Rixheim",http://arimmo.fr/
452559289,Ar Men Immobilier,"32 rue Henri Provostic, 29830, Ploudalmézeau",https://www.armen-immobilier.com/
440351138,AR VRO IMMOBILIER,"1 RUE ANNE DE BRETAGNE, 29490, Guipavas",https://www.arvro-immobilier-finistere.fr/
421658881,ARC EN CIEL IMMO,"37 RUE DES BLANCS MANTEAUX, 75004, PARIS 04",http://www.arc-en-ciel-immo.com/
418065140,ARC EN CIEL IMMOBILIER,"2 RUE DES TREILLES, 62400, Béthune",http://www.arcencielimmobilier.com/
794201079,ARC IMMOBILIER Orléans-La Chapelle,"130 ROUTE D ORLEANS, 45380, La Chapelle-Saint-Mesmin",https://www.arc-immobilier-orleans.fr/
904668712,ARCADE-VYV PROMOTION IDF,,http://www.arcadevyvpromotion.com/
442110409,ARCADIS PATRIMOINE,"865 Boulevard François-Xavier Fafeur, 11000, Carcassonne",http://www.arcadis-patrimoine.fr/
933824062,Arcalia - Immobilier Géré,"48 Rue Catherine de la Rochefoucauld, 75009, paris",https://arcalia-immobilier.fr/
831038823,ARCANA IMMOBILIER,"16 PLACE DU VIEUX PRESSOIR, 78124, Mareil-sur-Mauldre",http://www.arcanaimmobilier.fr/
978141703,ARCC IMMO,"19 Rue des Châtaigniers, 85590, Saint-Malô-du-Bois",http://www.arccimmo.fr/
750667685,ARCEAUX IMMOBILIER,"7 Av. Charles Flahault RDC Bâtiment 1, 34090, Montpellier",http://www.arceauximmobilier.com/
481308252,ARCHE GESTION,"146 Av. Maréchal de Saxe, 69003, Lyon",https://www.archegestion.com/
440202331,ARCHE IMMOBILIER GIEN,"13 PLACE MARECHAL LECLERC, 45500, Gien",http://www.arche-immobilier-gien.com/
851990531,ARCHETTES IMMO,"53 rue du 22 Septembre, 88380, Archettes",http://www.archettesimmo.fr/
983593427,ARCHIDOME MAITRISE D'OEUVRE,"Rue de l'Oradou, 63000, Clermont-Ferrand",https://archidome.fr/
842753188,ARCHIPEL IMMOBILIER,"44 rue Paulin, 33000, Bordeaux",https://www.archipel-immobilier.fr/
499079382,Architecture de Collection,"8 rue de Levis, 75017, Paris",https://www.architecturedecollection.fr/
809131840,ARCHITECTURES IMMOBILIER BASSIN D'ARCACHON,"252 boulevard de la cote d'argent, 33120, Arcachon",https://www.architectures-immobilier.com/agence/368345___/architectures-bassin-d-arcachon.html
440112605,ARCHIVES PATRIMOINE,"33 RUE DES ARCHIVES, 75004, PARIS 04",http://www.archivespatrimoine.com/fr/
411014038,ARCIS IMMOBILIER,"18 RUE DE PARIS, 10700, ARCIS SUR AUBE",http://www.arcis-immobilier.fr/
270700016,ARDECHE HABITAT,"7 BIS RUE DE LA RECLUSE - CS 80126, 07000, Privas",http://www.ardechehabitat.fr/
445397235,ARDECHE IMMOBILIER,"1 RUE DIANE DE POITIERS, 07000, Privas",http://www.immodf.fr/
807960588,ARDEN IMMOBILIER sarl,"10 AVENUE JEAN JAURES, 08300, Rethel",https://www.ardenimmobilier.com/
844226084,Ardesia Immobilier,"344 avenue du Mont-Cenis, 73300, Saint-Jean-de-Maurienne",http://www.ardesia.immo/
929046480,ARDRESIM,"677 Av. de la Censé Hébron, 62610, Ardres",http://www.ardresim.fr/
884458209,ARE Immo,"3 Place de la fontaine, 34380, Saint-Martin-de-Londres",http://www.are-immo.com/
891455321,AREA,"1615 chemin de la Décelle, 26130, Saint-Paul-Trois-Châteaux",http://www.area-immo.fr/
493674717,ARENA IMMOBILIER,"21, rue Thales, 33700, Mérignac",https://www.arena-immobilier.com/fr/agence
895126795,ARENA INVEST,"24 rue grande, 13410, Lambesc",https://arena-invest.com/fr/
332241801,Argelès Pyrénées Immobilier,"4 Avenue Charles De Gaulle ''Résidence Floralies'', 65400, Argelès-Gazost",http://www.lourdes-argeles-immobilier.com/
441796430,"ARH IMMOBILIER, île de la réunion","1 Résidence Claire 1 26 Rue Saint Alexis, 97434, Saint Gilles Les Bains",https://www.arhimmobilier.com/
938358298,ARIANA IMMOBILIER,"16 rue d’Alésia, 75014, PARIS 14",https://www.ariana-immobilier.com/
499717296,ARIANE IMMOBILIER,"19 avenue maréchal Foch, 69160, Tassin-la-Demi-Lune",http://www.arianeimmobilier.fr/
349316067,ARIS IMMOBILIER,"13 RUE JEAN PIERRE PEDRAZZINI, 66000, Perpignan",http://www.aris-immobilier.fr/
804263127,ARLIM L 'ARBRESLE,"28, rue Charles de Gaulle, 69210, L'ARBRESLE",http://arbresle.arlim.com/
819830597,ARMAGNAC IMMO,"6 Rue Félix Soulés, 32800, Eauze",http://www.armagnac-immo.fr/
850483934,ARMATI IMMOBILIER,"12Bis, Rue Clémenceau, 85160, Saint-Jean-De-Monts",http://www.armati-immo.fr/
534490958,ARMELLE IMMO,"20 PLACE ISAAC - PLACE BENSERADE, 27480, LYONS LA FORET",http://www.armelimo.com/
837603307,Armelle Joulin,"-----, 13008, MARSEILLE",http://www.1894-immo.com/
981381304,Armeria Immobilier–Agence immobilière à Douarnenez,,https://www.armeriaimmobilier.com/
834148611,ARMONIAL IMMOBILIER,"5 rue des Landgraves, 67520, Marlenheim",https://armonial-immobilier.fr/
531664613,ARMONY IMMOBILIER,"40 RUE PAUL DOUMER, 85000, La Roche-sur-Yon",http://www.armony-immobilier.fr/
487692691,ARMOR CONSEIL IMMOBILIER,"37 BIS GRANDE RUE, 22750, Saint-Jacut-De-La-Mer",http://www.armor-conseil-immobilier.com/
453977332,Armoric Agence,"64 Av. de la Plage, 29950, Bénodet",https://www.armoricagence.com/
497858373,ARMORIQUE IMMOS,"45 BOULEVARD DE L'EUROPE, 29200, Brest",http://brest.mikit.fr/
507960276,ARNAUD DROULERS IMMOBILIER,"71 Avenue du Général Leclerc, 33200, Bordeaux",https://www.arnaud-droulersimmo.com/
505121624,ARNAUD LALAGUE IMMOBILIER,"18 PLACE DE LA REPUBLIQUE, 64100, Bayonne",http://www.arnaudlalagueimmobilier.com/
852998806,ARNO PROMOTION,"3 rue Andre Bellesort, 53000, LAVAL",https://www.arno-promotion.fr/
991569054,Arnold Entreprise,"4 PLACE ALBERT EINSTEIN, 56000, Vannes",https://www.arnoldentreprise.com/
848079802,ARNOLDI IMMOBILIER,,https://www.arnoldi-immobilier.fr/
980430839,ARO Immobilier Genech Pévèle Mélantois,"1263 Rue de la Libération, 59242, Genech",https://www.aro-immo.fr/
434613444,AROBASE IMMOBILIER,"1 RUE DU MARECHAL FOCH, 47400, Tonneins",http://www.arobaseimmobilier.fr/
808229231,AROLA GESTION,"2 Rue d 'Ormesson, 95170, Deuil-la-Barre",http://www.ormessonimmobilier.com/
932615818,AROLLA IMMOBILIER,"49 Avenue de la Gare, 73700, Bourg-Saint-Maurice",http://www.arolla-immobilier.com/
795329044,Arome immobilier,"18, rue Charles de Gaulle, 69210, L'Arbresle",http://www.aromeimmobilier.com/
450632518,ARP IMMO,"27 avenue de l'europe, 67300, Schiltigheim",https://groupe-arp.fr/bien-global/
792169799,ARRAS IMMO,"61 RUE SAINT AUBERT, 62000, Arras",http://www.arras-immobilier62.com/
910100486,Arrière-Cour - Immobilier,"3B rue Leonel de Moustier, 25000, Besançon",https://arriere-cour.immo/
317425023,ARROBIO IMMOBILIER,"1 PLACE DE LA LIBERATION BP 116, 73000, Chambéry",https://www.arrobio-immobilier.com/
814283206,ARROW IMMOBILIER,"69 Route de Saint Malo, 33390, Saint-Seurin-de-Cursac",http://www.arrowimmobilier.com/
452349970,ARROYO IMMOBILIER,"231 ROUTE DE NARBONNE, 31400, Toulouse",http://www.arroyoimmobilier.com/
921319000,ARSATI IMMOBILIER,"11 rue de Rennes, 35230, Noyal-Châtillon-sur-Seiche",http://www.arsati-immobilier.fr/
811529015,ARSENAL IMMOBILIER,"1 RUE PAUL JOSEPH SCHMITT, 57000, Metz",http://www.arsenal-immobilier.com/
491371241,ART & MAISONS,"9 PLACE CHAMPOLLION, 46100, FIGEAC",http://www.artetmaisons.fr/
519275796,ART CONSTRUCTION,"61 Cour du Maréchal Leclerc, 17100, Saintes",http://www.artconstruction.fr/
919151670,Art et Pierre Immobilier,"22 Pl. Edouard Normand, 44000, Nantes",https://art-et-pierre-immobilier.com/
814852430,ART HABITAT,"111 rue Boecklin, 67000, Strasbourg",http://www.arthabitat.fr/
479906489,ART IMMO,"8 Avenue de la Gare, 84440, Robion",http://www.art-immo.fr/
347510091,Art Leader 95,"196 Av. de la Division Leclerc, 95160, Montmorency",https://www.artleader.fr/
437905532,ART PROMOTION Provence Occitanie,"455 promenade des anglais, 06200, Nice",https://www.artpromotion.fr/
823095633,ART& TRADITION Les Maisons De Lina,"8 Quai Général de Gaulle, 30300, Beaucaire",http://www.lesmaisonslina.fr/
101724672,ART'IM,"39 boulevard Demorieux, 72000, Le Mans",http://www.art-im.com/
990023467,ART'IMMO,"103 RUE DE LA REPUBLIQUE, 83140, Six-Fours-les-Plages",https://www.agence-artimmo.fr/
914554290,ARTAE,,https://www.artae.immo/
504336579,ARTAXA IMMO,"68 BIS AVENUE DE PEZENAS, 34320, Roujan",http://www.artaxa.com/
539027003,ARTE VIVENDI,"24 BOULEVARD JEAN JAURES, 11620, Villemoustaussou",http://www.artevivendi.com/
477885677,ARTEC ’Immobilier & Patrimoine,"9 RUE DU GENERAL LECLERC, 67110, Reichshoffen",http://www.artecimmo.eu/
384929972,ARTEMIS Immobilier Conseil,"42 avenue des Tirignons, 38570, Goncelin",http://www.artemis-immo.fr/
497607283,ARTEMISIA GESTION,"1 PLACE NIKI DE SAINT PHALLE, 34070, Montpellier",https://www.residencesartemisia.com/
841622921,ARTES IMMOBILIER,"1 AVENUE DU BLOMARD, 26740, Les Tourrettes",http://www.artesimmo.fr/
431245885,Arth'Immo,"3 Av. Victor Hugo, 26100, Romans-sur-Isère",http://www.arth-immo.com/
909371965,ARTHAUD IMMOBILIER,"14 Avenue Guy de Maupassant, 06160, Juan-les-Pins",https://agencearthaudimmobilier.com/fr/
414291047,ARTHUR WINLEY AGENCE DE BEAUMONT,"35 RUE BASSE DE LA VALLEE, 95260, Beaumont-Sur-Oise",https://www.arthurwinley.com/
509230074,ARTIS IMMO,"15 RUE AXULAR, 64500, Saint-Jean-De-Luz",http://www.artis-immo.fr/
918518473,ARTOIS IMMO,"138 bis rue Arthur Lamendin, 62980, Vermelles",http://www.artois-immo.com/page-presentation.html
993083641,Arundo immobilier,,https://www.arundo-immobilier.com/
388565921,ARVE IMMOBILIER,"201 avenue du Mont d'Arbois, 74170, Saint-Gervais-les-Bains",https://arve-immobilier.com/
944066539,ARY IMMO,"140 rue de Chaussas, 31200, Toulouse",https://ary-immo.fr/
852482421,ARYA IMMOBILIER,"3 Grande Rue du Haut, 21410, Fleurey-sur-Ouche",https://www.aryaimmobilier.com/
918166901,As de coeur Immo,"16D Niklausbrunn Pfad, 68000, Colmar",https://www.asdecoeur-immo.fr/
482927001,AS HABITAT,"1 rue du Pré, 39200, Saint-Claude",https://www.ashabitat.fr/
483300976,AS IMMO,"56, Grand'Rue Pierre Braun, 68170, Rixheim",http://www.asimmo.net/
530575471,As immobilier,"25 grande rue de St Rambert, 69009, Lyon",https://www.immobilier-as.fr/
790076442,AS IMMOBILIER,"6 BIS RUE SAINT JEAN, 76200, Dieppe",http://www.asimmodieppe.fr/
801800889,AS IMMOBILIER,"364, Allée de la Marine Royale Cannes Marina LE CONCORDE - LA PLACETTE, 06210, Mandelieu",http://www.as-immo.fr/
844071118,AS IMMOBILIER,"6 Pl. Fontette, 14000, Caen",https://a-s-immobilier.fr/
423053578,ASC HABITAT SASSENAGE,"2 RUE DE L OVALIE, 38360, Sassenage",http://www.asc-habitat.fr/
825292105,ASC IMMO,"10 Av Dauphiné Provence, 26300, Alixan",https://asc-immo.fr/
789459500,ASD IMMOBILIER,"21 Résidence Flandres, 59170, Croix",http://www.asd-immobilier.fr/
852082148,ASD'IMMO CHUZELLES,"Le Belvédère, 38200, CHUZELLES",http://www.asd-immo.fr/
418072211,ASF IMMOBILIER,"4 RUE DE CHÂTRES, 91790, Boissy-Sous-Saint-Yon",http://www.asf-immo.com/
887679579,ASG IMMOBILIER,"14 RUE DU 8 MAI 1945, 83310, COGOLIN",https://asg-immo.com/
524857919,Ashley Immobilier Prestige - La Rochelle,"11 rue Pas du Minage, 17000, LA ROCHELLE",https://www.ashleyimmobilier.com/
848462719,Ask&Answer Immobilier,"67 Bd de Chinon, 37300, Joué-lès-Tours",http://www.a2-immo.fr/
860200310,ASSEMBLIA,"42 rue de la République, 03000, AVERMES",https://www.assemblia.fr/
912820214,Aste immobilier,"25 Bd des Français Libres, 29200, Brest",https://aste-immobilier.fr/
900810391,ASTER HABITAT,"1875 route de mandallaz, 74350, ALLONZIER-LA-CAILLE",https://aster-habitat.fr/
879538064,ASTERO,,https://astero-immobilier.fr/
814577557,ASTONE Immobilier,,https://astoneimmo.com/fr/immobilier-a-marseille-cassis-region-13-83/
878876895,Astra immobilier,"184 Rue Houdan, 92330, Sceaux",https://www.astraimmobilier.com/
839560018,Astral Immobilier,"---, 68400, riedisheim",http://mulhouse.astral-immobilier.fr/
821381720,ASTRINE IMMOBILIER,"45 rue Vimaine, 38200, Vienne",http://www.astrine-immobilier.com/
825109507,ASW Immobilier,"14 QUAI LEON GAMBETTA, 62200, Boulogne-sur-Mer",https://habiter-investir.aswimmobilier.fr/
827882002,AT HOME,"7 route de Paris, 33500, Les Billaux",https://www.cabinetathome.com/
978671287,AT HOME IMMOBILIER,"10 Place de la Mairie, 25370, Les Hôpitaux-Neufs",http://www.at-home-immo.fr/
938425774,AT HOME PROPERTIES,,https://www.athomeproperties.fr/
938748720,ATA IMMO,"17 Rue de Ratacas, 11100, Narbonne",https://www.ataimmo.fr/
493130173,ATARAXIA,,https://www.ataraxia.fr/fr/accueil.html
901939801,ATELIER GUIRLINGER,"3 Rue des Mésanges, 41220, Villeny",http://www.atelier-guirlinger.fr/
844042713,Atelier immobilier,"147 Avenue Mal De Lattre De Tassigny, 33470, Gujan-Mestras",https://www.latelier-immo.fr/
895248524,Atelier Immobilier Boulay,"29 RUE DU MARECHAL FOCH, 57220, BOULAY-MOSELLE",https://atelierimmobilierboulay.fr/
100490606,ATELIER SKAPA,"184, avenue Pasteur, 49100, ANGERS",https://www.atelierskapa.fr/
880751748,ateyagestion,"425 RUE RENE DESCARTES, 13290, Aix-en-Provence",https://ateyagestion.com/
791437833,ATHANER IMMOBILIER,"24 AVENUE DES FLAMANTS ROSE, 66700, Argelès-Sur-Mer",http://www.athaner-immobilier.com/
529882599,ATHOME IMMOBILIER,"2 Cours Adrien de Montgolfier, 42400, Saint-Chamond",http://www.athome-immobilier.fr/
809725682,ATHOME IMMOBILIER,"30 RUE SAINT GERY, 59300, Valenciennes",https://www.immobilier-athome.com/
539626820,ATI IMMOBILIER,"15 Boulevard du Meinier, 83120, Sainte-Maxime",http://www.sainte-maxime-immo.fr/index.php?lang=fr
937736346,ATIF IMMOBILIER,"371 rue nationale, 42260, Saint-Germain-Laval",http://www.atifimmobilier.fr/
825407190,ATIQA,"36 Rue de Thiard, 71100, Chalon-sur-Saône",https://www.atiqa.fr/
819305343,ATIS PLUS,"10 place Jeanne d'arc, 88000, Épinal",https://www.atisplus.fr/
398271452,Atlanta Immobilier La Chaume,"23 Quai George V, 85100, Les Sables-d'Olonne",https://www.atlanta-immobilier.com/
833450299,Atlanta Immobilier Saint Nazaire,"13 Av. Albert de Mun, 44600, SAINT- NAZAIRE",http://www.atlanta-immobilier.fr/
807640610,Atlantic Immo Medoc,"37 Rue Thiers, 33780, Soulac-sur-Mer",https://www.atlantic-immo.fr/
481777092,Atlantic Littoral,"39 ter rue de l’Eglise, 56760, Pénestin",https://www.atlantic-littoral.com/
381669308,ATLANTIM IMMOBILIER,"20 ROUTE DE BEAUFORT, 49124, Saint-Barthélemy-D'Anjou",http://www.atlantim-immobilier.com/
979893310,ATLANTIQUE COURTAGE ROCHELAIS,"88 BD EMILE DELMAS, 17000, La Rochelle",https://atlantiquecourtagerochelais.com/
927685537,Atlantique Expansion Pro,"78 Rue Jean Jaurès, 44600, Saint-Nazaire",http://www.atlantique-expansion.pro/
867801334,ATLANTIQUE HABITATIONS SA HLM,"10 BD CHARLES GAUTIER, 44800, Saint-Herblain",https://www.atlantique-habitations.fr/#
410462733,ATLANTIQUE IMMOBILIER,"2 PLACE DE LA LIBERTE, 29200, BREST",http://www.atlantique-immobilier-finistere.com/
791090004,ATLANTIQUE IROISE IMMOBILIER CROZON,"72 RUE ALSACE LORRAINE, 29160, Crozon",http://www.atlantique-iroise.com/
450511217,ATLANTIQUE TRANSACTIONS,"6 Boulevard Vladimir, 17100, SAINTES",https://www.hoquet-business.com/cabinets
450571161,ATLAS IMMOBILIER,"25 RUE ERNEST PEROCHON, 79230, VOUILLE",http://www.atlas-immo-79.com/
920514841,ATLAS IMMOBILIER,"4H avenue des peupliers, 35510, Cesson-Sévigné",https://atlas-immobilier35.fr/
833839814,ATLG Immobilier,"1 Avenue du Bon Avenir, 93420, Villepinte",https://www.atlg-immo.fr/
304326895,ATOIT,"4 Rue de la Somme, 17000, LA ROCHELLE",https://atlantic-amenagement.com/
408651834,ATOL,"39 AVENUE DU CHATEAU D'EAU, 33700, MERIGNAC",http://www.atolterrain.fr/
894087550,ATOME IMMOBILIER,"13 PL ALBERT LEBRUN, 54580, AUBOUE",https://atome-immobilier.fr/l-agence-qui-vous-va-bien/
978687796,Atout coeur immobilier,,https://www.agenceatoutcoeurimmobilier.fr/
509869590,ATOUT IMMO,"25 Route de Blyes, 01150, Saint-Vulbas",https://www.atout-immo01.fr/
901922880,ATOUT IMMO,"62 boulevard Alexandre Martin, 45000, Orléans",https://www.atout-immo.group/
423328707,Atout Immobilier CANET,"390 Avenue PAul Demarne, 34800, Canet",http://www.atout-immobilier.com/
352459135,Atout Sud Immobilier - Rezé,"2 rue des Glycines - Place de l'église St Pierre, 44400, Reze",http://www.atoutsudimmobilier.com/
521777623,Atout-Box Montpellier Millénaire,,https://www.atout-box.fr/?utm_source=LBC&utm_medium=button&utm_campaign=pagepro
980896005,ATOUTGEST,"2 Rue de la Tour Landry, 49000, Angers",https://atoutgest.com/
932461817,ATRI'HOME IMMOBILIER,"6 Avenue Gambetta, 15000, Aurillac",https://company41487mht.netty.fr/
819960840,ATRIA,"26 Rue Colonel Dumont, 38000 Grenoble, 38000, Grenoble",https://atriagroupe.fr/
993738350,ATRIA,"9 RUE DE LA MAIRIE, 85210, Thiré",https://www.agenceimmoatria.fr/
794457184,ATRIO IMMOBILIER,"15, avenue des Mimosas, 06700, Saint-Laurent-Du-Var",http://www.atrioimmobilier.com/
841609274,ATRIUM TRANSACTION,"60, avenue de la République, 63100, Clermont-Ferrand",https://atrium-clfd.fr/
804962454,ATRIUM-SUD CONSEIL IMMOBILIER,"115 RUE JULES BARBIER, 83700, Saint-Raphaël",https://www.atriumsud.fr/
502355258,ATTEGIA Immobilier,"1 Place St Pierre, 23270, Châtelus-Malvaleix",https://www.immo-creuse-berry.com/
839464120,ATTENTIF LMNP,"4 RUE DE BELLEFOND 75009 PARIS, 75009, PARIS 09",https://www.attentiflmnp.fr/
809285901,Attitude Patrimoine,"19 Rue Gertrude Bell, 56000, Vannes",https://www.attitude-patrimoine.fr/
449817113,ATURRI IMMOBILIER,"3 ALLEE PAULMY, 64100, Bayonne",https://www.immobilier-bayonne-aturri.com/
883879058,Atymo l'immobilier clé en main,"8 chemin de messiou ar guerent, 29400, Landivisiau",http://www.atymo-france.com/
790560932,Au carré - Agence immobilière Genas,"1 rue Germinal, 69740, Genas",https://aucarre.immo/
878523117,Au Centre de l'Immobilier,"CENTRE COMMERCIAL DU PONT DU CASSE, 47480, Pont-Du-Casse",http://www.aucentredelimmobilier.com/
808330864,Au Chai de l'immobilier,"37 cours du Maréchal Leclerc, 33850, Léognan",http://auchai-immobilier.fr/
483007431,Au comptoir de l'Immobilier.,"1 B GRANDE RUE 78640 NEAUPHLE LE CHATEAU Île-de-France France, 78640, Neauphle-le-Château",https://www.aucomptoirimmo.com/
819124686,AU16IMMO,"16 RUE DE CLERMONT, 63300, Thiers",https://www.au16immo.fr/
922392170,Aubance Immobilier,"2 Espace Chambretault Juigné-sur-Loire, 49610, Les Garennes sur Loire",http://www.aubanceimmobilier.fr/
440892628,AUBE LOCATION,"11-13 rue Chaptal, 10200, BARSURAUBE",https://www.aubelocation.fr/
800990285,AUBRETON IMMOBILIER,"44 rue guynemer, 38100, Grenoble",http://www.aubreton.immo/
852405075,AUCTAVE IMMOBILIER,"50 Avenue des Champs-Élysées, 75008, Paris",http://www.auctaveimmobilier.com/
898364344,Audacimmo,"20 BD DU 26E RGT D INFANTERIE, 54000, Nancy",https://www.audacimmo.fr/
979506409,AUDE IMMO 18,"8 Grande Rue, 18350, Nérondes",https://www.aude-immo-18.com/fr
508421815,AUDE IMMOBILIER COM,"41 RUE DE LA MAIRIE, 11300, Limoux",https://www.audeimmobilier.com/
848609152,AUDREY IMMOBILIER,"60a Chemin de la Châtaigneraie, 38410, Vaulnaveys-Le-Bas",https://www.audrey-immo.fr/index.php
107771388,Audrey PERRAIN,"----------, 58187, MYENNES",https://www.regm.immo/
521669630,AUGUST IMMO,"33 AVENUE DE LA LIBERATION, 87000, LIMOGES",http://www.august-immobilier-limoges.fr/
848665972,AUGUSTIN O IMMOBILIER,"27 RUE DE SAINT-GENES, 33000, Bordeaux",https://www.augustinoimmobilier.com/
479783110,AUPA IMMOBILIER,"2 PL PLACE DU GENERAL DE GAULLE, 40480, VIEUX BOUCAU LES BAINS",http://www.aupa-immo.com/
519221923,AURA IMMOBILIER,"44 rue de Paris 93260 Les Lilas, 93260, Les Lilas",http://www.aura-immobilier.com/fr/
931635924,AUREA IMMOBILIER,"44, Rue Nationale, 78200, Mantes-la-Jolie",https://www.aurea-immobilier.fr/
880940671,Aurelimmo,"3 rue Pasteur, 03310, Néris-Les-Bains",http://www.aurelimmo.com/
534221684,AURIGNAC'IMMO GESTION,"10 Traverse du Foirail, 31420, AURIGNAC",http://aurignac-immo.com/
798176483,AURIK IMMO,"12 boulevard du Grand Cerf, 86000, Poitiers",http://www.aurik.fr/
839235173,AURIL,"41 avenue francois mitterrand, 38500, Voiron",https://auril.fr/
419779731,AURIMMO,"332 BIS ROUTE DE SEYSSES, 31100, Toulouse",http://www.aurimmo.com/
333602449,AURIOL IMMOBILIER,"12 QUAI DE L HUVEAUNE, 13390, Auriol",http://www.auriol-immobilier.com/
949498208,Aurélie Ballet,"---, 33240, ST ANDRE DE CUBZAC",https://www.aurelieballet.immo/
881382667,Aux Portes de Bordeaux,"315 cours de la somme, 33800, Bordeaux",https://auxportesdebordeaux.com/
514656933,AUXI PLUS NEUF,"18 Rue de Dion Bouton, 26200, Montélimar",https://www.viviany.fr/
889455648,AUZAN IMMOBILIER,"6 BD DE LA LIBERATION, 32440, Castelnau d'Auzan Labarrère",https://www.auzanimmobilier.fr/
885206987,AV TRANSACTION - Alexandra PÉAN,"---------, 17800, Pons",https://alexandra.immo/
808347694,AV TRANSACTION - Anais MOURER,"---------, 33950, Lege Cap Ferret",https://av-transaction.immo/trouver-un-conseiller/anais-mourer/
948413398,AVA IMMOBILIER NANCY,"61 RUE SELLIER, 54000, Nancy",http://www.ava-immobilier.fr/
532301298,AVANCE IMMO,"AVENUE DES MARTYRS, 05230, Chorges",http://www.avanceimmo.com/
402700595,AVANTAGE IMMOBILIER 55,"33 boulevard de la rochelle, 55000, Bar-Le-Duc",https://www.avantageimmobilier55.com/
803957992,AVANZINI IMMOBILIER,"2 BIS RUE DU MARCHE, 77860, Saint-Germain-Sur-Morin",http://www.avanzini-immobilier.fr/
881758171,AVE HOCHE IMMOBILIER,"15, AVENUE HOCHE, 75008, PARIS",https://avehoche-immobilier.fr/
515243541,Avefi,"18 B RUE AMELIE, 75007, Paris",https://avefi.com/
844257246,AVELIMMO,"38 RUE NATIONALE, 78940, La Queue-les-Yvelines",http://www.avelimmo.com/
822255048,AVENIR,"945 ch des Rascous, 13190, Allauch",https://avenir-immo13.fr/
502317563,AVENIR ET PATRIMOINE,"-------------, 13300, Salon De Provence",https://www.ggap.fr/
480502947,AVENIR IMMO,"14 RUE DE LA GRANDE FONTAINE, 90000, Belfort",http://www.avenir-immo-cg.com/
418525648,AVENIR IMMOBILIER,"59 RUE DE LA PAIX, 53000, Laval",http://www.avenirimmobilier.net/
478984933,Avenir immobilier,"35 avenue de la libération, 33680, Lacanau",https://avenir.immo/
983982729,Avenir Immobilier & Home Staging,"Les Jardins de l'Hippodrome, 44260, Savenay",http://www.avenir-immobilier.savenay.fr/
444701346,Avenir Immobilier International,"42 Bd Albert 1er, 06600, Antibes",http://www.avenirimmobilierinternational.com/
539687194,AVM2 immobilier,"2 Rue Romain Rolland, 89000, Auxerre",https://www.avm2.fr/notre-agence
521241646,AVOLOGIS,"24 AVENUE PASTEUR, 34190, Ganges",http://www.avologis.com/
880835921,AVON IMMOBILIER,"46 rue Rémy Dumoncel, 77210, Avon",https://www.avon-immobilier.com/
850904012,AVORD IMMOBILIER,"-------------, 18520, Avord",https://www.avord-immobilier.fr/
442056164,AVP IMMO,"186 Contre allée du Rigaudon - Espace Triangle, 83270, Saint-Cyr-sur-Mer",http://www.avpimmo.com/
844905992,AX HOME,"EUROPARC N6 Place Berthe Morisot, 69800, Saint-Priest",https://axhome-promotion.fr/
452622764,AX HOME IMMOBILIER,"104 A Route de Saverne, 67205, Oberhausbergen",http://www.axhome.immo/
458205945,AXANIS,"17 Rue du Commerce, 33800, Bordeaux",https://www.axanis.fr/
511564221,AXCE'S HABITAT,"66 RUE DE LA BESNERAYE, 35520, Melesse",https://www.axces-habitat.com/
381654474,AXE IMMOBILIER,"2 RUE DES JONQUILLES, CENTRE COMMERCIAL JAQUES D'ARAGON, 34970, Lattes",http://www.axe-immobilier.com/
058200593,Axeliha,"42 boulevard du Roi René, 49100, Angers",https://axeliha.fr/
941130700,Axelle Lemoine,"3 Allée De Beaunant, 69530, Brignais",https://www.axellelemoine.fr/
877824797,AXEYLIA IMMOBILIER,"148 rue de trebande, 42640, SAINT-ROMAIN-LA-MOTTE",http://www.axeylia.fr/
901885962,Axia Immobilier,"127 Rue des frères Jussieu, 76230, Isneauville",https://axia.immo/
824511612,AXIHOME,"108 R. Frédéric Sévène,, 33400, Talence",http://www.axihome-immo.com/
429763303,AxImmobilier,"2 Rue Friedland,, 56300, Pontivy",http://www.aximmobilier-pontivy.com/
501707954,AXIO Pro - Immobilier d'entreprise,"167 Rue de Lorient, 35000, Rennes",https://www.axiopro.fr/
935063842,AXIOME IMMOBILIER,"7 Avenue des Palmiers, 44200, Nantes",http://www.axiome-immobilier.fr/
393387154,AXITE ANNECY,"7 Impasse des Prairies, 74940, Annecy",https://www.axite.fr/immobilier-entreprise-rhone-alpes/agence-annecy
538758624,AXONOR Immobilier,"102 RUE PIERRE LEGRAND, 59000, Lille",https://www.axonor-immo.fr/
509244133,Axthon Immobilier,"135 avenue Pierre Sémard MIN Bât H1, 84000, Avignon",https://www.facebook.com/axthonimmobilier
932931595,AYA,"8 Avenue Jacques Cartier, 44800, Saint-Herblain",https://www.aya-immobilier.fr/
827753450,AZ IMMO,"40 rue Bonaparte, 06300, Nice",http://www.azimmo06.com/
883844151,AZILIZ IMMOBILIER,"32 Av. Jean Jaurès, 56100, Lorient",http://www.aziliz-immobilier.com/
920589157,AZTECA,"21 Rue de Nice, 59400, Cambrai",http://www.azteca-immobilier.com/
494050024,AZUR 78 IMMOBILIER,"12, rue Azur, 78550, Maulette",http://www.azur78.com/
503903569,AZUR CONSEIL IMMO,"----, 83370, FREJUS",http://www.reseauimmodirect.com/
883737223,AZUR ESTATE,"15 rue Cornes de Cerf 97460 SAINT PAUL, 97460, Saint-Paul",http://www.azureestate.immo/
349459230,AZUR IMMOBILIER,"231 rue de saint just, 83130, La Garde",http://www.azur-immobilier-toulon.fr/
994032480,AZUR IMMOBILIER,"IMPASSE CLAUDIE, 34410, Sérignan",https://www.azurimmobilier34.com/
490729969,Azur Immobilier Gruissan,"42 passage de la trinquette, 11430, Gruissan",https://www.azur-immobilier-gruissan.com/
822760476,AZUR INVEST IMMOBILIER,"24 Avenue Paul Doumer, 06190, Roquebrune-Cap-Martin",https://azurinvestimmobilier.com/fr/
524257565,Azur Patrimoine Immobilier,"24 rue Partouneaux, 06500, Menton",http://www.agence-api.com/
525300869,Azur Sud Immobilier Antibes Juan-les-Pins,"116 BOULEVARD WILSONJUAN LES PIN, 06160, Antibes",http://www.azursudimmobilier.com/
821036951,AZUR'ESTATE - Vente - Location - Gestion,"7 AVENUE DE FRANCE, 06190, Roquebrune-Cap-Martin",http://www.azur-estate.com/
851847707,AZUR'HOME EST,"26 Avenue de l'Europe, 67300, Schiltigheim",http://www.azur-home.fr/
521688978,AZUREA COMMERCES & ENTREPRISES,"205 PROMENADE DES ANGLAIS, 06200, Nice",https://www.azurea-immo-entreprise.com/
828959924,B L I M M O B I L I E R,"3 Rue Notre Dame, 33000, Bordeaux",https://www.blimmobilier.com/index.html
814206280,B N HOME,"74 route nationale, 62860, Marquion",http://www.bnhome.fr/
832584502,B PICHARD IMMOBILIER,"6 Rue Roger Salengro, 02000, Laon",https://www.bpichard-immobilier.fr/
824075501,B&H IMMOBILIER,"2 RUE DU GENERAL LECLERC, 67201, Eckbolsheim",http://www.bh-immobilier.com/
517715967,B'Cimmo,"37 Rue Saint-Thomas, 50000, SAINT LO",http://www.b-cimmo.com/boutique/liste_rayons.cfm
905212205,B-HOME IMMOBILIER,"73, rue Paul Langevin, 54880, Thil",https://www.b-homeimmo.lu/
983690769,B-OCARRE,"93 ROUTE DE BALE, 68000, Colmar",https://b-ocarre.com/
533055737,B.B.I,"PARC BEEPOS-14A RUE LA FAYETTE, 25000, BESANCON",http://www.achatvente-bbi.fr/
398932293,B.C.I.,"________, 36150, VATAN",https://transaxia-vatan.fr/
881338214,B.I.C. IMMOBILIER,"30 QUAI VICTOR AUGAGNEUR, 69003, Lyon",https://www.bic-immo.com/fr/
512400789,B.R. Immobilière,"941 rue Principale, 38850, Charavines",http://www.bri-chasseurimmobilier.com/
397696824,B.T.C Montauban - construction et rénovation,"10 Imp. Jacques Daguerre, 82000, Montauban",https://btc82.fr/
481318806,B2L IMMOBILIER,"11 RUE DE LA GARE, 67370, Truchtersheim",http://www.b2l-immobilier.fr/
527910657,B2W IMMO,"11 RUE DES VEAUX, 67000, Strasbourg",http://www.b2w.immo/
447995309,Ba-immobilier,"66 rue du Marché Gare, 67200, STRASBOURG",http://www.ba-immo.fr/
508245230,Bac immobilier Carcassonne,"33 BOULEVARD BARBES, 11000, Carcassonne",http://www.bac-immobilier.com/
948453220,BACH IMMOBILIER,"27 av des comtes de Cerdagne, 66800, Saillagouse",http://www.bachimmobilier.com/
899743124,BACLE CONSTRUCTION,"105, Avenue Rhin et Danube, 72000, Le Mans",https://www.google.com/search?q=BACLE+CONSTRUCTION&rlz=1C1CHBF_frFR1073FR1074&oq=BACLE+CONSTRUCTION&gs_lcrp=EgZjaHJvbWUyCQgAEEUYORiABDIICAEQABgWGB4yCAgCEAAYFhgeMgoIAxAAGIAEGKIEMgoIBBAAGIAEGKIEMgoIBRAAGIAEGKIEMgYIBhBFGDwyBggHEEUYPNIBCDI4MjdqMGo3qAIAsA
513890020,BACLET QUIGNON,"2 bis rue du Général Leclerc, 60690, Marseille-en-Beauvaisis",http://www.bacletquignon.immo/
853032332,Bages Immobilier Rodez,"21 avenue Jean Monnet, 12000, Rodez",http://bages-immobilier.fr/#
530589480,BAIE DE SOMME IMMO,"51, Quai Blavet, 80230, SAINT VALERY SUR SOMME",http://www.baiedesomme-immo.net/
802938100,BAILLET IMMOBILIER,"Route nationale 7, 06270, VILLENEUVE LOUBET",http://www.baillet.immo/
914711551,Bailly Immobilier Les Sables,"7 Place Guynemer, 85100, Les Sables-d'Olonne",https://www.bailly-immo.com/
890717242,Bald’immo,"8, place le sciellour, 56150, Baud",https://www.baldimmo.com/
903597771,BALSANE IMMOBILIER,"5 rue Léon Salve 76300, 76300, Sotteville-lès-Rouen",https://balsane.fr/
790924138,BALTAZAR Nuno Philippe,"place de l'hotel de ville, 91150, Etampes",https://www.reseau-expertimo.fr/1243-mandataire/1
818977688,Balthane Lifestye Realty,"15 av du Général de Gaulle, 33120, Arcachon",https://www.balthane.com/
903994150,BALTIC,"10 RUE DES MOUETTES, 74940, Annecy-le-Vieux",http://www.baltic-immo.com/
424375764,Bandelier Immobilier,"Rond point du Grande Bretagne - 79 Sadi Carnot, 06110, Le Cannet",https://www.bandelierimmobilier.com/
807627427,Banon-immo Agence immobilière de Banon,"76 Rue Meffre, 04150, Banon",https://www.alpes-provence-destination.com/
808102040,BANQUIMMO,"253 Avenue Jean Jaurès, 69150, Décines-Charpieu",https://www.banquimmo.immo/
838516920,BAOBAB IMMOBILIER,"479, rue du Cheminet, 73290, La Motte-Servolex",http://www.baobab-immobilier.com/
512079435,BAPIMMO,"35 PLACE DE LA REPUBLIQUE, 14100, LISIEUX",http://www.bapimmo.fr/
800282352,BAPPEL Corinne,"-----, 24420, SARLIAC SUR L'ISLE",https://www.imoconseil.com/fr/conseillers/dordogne/corinne-bappel/1095
820750156,BAPTISTA IMMOBILIER,"230 route du Barbichon, 69870, Chambost-Allières",http://www.baptista-immo.com/
379315211,BARBARA IMMOBILIER,"CENTRE COMMERCIAL DES GRANDES TERRES, 78160, Marly-Le-Roi",http://www.barbaraimmobilier.fr/
380355776,BARBERA IMMOBILIER,"29 AV JEAN MEDECIN 06000 NICE, 06000, Nice",http://www.barbera-gestion.fr/
833871585,barbier immobilier,"2 pl Albert EINSTEIN, 56000, Vannes",http://www.barbierimmobilier.com/
909670044,Bardon Immobilier La Garnache,"9 bis Rue de Lattre de Tassigny, 85710, La Garnache",https://www.bardonimmobilier.fr/
303847370,BARI,"23 Cours Franklin Roosevelt, 69006, Lyon",http://www.bari.fr/
382643708,BARJAC IMMOBILIER,"AVENUE JEAN TASSY, 30430, Barjac",https://www.barjac-immobilier.com/fr
951362722,BARLIER IMMOBILIER,"2A rue de Reims, 67118, Geispolsheim",http://www.barlierimmobilier.fr/
891403446,BARM IMMOBILIER,"11 Allée Victor Hugo, 93340, Le Raincy",https://barmimmobilier.fr/
953344629,BARNEY & Associé,"3501 Route de Neufchâtel, 76230, Bois-Guillaume",https://www.barney-associe.fr/
520366964,Barraine Immo - Agence immobilière à Brest-Port,"20 Rue Henry de Monfreid, 29200, Brest",https://www.barraine-immo.com/agences/agence-brest-port/
838294668,BARRESI IMMOBILIER,"11 rue de Lorgues, 83000, Toulon",http://www.barresiimmobilier.fr/
100488550,BARRIOL IMMOBILIER,"298 Route de la Bergeronne, 43190, Chenereilles",https://barriol-immobilier.com/
900965492,BARTH,"40B Rue Moyenne, 18000, Bourges",http://sgti.netty.fr/
918453614,BARTH IMMOBILIER,"11 Place Des Droits De L'Homme, 35770, VERN-SUR-SEICHE",https://www.barth-immobilier.fr/
881213979,Basile Richard Immobilier,"12 Impasse de la Commanderie, 44190, Clisson",https://basilerichardimmobilier.com/
811403401,Basley Immobilier,"34 Rue Victor Hugo,, 49100, Angers",https://basley-immobilier.com/
823721519,Bassand Julie Ledil Immobilier,"--------------, 34370, MAUREILHAN",http://ledil.immo/
802901405,Bassimo,"22 Rue des Petits Hôtels, 75010, Paris",https://www.bassimmo.com/
850674003,BASTELICACCIA immobilier,"LIEU-DIT PEDIZZOVERA QUARTIER DE LA MAIRIE, 20129, BASTELICACCIA",http://www.immobilier-bastelicaccia.fr/
953053345,Bastien Arfi Immobilier,"2 Av. Jean Moulin, 13140, Miramas",https://www.bastienarfi-immobilier.fr/
327017992,BATI 85,"ZAE La Maubretière, 85220, Saint-Révérend",http://www.bati85.com/
437705981,BATI CONCEPT,"44, Rue de Picardie, 53000, Laval",https://www.batialliance.fr/
825126832,BATI LYON,"68 cours Lafayette, 69003, Lyon",https://batilyonpromotion.fr/
432889525,BATI TERRE,"20 Rue Victor Roux, 26120, Chabeuil",https://www.batiterre.com/
809068141,BATI'LOC,"Rue Gustave Eiffel, 76230, Bois Guillaume",http://batiloc.immo/
531389765,BATIGE,"80 RUE DE LA GARE, 68870, Bartenheim",https://batige.fr/
645520164,BATIGERE,"6 place Saint-Martin, 57000, Metz",http://louer.batigere.fr/
312099526,BATILOR,"7 RUE AUGUSTE JOUCHOUX, 25000, Besançon",http://www.batilor.com/
432408946,BATIMO,"341 grande rue, 74930, REIGNIER",http://batimoimmobilier.fr/
500518980,BATIPRO OUEST,"50 rue des Taillées, 79000, Bessines",http://www.batipro-ouest.com/
982749590,BATIPRO63,"1 Rue de l'Eminee, 63000, Clermont-Ferrand",http://www.batipro63.fr/
383568474,BATIR ENSEMBLE,"Rue André Ampère, 21160, MARSANNAY LA COTE",http://www.batir-ensemble.fr/
937487163,BAUGES IMMOBILIER,"93 Rue des Écuries, 73630, Le Châtelard",http://www.bauges-immobilier.com/
852118041,BAUX PATRIMOINE,"7 bis ile de Beauté, 94130, Nogent-sur-Marne",https://www.bauxpatrimoine.com/
911135267,Baya Immo Relocation,,https://www.baya-immo.fr/
497964650,Bayenche et Associés,"43 Rue du Président Wilson, 24000, Périgueux",https://www.bayencheimmobilier.fr/
831593041,Baïço l'Agence Immobilière GROIX,"10 place de l 'eglise, 56590, Groix",https://www.agence-baico.fr/
389890823,BBI TRANSACTIONS,"47 Grande Rue, 71500, Louhans",https://www.bbi.fr/
518925326,BC Gestion,"Bâtiment Ariane, 55 Av. Louis Breguet, 31400, TOULOUSE",https://www.bcgestion.net/fr/
444878037,BCA IMMO,"4 RUE GAMBETTA, 77400, Lagny-Sur-Marne",http://www.bcaimmo.com/
522873686,BCH IMMO,"12 Bd de la Fédération, 13004, Marseille",https://www.bchimmobilier.fr/
807667662,BCI IMMOBILIER,"81 boulevard de Charonne, 75011, Paris",https://www.bci-immobilier.fr/
890218498,BCN Bien Chez Nous,"34 avenue Fernand Fourcade, 95560, Montsoult",https://www.bcnimmo.fr/
952455111,BCS Immobilier,"340 rue Caverne, 59230, Nivelle",http://www.bcsimmobilier.com/
519398473,BCT IMMOBILIER,"38 rue d'Alsace Lorraine, 59400, CAMBRAI",http://www.bct-immobilier.fr/
752132480,BCV Immobilier,"51 rue Pasteur, 59110, LA MADELEINE",https://bcv-immobilier.com/
810227363,BCV IMMOBILIER,"36 Avenue du Maréchal Maunoury, 28000, Chartres",http://www.bcvimmobilier.fr/
530340496,BDI - Boulevard de l'immobilier,"LE LIBERA 96 bd Sadi Carnot, 06110, Le Cannet",https://www.boulevarddelimmobilier.com/
100516970,BDN,"26 Place Saint-Brice, 44115, Basse-Goulaine",http://www.ben-immo.com/
800815888,BE IMMO,"7 chemin de la grave, 33520, Bruges",https://www.beimmo.fr/
814793113,BEARS IMMO,,https://www.bearsimmo.com/
839709854,BEAUCE & PERCHE Immobilier,"3 Rue de Chartres, 28120, Illiers-Combray",http://www.petitecommission.fr/
453917098,BEAUCHAMP CONSEILS,"46 RUE GARIBALDI, 69006, Lyon",http://beauchamp-conseils.fr/
510061906,BEAUDOIN Philippe,"527, avenue du Tech, 66700, Argeles sur Mer",https://www.l-agence-immobiliere.fr/philippe-beaudoin
831872304,BEAUFILS Immobilier & patrimoine,"335 rue Etienne LENOIR, 34130, Maugio",http://beaufils-immobilier.fr/
352081350,BEAUJOLAIS IMMOBILIER,"165 Rue d'Anse, 69400, Villefranche-sur-Saône",http://www.beaujolais-immobilier.fr/
411777071,BEAULANDE IMMOBILIER,"3 AV PIERRE LOTI, 44500, La Baule",http://www.beaulande-immobilier.com/
501707061,BEAUMETZ IMMOBILIER,"27 ROUTE NATIONALE, 62123, Beaumetz-lès-Loges",http://www.beaumetz-immobilier-arras.com/
509776712,BEAUMONT IMMOBILIER,"2 allée des Pins, 26760, BEAUMONT LES VALENCE",http://www.djgroupeimmobilier2607.com/
828930255,BEAUSEJOUR IMMOBILIER,"19 AVENUE DES BRUYERES, 91390, Morsang-Sur-Orge",https://www.beausejour-immo.fr/
449027143,BEAUSEJOUR IMMOBILIER NANTES OUEST,"6 BOULEVARD DU MASSACRE, 44800, Saint-Herblain",http://www.beausejour-immobilier.fr/
449183490,BEAUTIFUL SOUTH,"13, avenue du Général Leclerc, 66000, PERPIGNAN",http://www.beautifulsouth66.com/fr
518227897,BEAUVOIR IMMOBILIER,,http://www.beauvoir-immobilier.fr/
505024356,Bed and Family Tours,"35 Rue Néricault Destouches, 37000, TOURS",https://www.bedandfamily.com/
809937816,BED AND SCHOOL NANTES,"46 quai Magellan, 44000, Nantes",http://www.bedandschool.com/
977834274,BeeLoc,"45 Boulevard de la Liberté, 59000, Lille",https://beeloc.fr/
802598219,Beelodge SAS,"23 Rue du 4 Septembre, 01000, Bourg-en-Bresse",https://campus.beelodge.com/
841095573,BEHAPPY immobilier,"62 AVENUE DU 11EME REGIMENT D'INFANTERIE, 82000, Montauban",http://www.behappy-immobilier.fr/
932814627,BEL ANGE IMMOBILIER,"4 Route de Lagorce, 07120, Ruoms",https://bel-ange-immo.com/fr/
833984529,Bel Art Immobilier Agence immobilière à Gardanne,"6 Bd BONTEMPS ( face à l'église ), 13120, GARDANNE",https://www.belart-immobilier.fr/nos-valeurs.html
821251006,BELIMMOBILIER,"36 RUE DE LYON, 69590, Saint-Symphorien-Sur-Coise",http://www.belimmobilier.net/
848786950,BELISA IMMOBILIER,"290 RUE MARCEL BELOT, 45160, Olivet",http://www.belisa-immobilier-autrement.com/
930883798,BELIYZ IMMOBILIER,"14 rue Cassini, 06300, Nice",https://beliyz.com/fr/
979811692,BELLA DN PROPERTIES,"2, rue Aubriet, 92420, Vaucresson",https://www.belladn.com/
947970844,BELLA PIETRA,"CHEMIN DE LA PETITE LAVOGNE, 34380, Viols-en-Laval",https://bellapietra-property.fr/
981635030,BELLE MAISON IMMOBILIER,"76 RUE GRANDE, 14290, ORBEC",https://www.bellemaisonimmobilier.fr/
789237732,Bellerive Immo,"1 PLACE DE LA PAIX, 03700, Bellerive-Sur-Allier",http://www.belleriveimmo.fr/
808478028,BELLES PROPRIETES D'AQUITAINE,"19 Avenue de l'Hôtel de Ville, 33450, St Sulpice Et Cameyrac",https://www.bellesproprietesdaquitaine.fr/fr
909439705,Belles Roches Immobilier,"13 bis Avenue de la Motte Picquet, 75007, Paris",https://www.bellesroches.fr/
951705573,BELLES SURFACES,"309 route de longchamp, 73100, Pugny-Chatenod",http://belles-surfaces.fr/
337874739,BELLES VACANCES,"AV DES THERMESRESIDENCE ARDOUNE, 65170, Saint-Lary-Soulan",http://www.belles-vacances.com/
423980531,BELLES VIGNES IMMOBILIER,"9, PLACE DE LA MAIRIE, 33640, Castres-Gironde",https://bellesvignesimmobilier.fr/
979819992,BELLESCIZE IMMOBILIER,"49 Rue Georges Bannery, 45290, Nogent-sur-Vernisson",https://www.bellescize-immobilier.com/
905359626,Belletoile Immobilier,"1 Av. Gambetta, 94700, Maisons-Alfort",https://belletoile.fr/fr/
925219636,BELLEVUE PROMOTION,"13 PORT SAINT ETIENNE, 31100, TOULOUSE",https://bellevuepromotion.fr/
520218231,BELLIS'IMMO TRANSACTIONS,"14 RUE BERNARD LAUREAU, 21110, Genlis",http://www.bellis-immo.net/
494901275,BELLISSIMMOBILIER,"2, Place Trnquetaille, 13430, Eyguières",https://www.bellissimmobilier.com/
948140892,BELLON IMMOBILIER,"4 rue Bellon, 60300, Senlis",http://bellon-immobilier.com/
932540206,BELLY IMMOBILIER,"19 Rue De La Foret Noire, 67150, Gerstheim",https://www.belly-immobilier.com/
379635212,BELZ IMMOBILIER,"2 RUE DE KERDONNERCH, 56550, BELZ",http://www.belzimmobilier.com/
824316236,BENAC IMMOBILIER,"95, avenue Gambetta, 81000, ALBI",http://www.benac-immobilier.com/
391529252,Benedic Metz (Location),"1 RUE DE SARRE, 57070, Metz",http://www.benedicsa.com/
879848893,BENOIT LANNES IMMOBILIER,"89 CHEMIN DE LA SALADE PONSAN, 31400, Toulouse",https://www.agencesprivees.com/agences/?z=475&y=beno%C3%8Et+lannes+immobilier
522098557,BENOIT ZISER IMMOBILIER,"30 ROUTE DE COLMAR, 67600, Sélestat",http://www.ziser-immobilier.com/
878420868,BENTZ IMMOBILIER,"5 Place du Général Leclerc, 67205, Oberhausbergen",http://www.bentz-immobilier.fr/
338986391,BEOLETTO,"168 Avenue Pasteur, 33185, Le Haillan",http://www.beoletto.fr/
342233384,BEP LOGEMENT NICE,"7 RUE DE LEPANTE, 06000, NICE",http://www.bep-logement.com/fr/
913896957,BERAUX IMMOBILIER,"155 RUE VICTOR HUGO, 76480, Duclair",https://berauximmobilier.fr/
513965970,BERENGUER & BERENGUER IMMOBILIER INTERNATIONAL,"30 RUE MONSEIGNEUR ALFRED DAUMAS, 06300, Nice",http://www.bbii.fr/
834512808,BERG IMMOBILIER,"10 avenue d'Auray, 56340, Plouharnel",http://www.berg-immobilier.fr/
984533505,BERGEN immobilier,"Rue HK, 67220, Villé",https://www.bergen-immobilier.fr/
428581144,Bermax Construction Saintes,"1 impasse de la recouvrance, 17100, Saintes",https://www.bermax-constructions.fr/
309305381,BERNOLE IMMOBILIER,"58 PLACE DE LA LIBERATION, 38250, Villard-De-Lans",http://www.bernoleimmobilier.com/
523118909,BERNOLLIN IMMOBILIER,"490 GRANDE RUE, 01340, Attignat",http://www.bernollin-immobilier.fr/
330839523,BERRY IMMOBILIER,"41 BOULEVARD MARX DORMOY, 36100, Issoudun",https://www.agence-berry-immobilier.fr/
891129447,BERSAN Immobilier Fréjus - Tour de Mare,"5 rue des Rubis, 83600, Frejus",http://www.bersanimmobilier.com/
485290795,BERSOT EVIAN,"3 QUAI CHARLES ALBERT BESSON, 74500, EVIAN-LES-BAINS",https://www.bersot.net/
985374511,BERTHE IMMOBILIER,"56 rue de la république, 76200, Dieppe",https://www.bertheimmobilier.fr/
321199309,BERTRAND GATELLIER,"1 Rue Edmond About, 75116, Paris",http://www.gatellier.com/
800037376,BERTRAND IMMOBILIER,"11 bis rue Sadi Carnot, 54300, Lunéville",http://www.bertrand-immo.com/
499421923,BEST HOME,"6 PLACE QUESTEL, 30900, Nîmes",http://www.best-home.fr/
802020495,BESTIM,"22 RUE DU 33EME MOBILES, 72000, Le Mans",http://bestim.fr/
399336106,BETEMPS IMMOBILIER,"35 RUE FRANCOIS GENIN, 69005, Lyon",http://www.betemps-immobilier.fr/
348797655,BETHUNE IMMOBILIER,"164 BIS BD JEAN MOULIN, 62400, BETHUNE",http://www.bethuneimmobilier.com/
434771994,BETRIM,"Immeuble le Pulsar4 avenue Doyen Louis Weil, 38000, Grenoble",https://betrim.immo/
904116381,Bevel Immobilier,"11 Rue Brun Rollet, 73300, Saint-Jean-de-Maurienne",https://www.bevel-immobilier.fr/programmes-neufs.html
448737775,Beyond Immobilier,"2 place Camille Hostein, 33270, Bouliac",https://beyondimmobilier.com/
444448674,BF IMMO,"35 RUE Vincent Van Gogh, 67640, Fegersheim",http://bf-immo.com/
881606123,BFA IMMOBILIER,"70 Avenue Borriglione, 06100, Nice",https://www.bfa-conseil.com/
799149562,BFM Immobilier,"29 avenue de la Libération, 13120, Gardanne",https://www.bfmimmobilier.com/
422460477,BGG IMMO,"25 RUE NATIONALE, 59380, BERGUES",http://www.bggimmo.com/
899192215,BGI - Bourg Gestion Immobilier,"34, avenue Alsace Lorraine, 01000, Bourg-en-Bresse",https://bgi01.fr/
750104572,BGI IMMOBILIER,"32 RUE EMILE ZOLA, 57300, HAGONDANGE",http://www.bgi-immo.fr/
451726376,BH IMMO,"1 BOULEVARD CARNOT, 13120, GARDANNE",http://www.bhimmo.com/
539427021,BIACHE IMMO,"2, Rue Georges Clémenceau, 62118, BIACHE IMMO",http://www.biacheimmo.com/
890145287,BIARRITZ DREAM HOME,"42 avenue Carnot, 64200, Biarritz",http://biarritzdreamhome.com/
325518660,BIAS Immobilier BOURGTHEROULDE INFREVILLE,"6 GRANDE RUE, 27520, BOURGTHEROULDE",http://bourgtheroulde-immobilier.com/
382605160,BIBRACTE IMMOBILIER,"13 avenue de la république, 58170, Luzy",https://www.bibracte-immobilier.com/fr
794280313,BIEN CHEZ SOI,"6 Place des Marronniers, 79310, Mazières-en-Gâtine",http://www.bienchezsoi79.fr/
484758131,BIEN IMMO,"35 ROUTE DE ROCHEFORT, 17200, ST SULPICE DE ROYAN",http://www.agence-bienimmo.com/
913082236,BIEN SEREIN IMMOBILIER,"41 avenue de la Paix, 28300, Lèves",https://www.bienserein.fr/
851037879,BIEN SÛR,"9 rue René Clair, 78390, Bois-d'Arcy",https://reservation.biensur.co/
851035055,BIEN URBAIN,"16 Grand rue, 30128, Garons",http://www.bienurbain-immobilier.com/
530812940,BIENS A NANTES,"9 RUE DU COUEDIC, 44000, Nantes",http://www.biensanantes.com/
341065001,Biens d'Ouest,"9 rue du Belzic, 56400, Auray",https://www.biensdouest.com/
894794783,BIENS DE FAMILLE,"1 Rue de Stockholm, 75008 Paris, 75008, Paris 8",http://www.biensdefamille.com/
893293373,BIENS EN BERRY,"1 Boulevard Franklin Roosevelt, 36100, Issoudun",http://www.biensenberry.fr/
852942234,"Biens en Ville, l'immobilier Rezéen","rue de la laita, 44400, Rezé",http://biensenville.fr/
904352655,BIENS IMMOBILIERS,"68bis rue Clairat, 24100, Bergerac",https://www.biensimmobiliersbergerac.com/
889892089,BIGLIONE JL IMMOBILIER,"20 Rue de l'Ormeteau, 77500, Chelles",https://www.biglionejlimmobilier.fr/fr/agence.html
800170490,Bikube,"51 Boulevard Marius Vivier Merle, 69003, Lyon",https://www.bikube.co/fr
510903081,BILLOM IMMOBILIER,"22 RUE CARNOT, 63160, Billom",http://www.billom-immobilier.fr/index.php?option=com_annonce&task=nouveaute_new&mID=3952
978763217,BILS DEROO,"116 Rue Célestin Dubois, 59119, Waziers",https://www.bureauxlocaux.com/agence/bils-deroo-holding-620
085580041,BIMBENET,"96 Rue Bannier, 45000, Orléans",http://www.bimbenet.fr/
794637579,BISCHOFF IMMOBILIER,"5 RUE DE MULHOUSE, 68300, SAINT-LOUIS",http://www.bischoff-immobilier.com/
492410048,BITZ IMMOBILIER,"12 ROUTE DE WINTERSHOUSE, 67500, HAGUENAU",http://www.bitz-immobilier.eu/
448019976,BIZEUL IMMOBILIER DINARD,"74 CHAUSSEE DU SILLON, 35400, Saint-Malo",http://www.bizeulimmobilier.com/
852990746,BKH Immobilier,"4 Avenue Eugene delacroix, 33160, Saint-Médard-en-Jalles",https://www.bkhimmobilier.fr/
898746615,Blackstork,"rue du fosse, 67150, Hipsheim",https://www.blackstorkimmobilier.com/
519772446,BLAIN ET COCHET IMMOBILIER,"16 PLACE DE LA REPUBLIQUE, 45200, Montargis",http://www.blaincochet-immobilier.com/
351745153,BLAIN PROMOTION,"18 Avenue Félix Viallet, 38000, Grenoble",https://www.brunoblain-promotion.com/
930223920,BLAOW,"9 rue Louis Saulnier, 69330, Meyzieu",https://www.blaow.fr/
439813023,BLAYEZ Argentat,"18 Avenue Pasteur, 19400, Argentat-sur-Dordogne",http://www.blayez-immobilier.fr/
322768987,BLB Immobilier TEMIC,"2 rue de la Victoire, 30240, LE GRAU DU ROI",http://www.blbimmobilier.com/
829577394,BLC IMMOBILIER,"165 AVENUE DU PRADO, 13008, Marseille",http://www.blc-immobilier.fr/
453508376,Bleu azur Immobilier,"8, place des acacias, 85400, Luçon",http://www.bleuazur85.com/
502367204,BLEU HORIZON CABINET IMMOBILIER,"2 RUE DE LA TOURELLE, 44320, Saint-Père-en-Retz",https://www.bleu-horizon.pro/
922162862,Bleuet Immobilier,"1 bis Place de l'Église, 85190, Maché",https://www.bleuetimmobilier.fr/
410876361,Blois Immo - Agence Immobilière,"3 avenue du Président Wilson, 41000, BLOIS",http://www.blois-immo.fr/
911296945,BLOOM CONCIERGERIE,"5 RUE LA FAYETTE, 54000, Nancy",https://bloom-conciergerie.fr/
106538499,BLOOM IMMO,"355 Avenue du Comte Vert, 73000, Chambéry",https://www.bloom-immo.com/
515179190,BLOQUET Tony,"-------------, 38080, L'Isle-d'Abeau",http://www.tonybloquetimmobilier.com/
818453177,BLOSSAC SAINT HILAIRE,"17 RUE ALSACE LORRAINE, 86000, Poitiers",https://www.agencebsh.com/
898538558,BLOT IMMOBILIER,"4 RUE DE L'HORLOGE, 63200, Riom",https://blotimmobilierriom.fr/fr/
831289509,BLOTTIERE IMMOBILIER,"82 rue du 14 juillet, 33400, Talence",https://www.blottiereimmo.fr/
454092511,BLOWSENS IMMOBILIER,"73 rue de l'Aunis, 17220, SAINTE SOULLE",http://www.blowsens.fr/
532686094,BLV IMMO,"1563 ROUTE DE LISSAC, 46100, Figeac",https://www.blvimmo.fr/
913342333,BM Immobilier Bourgogne,"58 rue de la Liberté, 71880, Châtenoy-le-Royal",https://www.bmimmobilierbourgogne.com/
993576438,BM VOTRE AGENCE,"33 RUE DE PLOBSHEIM, 67100, Strasbourg",http://www.bmvotreagence.com/
838642650,BMC IMMOBILIER,"105 RUE DU GENERAL LECLERC, 95600, Eaubonne",http://www.bmc-immobilier.fr/
504007568,BMR IMMOBILIER D'ENTREPRISE,"86 RUE NEY, 69006, Lyon",https://www.bureauxlocaux.com/agence/bmr-immobilier-12276
903287431,BMS IMMO,"865 RUE NATIONALE, 59310, Faumont",https://www.bms-immo.fr/
977515188,BNR IMMOBILIER,"172 Rue de la Sous-Préfecture, 69400, Villefranche-sur-Saône",https://www.bnr-immobilier.com/
827990748,BO IMMOBILIER,"15 Rue Alexandre Barety, 06260, Puget-Théniers",http://www.boimmobilier.com/
439756297,BOCHATON IMMOBILIER,"6 bis, Avenue Jean Leger, 74500, Évian-Les-Bains",https://www.bochaton-immobilier.com/
407527100,BODIN PLAGE IMMOBILIER,"11 RUE ALBERT CHASSAGNE, 44250, Saint-Brevin-Les-Pins",https://www.cabinet-hemon.com/
492747027,BOICHARD IMMOBILIER,"4 Passage Gruffaz, 74000, Annecy",http://www.boichard-immobilier.com/
403467871,Boileau Immobilier,"Rue Biaille de Langibaudière, 85520, Jard-sur-Mer",https://www.boileauimmobilier.fr/fr/
903752848,BOISVERT IMMOBILIER NEVERS,"31 rue de Nièvre, 58000, Nevers",https://www.boisvert-immobilier.fr/
338328685,BOIX IMMOBILIER,"17 CORNICHE DE NEUBURG, 34200, Sète","http://www.boix-immobilier.fr/immo,agence-immobiliere-sete.htm"
443695572,BOKSER immobilier,"-------, 38650, Monestier-de-Clermont",http://www.bokserimmobilier.fr/
940931579,BOLIEU,"110 rue sommeiller, 73000, Chambéry",https://bo-lieu.com/
538779950,BOLLENGIER immobilier Agence immobilière CASSEL,"6 GRAND PLACE, 59670, Cassel",http://www.bollengierimmo.com/
380447607,BOLTZ IMMOBILIER,"14 boulevard Foch, 67600, Sélestat",https://www.boltz-immo.fr/
451680805,BON APPART,"75 RUE DE FRANCHEPRE, 54240, Joeuf",http://www.bon-appart.fr/
103878435,BONAPARTE IMMOBILIER,"45 Boulevard du Général Graziani, 20200, Bastia",http://www.bonaparte-immobilier.fr/
530069640,bonaparte poissy,"37 boulevard Devaux, 78300, Poissy",https://bonaparte-promotion.fr/
480119999,Bonave Immobilier,"73 montée de l'écluse, 69640, VILLE-SUR-JARNIOUX",http://www.bonave-immobilier.com/
919641894,BONCOMPAIN IMMO,"23 rue Maréchal Fayolle, 43200, Yssingeaux",https://www.boncompain-immo.com/
449563931,BONFILS Immobilier Avignon,"2 Place des Corps Saints, 84000, AVIGNON",https://www.bonfils.fr/
889461315,Bonheur à la clé Immobilier,"11 Place du Marché, 30320, Saint-Gervasy",https://www.bonheuralacle.fr/
439360272,BONJOUR IMMOBILIER,"12 Rue Dominique Villars, 38000, Grenoble",http://www.bonjour-immobilier.com/
843869975,Bonjour Oscar,"95 avenue Philippe Auguste, 75011, Paris",https://www.bonjour-oscar.com/
504262049,BONNE ETOILE IMMOBILIER CONSEIL,"18 Bis rue Jean Roussat, 52200, Langres",https://www.bonne-etoile-immobilier.fr/
841598196,BONNE NOUVELLE IMMOBILIER,"36 Bis Bd de Bonnes Nouvelles, 17120, Cozes",http://www.bonnenouvelleimmobilier.fr/
879753291,BONNE VISITE Heyrieux,"67 avenue général leclerc, 38540, Heyrieux",https://www.bonnevisite.fr/
413495433,BONNEAU Béatrice,"-----------, 14540, Bourguébus",https://www.reseau-expertimo.fr/835/-agent-bonneau/1
399231307,BONNEFOY IMMOBILIER,"152 RUE DU FAUBOURG BONNEFOY, 31500, Toulouse",https://www.bonnefoy-immobilier.fr/
879396794,BONNIFACY IMMOBILIER,"1001 veille route de Toulouse, 81500, Lavaur",http://www.bonnifacyimmobilier.fr/
525365409,BONNOT IMMO,"5 Impasse Mount de Haut, 33260, La Teste-de-Buch",http://www.bonnotimmo.fr/
899184832,BONNOTTE SARAH,"-------, 68300, Saint-Louis",https://www.reseau-expertimo.fr/1318/-agent-sarah-bonnotte/1
919703736,BONTE Immobilier,"2 boulevard de la Marne, 59420, Mouvaux",http://www.bonteimmo.com/
752494344,Booster Immobilier,"5 B AVENUE DE L URSS, 31400, TOULOUSE",http://www.booster-immobilier.com/
792973216,BORBICONI IMMOBILIER,"38 Rue Principale, 57840, Ottange",https://scbi.fr/
849165683,Bordeaux Gestion Locative,"11 petit chemin de la générale, 33140, Villenave-d'Ornon",https://bdx-gestion.fr/
830826459,BORDEAUX PROPERTIES,"32 Pl. des Martyrs de la Résistance, 33000, BORDEAUX",https://www.bordeaux-properties.com/
902017490,Bordo Immo,"67 cours mirabeau, 13100, Aix-en-Provence",https://www.bordo.immo/
931977839,BORGES IMMOBILIER,"1 avenue louis blériot, 94800, Villejuif",https://borgesimmobilier.com/fr/
423653385,BORGETTO IMMOBILIER,"66 AVENUE GODILLOT, 83400, Hyères",http://borgetto.fr/
971800735,BORNE ET DELAUNAY,"4 BIS PLACE MASSENA, 06000, Nice",http://www.borne-delaunay.com/
449566322,BOSCHI IMMOBILIER BEDOIN,"385 AVENUE BARRAL DES BAUX, 84410, Bédoin",https://www.boschi-immobilier.com/
892407404,BOSQUET PATRIMOINE,"60 RUE PERGOLESE, 75016, Paris",https://bosquetpatrimoine.com/
813882974,Bostimmo,"2 Boulevard Sully, 63600, Ambert",http://bostimmo.com/
907693626,BOUCA ET FICHOT TRANSACTION,"10 RUE ST GEORGES, 71100, Chalon-sur-Saône",https://bf-transactions.fr/
932596026,BOUDET IMMOBILIER,"81 rue cayrade, 12300, Decazeville",https://www.boudet-immobilier.com/l-agence
510684418,"BOUHDEL, Constructeur de maisons individuelles","8 rue Gaspard Monge, 13200, Arles",http://www.bouhdel.com/
511363897,BOULLAND IMMOBILIER,"1392 Avenue de la Plage, 80120, Fort-Mahon-Plage",http://www.boulland-immobilier.fr/
534584941,Boulle Immobilier Strasbourg,"67 ROUTE DU POLYGONNE, 67100, Strasbourg",https://www.boulle-immobilier.com/
434170403,BOUMANN IMMOBILIER,"1 avenue saint Louis, 06400, Cannes",https://boumann.immo/fr/
821756061,BOUQUIN IMMO,"8, Rue des Halles, 56580, ROHAN",http://www.bouquin-immo.fr/
433794831,BOURBON LANCY IMMOBILIER,"16 RUE GABRIEL PAIN, 71140, Bourbon-Lancy",http://bourbon-lancy-immobilier.fr/
332122639,BOURGEOIS IMMOBILIER,"762 AVENUE DE TOURNAMY CENTRE COMMERCIAL, 06250, Mougins",https://www.bourgeois-immo.com/fr/
817686215,BOURGET HABITAT,"558 route du Barrage, 38121, REVENTIN VAUGRIS",https://bourget-habitat.fr/
452248248,Bourgogne immobilier,"52 GRANDE RUE, 71380, Saint-Marcel",http://www.immobilier-chalonsursaone.com/
820923084,BOURGOGNE PRESTIGE IMMOBILIER,"2 PLACE DE L'ABBAYE, 71700, Tournus",http://www.bourgogne-prestige-immobilier.com/
394483218,Bouriane Immobilier,"15 All. de la République, 46300 Gourdon, 46300, Gourdon",https://bouriane-immobilier.fr/
849403332,BOUTTAZ IMMOBILIER,"41 Av. Beauregard, 74960, Annecy",http://www.bouttaz-immobilier.fr/
510069180,BOUVERI IMMOBILIER,"17 RUE DE LA MAIRIE, 73460, Frontenex",http://www.bouveri.com/
830127650,BOVES IMMOBILIER,"26, Rue Victor Hugo, 80440, Boves",https://www.boves.immo/fr/
818381667,BPL IMMOBILIER,"10 Passage Richard, 92240, Malakoff",https://www.bplimmobilier.fr/
382843639,BPS IMMOBILIER,"1 BIS RUE JOSSELIN DE ROHAN, 56800, Ploërmel",http://www.bretagne-proprietes.com/
833370000,BR IMMOBILIER,"7 avenue de l'opéra, 75001, Paris",https://www.br-immo.fr/
901349639,BRAGA IMMOBILIER,"28 boulevard Pasteur, 62480, Le Portel",https://www.bragaimmobilier.com/
501466767,BRAGATO HDC,"6 RUE GAMBETTA, 32000, Auch",https://www.bragatohdc.fr/contact.html
843494600,BRAS IMMOBILIER ATLANTIQUE,"3 QUAI JULES SANDEAU, 44510, Le Pouliguen",https://www.bras-immobilier.fr/contact
412282253,BRAVO IMMO,"33 RT DE FONTAINEBLEAU, 91550, Paray-Vieille-Poste",http://www.bravo-immo.fr/
509744504,Breizh-Immobilier,"41 avenue Jean Jaures, 56100, Lorient",http://www.breizh-immobilier.fr/
844585265,BREMOND IMMOBILIER Transaction & Promotion,"553 ROUTE DE MARSEILLE, 83470, Saint-Maximin-la-Sainte-Baume",https://bremondimmobilier.fr/
339303653,BREST AVENIR IMMOBILIER LOCATION,"81 rue de Siam, 29200, Brest",https://www.brest-avenir-immobilier.fr/
995242757,BRETAGNE IMMO,"1 rue Louis Delobeau, 29200, Brest",http://www.bretagneimmo.fr/
903145381,BRETAGNE IMMOBILIER,"------------------------, 56470, La Trinité-sur-Mer",http://www.bretagne-immobilier.fr/
800352775,BRETAGNE MER HABITAT,"32, PLACE DE L'EGLISE, 56870, Baden",http://www.bretagnemerhabitat.com/
433680642,BRETAGNE SERVICE IMMOBILIER,"128 rue De Paris, 29200, Brest",http://www.bsi-immobilier.com/
499942407,Brette Immobilier,"128 AV EMILIE VINCENT, 83000, Toulon",https://www.bretteimmobilier.com/
799316435,BREW'S,"17 rue du Cambodge, 75020, Paris",http://brews.fr/
409481926,BRICE HABITAT,"206 RUE DES FUSILLES, 59650, Villeneuve-D'Ascq",http://www.renoult-habitat.com/fr
930699905,Brice NOEL Expert Immobilier,"7 Rue de Bel air, 72190, Sargé-lès-le-Mans",https://www.bricenoel-expertimmobilier.fr/
822648523,BRICK IMMO Aniche,"72 rue henri barbusse, 59580, Aniche",http://www.brick-immo.com/
529900615,BRIDAY IMMOBILIER,"3 AVENUE JOANNES HUBERT, 69160, TASSIN LA DEMI LUNE",http://www.bridayimmobilier.com/
801601790,BRIDGE REAL ESTATE,"350 Rue Saint-Honoré, 75001, Paris",https://www.bridge-re.com/
819314683,BRIEC IMMOBILIER ET PORZAY IMMOBILIER,"66 A RUE DU GENERAL DE GAULLE, 29510, BRIEC",http://www.briec-immobilier.com/
432956118,BRIENNE IMMOBILIER,"33 ALLEE DE BRIENNE, 31000, TOULOUSE",http://www.brienneimmobilier.com/
348012709,BRIGITTE SAUVAGER IMMOBILIER,"24 Av. Camus, 44000, Nantes",https://www.brigitte-sauvager.com/
832731095,BRIIS IMMO,"24 RUE DE L ARMEE PATTON, 91640, Briis-sous-Forges",http://www.briis-immo.fr/
893735027,Brindimmo by MPI,"50 rue des Lys, 91150, Étampes",https://kevin-dufourd-mpi.fr/
395116577,BRING'S,,http://www.brings.fr/
794615013,BRUN IMMOBILIER,"32 Impasse sur la Ville, 90340, Chèvremont",http://brun-immobilier-belfort.fr/
101587426,BRUN TRANSACTIONS,"20 Rue d'Agen, 68000, Colmar",http://www.brun-transactions.com/
512556010,BRUNET IMMOBILIER,"38 RUE PIERRE LOTI, 17200, ROYAN",http://www.agence-brunet.com/
880711247,BRUSSIAUD CONSEIL IMMOBILIER,"30 RUE VAUCANSSON, 38330, Montbonnot-Saint-Martin",https://brussiaud-conseil.immo/
518105861,BRUYERE IMMO,"25 rue saint louis, 59610, Fourmies",https://www.bruyere-immo.com/
431431147,BRUYERE IMMOBILIER LOCATION,"21 Rue Jean Pierre Dupont, 59610, Fourmies",https://bruyere-immobilier.com/fr
823800032,BRUYERES GESTION IMMOBILIERE,"2 bis Rue Madiraa, 92400, Courbevoie",http://www.agencedesbruyeres.com/
333975837,Bréville Immobilier,"38 Rue de Verdun, 44000, Nantes",https://www.breville-nantes-immobilier.com/
852217512,BS IMMO,"81 AV CHARLES DE GAULLE, 17300, Rochefort",https://www.rochefortimmobilier.fr/fr
751016148,BS2A,"Little Suite - 19 Rue de la Barre, 59000, Lille",http://www.littlemeuble.fr/
502182033,BSI EST PARISIEN,"183 Avenue de la République, 94120, Fontenay-sous-Bois",http://www.bsi94.com/
798888756,BSLE GESTION,"11 boulevard jean moulin, 63118, Cébazat",http://www.bsleimmo.com/
809194335,BSLIMMO,"3, avenue Jean Moulin, 63430, Pont-du-Château",http://www.bslimmo.com/
829321850,BtoBed - Vente - Gestion - Investissement,"66 Allée des Monts d'Or, 69250, Montanay",https://www.btobed.com/
815120365,BUCHY IMMOBILIER,"30 bis Promenade Georges Clémenceau, 85100, LES SABLES D'OLONNE",http://www.buchy-immobilier.com/
843930595,BUDDY'S IMMOBILIER,"57 BOULEVARD EUGENE PIERRE, 13005, Marseille",http://www.buddys-immobilier.fr/fr
518790209,Buddy's Immobilier 5 Avenues,"31 RUE DU DOCTEUR ACQUAVIVA, 13004, Marseille",https://buddys-immobilier.fr/
348819392,BUESA AMENAGEUR PROMOTEUR,"17 Rue de la République, 34500, Béziers",http://www.buesa-ap.com/
392006730,BUET IMMOBILIER,"68 RUE DES GODRANS, 21000, Dijon",http://www.buet-immobilier.com/
434220786,Bugey immobilier,"40 Rue Aristide Briand, 01500, Ambérieu-en-Bugey",http://www.bugeyimmobilier.com/
398876680,BUMPER FRANCE,"63-65 rue de Créqui, 69006, Lyon",http://www.bumperfrance.fr/
949072235,Bureau Sully Immobilier,"5 rue sully, 69006, Lyon",http://www.bureausully.com/
519887517,BUREAUX IMMOBILIERS DU PLATEAU,"113 BOULEVARD DE LA CROIX ROUSSE, 69004, Lyon",https://www.agence-bip-balland.com/
517898201,BUËCH DÉVOLUY IMMO,"2, bd Gambetta, 05400, Veynes",http://www.buech-devoluy.com/
750105264,BV AMENAGEMENT,"17 ROUTE DEPARTEMENTALE 386, 69420, Ampuis",http://www.bv-amenagement.fr/
491295465,BV IMMOBILIER,"836 ROUTE DE CHAMP CHABERT, 38500, La Buisse",https://bv-immobilier.com/fr/
878796424,BVBA IMMOBILIER,"52 boulevard Ernest Dalby, 44000, Nantes",https://www.bvbaimmobilier.com/
952389260,BVR Immobilier,"10 C rue des grands champs, 38320, Eybens",https://www.bvr-immobilier.com/
484508585,By FOXImmO,"535 Route des Lucioles, 06560, Sophia-Antipolis",http://www.villavue.fr/
948956875,BY HOMEA,"18 Rue Jacques Ferny, 76760, Yerville",https://homea-immo.com/accueil
912779287,BY.Immobilier,"32 ROUTE D'ESCH, 44500, Belvaux",https://www.byimmobilier.lu/
981146525,Byrotheau Immobilier,"30 Rue de Champigné, 49460, Feneu",http://www.byrotheau.fr/
533866430,BZH GROUPE IMMOBILIER,"65 rue anita conti, 56000, Vannes",https://www.groupe-bzh.fr/
890296510,Bêfi Conseils,"1062 route de Vuaz, 74570, Fillière",https://www.beficonseils.com/
890712029,C COMME CHEZ VOUS,"57 AV DU GENERAL DE GAULLE, 77330, OZOIR-LA-FERRIERE",http://www.ccommechezvous.com/
929770907,C L'Agence,"6 Avenue de Grasse, 06370, Mouans-Sartoux",http://www.clagence.com/
953977451,C&DP IMMOBILIER by efficity - Eric BASTIDE,"5, avenue Victor Hugo, 12000, Rodez",https://www.efficity.com/
822582474,C&M IMMOBILIER,"4 bis Rue Victor Hugo, 44400, Rezé",http://www.cm-immo.fr/
831317961,C&M IMMOBILIER,"26 Place Sommeiller, 73500, Modane",http://www.immocm.fr/
880519582,C&M IMMOBILIER,"10 RUE DE MULHOUSE, 68110, Illzach",http://www.cmimmo.net/
533628343,C&V Habitat,"14 ROUTE DE RUMILLY, 74000, Annecy",http://www.cv-habitat.com/
272800020,C'CHARTRES HABITAT,"8 rue mathurin régnier, 28000, Chartres",https://agence-c-chartres-habitat.com/
839683281,C'EST POUR TON BIEN,"159 rue Roger Salengro, 59260, Hellemmes-Lille",https://www.cestpourtonbien.com/
831746078,C'TOUTAIN et A'LAVENNE IMMOBILIER,"SAINT ERBLON ET VERN SUR SEICHE, 35230, Saint-Erblon",http://www.ctoutainimmobilier.com/
521320952,C-L'IMMO,,https://www.c-limmo.fr/
880506852,C-MOBI FLOIRAC,"10 Avenue des Mondaults, 33270, Floirac",https://www.cmobi.fr/
379427339,C.BARRE IMMOBILIER,"30 PLACE SAINT SAUVEUR, 14000, Caen",http://www.barre-immobilier.fr/
841461957,C.D. IMMOBILIER - Courville sur Eure,"17 place des fusillés de la résistance, 28190, Courville-Sur-Eure",http://www.agencecdimmobilier.fr/
801433269,C.IMMO,"37 AVENUE JEAN MOULIN, 34290, Abeilhan",http://www.cimmo34.fr/
530188440,C2i SUD OUEST,"31 Rue des Amidonniers, 31200, Toulouse",http://www.c2i-sudouest.com/
814969325,C2M IMMOBILIER,"ESPACE OSMOSE - 23 Avenue des Frères Montgolfier, 64140, Lons",http://www.c2m.immo/
834190514,C2R,"16 ESPLANADE DU CHAMP DE MARS, 35000, Rennes",http://www.chasseur2renta.fr/
494832900,C2SI,"23 rue du hainaut, 37100, tours",http://c2s-immo.com/
824227763,C3H IMMO | Agence immobilière,"1 Impasse Pujeau Rabe, 31410, Lavernose Lacasse",https://www.c3himmo.com/
502565138,C3P PROMOTION,"Zone Artisanale LE BORDAGE II, 85610, Cugand",https://www.c-3-p.fr/prestation/c3p-promotion/
905174975,Cabinet 2D Immobilier,"29 Pl. de la Carrière, 54000, Nancy",https://www.cabinet2dimmobilier.com/
478843543,CABINET 3000,"6 RUE CASTILLON, 83000, Toulon",http://www.cabinet3000.fr/
890289457,Cabinet A&G,"3 Bis, rue de Moncontour, 22600, Loudéac",http://www.cabinet-a-g.fr/
828741694,CABINET A.MOUCHIROUD,"1053 route du Chesney, 74700, Domancy",https://www.mouchiroud-transactions.com/fr/
492888805,CABINET ABECASSIS FINANCES,"132 avenue du prado 13008 marseille, 13008, Marseille",http://www.abecassis-finances.fr/
793175811,Cabinet ABI,"29 rue Edison, 49000, Angers",https://www.cabinet-abi.fr/
910003896,Cabinet ACIS - FRANCE,"4-6 Rue d'Armaillé,, 75017, Paris",https://ac-immobiliers.fr/
838762672,Cabinet Agir immobilier,"7 Bis Bd de la Tour d'Auvergne, 35000, Rennes",https://www.agir-immobilier.com/
393744818,CABINET ANDRE GUERBERT,"1 rue des Clercs, 57000, Metz",http://www.cabinet-guerbert.fr/
843393018,Cabinet Angers Syndic Gestion,"7 rue Plantagenêt, 49100, Angers",https://www.asg.immo/
880798327,CABINET ARIK PROPERTY,"83 Rue Defrance, 94300, Vincennes",https://arikproperty.com/
377790464,Cabinet Atlas Immobilier,"24 Boulevard Henri Barbusse, 78210, Saint-Cyr-l'Ecole",https://www.atlas-immo78.com/
922148903,CABINET AUGUSTE IMMOBILIER,"47 Avenue Jean Jaurès, 30900, Nîmes",https://www.cabinetauguste.fr/
440192482,CABINET B. ALLEMAND,"12, Rue Joseph Péala, 26600, TAIN L'HERMITAGE",https://www.cabinetallemand.fr/
320567506,CABINET BACHELLERIE,"9 avenue de Saint Julien, 13012, Marseille",https://www.bachellerie.immo/
320915804,CABINET BALNY & ASSOCIES Nogent-sur-Oise,"130 AVENUE DE L EUROPE, 60180, NOGENT SUR OISE",http://www.cabinet-balny.com/
343608113,Cabinet Barme agence immobilière sur Toulon,"8 Av. Colbert, 83000, Toulon",https://www.barme-immobilier.com/
326615176,CABINET BARTHES AGENCE DU SOLEIL VALRAS,"2 Boulevard Jean Moulin, 34350, Valras-Plage",https://www.agencedusoleil.com/
327843546,CABINET BEDIN IMMOBILIER,,http://www.cabinet-bedin.com/
300717246,CABINET BEILLARD,"115, Av Trespoey, 64000, PAU",http://www.cabinet-beillard.com/
332073238,CABINET BENOIT,"4 RUE D ALSACE, 25000, Besançon",http://www.immobilier-benoit.com/
873802201,Cabinet Bertaud-Graff,"8 Rue Jean de la Fontaine, 44000, Nantes",https://bertaudgraff-immobilier.com/
384035903,CABINET BERTRAND,"1825 ROUTE PARIS, 76520, Franqueville-Saint-Pierre",http://cabinet-bertrand.fr/
057502007,CABINET BESSON,"23 BOULEVARD GAMBETTA, 38000, Grenoble",http://www.cabinet-besson.fr/
523318368,CABINET BIELSA IMMOBILIER,"6, allée des Cyclades II, Bâtiment Delos III, 74160, Saint-Julien-En-Genevois",https://www.bielsa-immobilier.com/
799251459,Cabinet Blactot,"51, bis Avenue du Maréchal Leclerc, 77460, SOUPPES SUR LOING",http://cabinetblactot.com/fr
814126777,CABINET BLIQUE,"4 esplanade du coteau des vignes, 54510, Art-sur-Meurthe",http://www.cabinetblique.fr/
491534517,CABINET BLOUIN IMMOBILIER,"121 R SAINT GEORGES, 44390, Nort-Sur-Erdre",http://www.blouin-immo.com/
766800171,Cabinet Bonnabelle,"15 RUE MAURICE BARRES, 54000, Nancy",http://www.bonnabelle.fr/
824081772,CABINET BONNENFANT,"29 Rue André Bonnenfant, 78100, Saint-Germain-En-Laye",http://www.cabinet-bonnenfant.fr/
817624539,Cabinet Bono,"7 RUE ARISTIDE BRILLAND, 02300, Chauny",https://www.immobono.fr/
303610042,CABINET BOUCOMONT,"3 PLACE HIPPOLYTE RENOUX, 63000, Clermont-Ferrand",http://www.cabinet-boucomont.com/
344111208,CABINET BOUGON FILS,"116, Avenue de la Résistance, 93340, LE RAINCY",http://cabinet-bougon.fr/
479971525,CABINET BOUJAN,"15 Rue de la Gare, 67610, La Wantzenau",http://www.immo-boujan.fr/
434179750,Cabinet Boureau,"3 RUE DU GENERAL LECLERC, 95750, Chars",https://www.cabinetboureau.com/
382380152,CABINET BOZZOLI GOBIN,"1 B RUE SERIN-MOULIN, 45150, JARGEAU",http://www.cdj-immo.fr/
398820712,CABINET BRAS IMMOBILIER VANNES,"Vannes (56000), 56000, Vannes",https://www.bras-immobilier.fr/agence/agence-immobiliere-vannes
904299237,CABINET BRULEBOIS,,https://www.cabinetbrulebois.fr/
791806318,CABINET BRUMBT IMMOBILIER,"51bis Av. André Bonnin, 35135, Chantepie",http://www.agencesprivees.com/
778157685,CABINET BRUNO,"1, bis rue Notre Dame 06400 Cannes, 06400, Cannes",https://cabinetbruno.com/fr/
532567245,Cabinet Buisantin,"49 RUE PEIGNAUX DAMES, 69620, Le Bois-D'Oingt",http://www.cabinet-buisantin.fr/
794584425,CABINET CADORET IMMOBILIER,"18 RUE DU MARECHAL FOCH PORNIC, 44210, Pornic",https://www.cadoret-immobilier.com/
479743429,CABINET CARNIEL,"30 Boulevard Raymond Fourcade, 47200, Marmande",http://www.cabinet-carniel.immo/
501490916,CABINET CASELLAS,"3 / 4 COURS FRANCOIS PALMAROLE, 66000, Perpignan",http://www.casellas.fr/
791767924,CABINET CB IMMOBILIER,"841 Avenue de Bayonne, 64210, BIDART",https://www.cb-immobilier-64.fr/
827834151,CABINET CENTRAL IMMOBILIER,"4 RUE DE LA BOULE D'OR, 10100, ROMILLY SUR SEINE",http://www.centralimmobilier.com/
833189400,CABINET CERI PIERREFONDS,"24 Rue du Beaudon, 60350, Pierrefonds",http://www.cabinet-ceri.com/
383360633,CABINET CETI,"69 - 71 RUE DE MEAUX, 75019, PARIS 19",http://www.ceti-immo.com/
494667249,CABINET CHANTIMMO,"10 PLACE CLEMENCEAU, 85210, Sainte-Hermine",http://www.chantimo.com/
303670004,CABINET CHARBONNIER,"37 RUE GONOT, 63000, Clermont-Ferrand",http://www.cabinet-charbonnier.com/
324019934,CABINET CHARPY,"337 Boulevard Georges Clemenceau, 63150, La Bourboule",https://www.cabinetcharpy.com/
444576706,CABINET CHATEAUBRIAND IMMOBILIER,"2 rue d'antrain, 35250, Saint-Aubin-d'Aubigné",http://www.cabinetchateaubriand.com/
393387683,CABINET CHAUVET CONSEIL IMMOBILIER,"2 RUE RAOUL BERTON, 93170, Bagnolet",http://www.cabinetchauvet.com/
403065477,CABINET CHRISTOPHE CAPELLE,"104 BLD LAFAYETTE, 62100, Calais",http://www.capellechristopheimmo.fr/
981072911,CABINET CIEM ET ASSOCIES,"-------------, 34970, LATTES",https://www.cabinetciem.fr/
309113694,CABINET CLAUDE SANCHEZ,"40 RUE DU REMPART SAINTE ETIENNE, 31000, Toulouse",http://www.cabinet-sanchez.fr/
410250146,CABINET CLEMENCEAU,"27 AVENUE GEORGES CLEMENCEAU, 06220, Vallauris",http://cabinetclemenceau.com/
438140014,CABINET CLERMONT PROVINCE,"24 TER RUE DE RABANESSE, 63000, Clermont-Ferrand",http://www.clermontprovince.com/
901559369,Cabinet Cobalt Immobilier,"6 Boulevard Georges Mandel, 44200, Nantes",https://www.cobalt-immobilier.fr/
498844034,CABINET CONSEIL IMMOBILIER,"9 BOULEVARD VINCENT RICHAUD, 13500, Martigues",http://www.cabinet-conseil-immo.com/
886580166,CABINET CORNIL,"45 PLACE CHARLES ROUSSEL, 59200, Tourcoing",http://www.cornil-immobilier-tourcoing.com/
750350886,CABINET COUBERTIN,"26 BD LAVOISIER, 63100, Clermont-Ferrand",https://www.cabinetcoubertin.fr/
504691718,CABINET COUSIN,"4 RUE GRANDE RUE, 50100, Cherbourg-Octeville",http://www.acheter-un-commerce-en-normandie.fr/
343585865,Cabinet CREDASSUR,"79 T boulevard de Picpus, 75012, Paris",https://www.credassur.com/
478721160,CABINET D AFFAIRES PANIER ET AMETEAU,"14 RUE TROYON, 75017, Paris",http://www.panier-ameteau.com/
528669096,CABINET D'ADMINISTRATION BIENS CHEMIN BOYET,"3 PLACE EDMOND BUDILLON, 38790, Saint-Georges-d'Espéranche",https://www.cheminboyet.fr/
528295462,CABINET D'AFFAIRES THEMIS,"1 rue du Général de Gaulle, 22200, Guingamp",http://www.cabinet-themis.fr/
403379423,CABINET DANIEL MARTIN,"66 COURS VICTOR HUGO, 33130, BEGLES",http://www.cabinet-daniel-martin.com/
752224378,CABINET DANIEL VETU,"32 Rue Saint-Julien, 49100, Angers",http://www.daniel-vetu-immobilier.fr/
444613814,CABINET DE BERRANGER,"16 rue Daniel OELHERT, 53000, LAVAL",https://www.cabinetdeberranger.fr/
444610125,Cabinet de Charry,"9 rue Alfred-Roth, 56000, Vannes",https://www.decharry-immobilier.com/
393703384,CABINET DE LA CITE LOCATIONS,"2 RUE CITE BARTISSOL, 66000, Perpignan",http://www.cabinetdelacite.fr/
498296128,CABINET DE LESSEPS,"Villa Floirac, 20 Avenue de Bayonne, 64600, Anglet",https://www.cabinet-de-lesseps.com/
817605330,Cabinet de l’île,"79 BOULEVARD SAINT SYMPHORIEN, 57050, Longeville-Les-Metz",http://www.cabinetdelile.fr/
402276612,CABINET DE PIERREFEU,"33 BOULEVARD ARISTIDE BRIAND, 13100, AIX EN PROVENCE",http://www.cabinetdepierrefeu.com/
879619807,Cabinet De Quenetain,"1 BOULEVARD GENERAL LECLERC, 53100, Mayenne",https://www.dequenetain.fr/
408708303,CABINET DE SIMENCOURT,"43 GRANDE RUE, 80460, Ault",http://www.de-simencourtimmobilier.fr/
384046710,Cabinet de Simencourt SA,"52 RUE DELPECH, 80000, Amiens",http://www.cabinet-desimencourt.fr/
480022151,CABINET DELAHAYE,"2 AVENUE DU GENERAL LECLERC, 80100, Abbeville",http://www.cabinetdelahaye.fr/
776384695,CABINET DELOMIER,"9 RUE GENERAL FOY, 42000, Saint-Étienne",http://www.delomier.fr/
480730100,Cabinet Delta Immobilier,"225 AVENUE DU DEUXIEME SPAHIS, 83110, Sanary-Sur-Mer",http://cabinetdelta.com/
301500252,Cabinet DEMULDER,"25 route de Domont, 95460, Ézanville",http://www.demulder.fr/
399212471,Cabinet Dero Renard,"76 boulevard Albert 1er, 76600, LE HAVRE",http://www.immorenard.com/
891316143,CABINET DESCROIX,"8 Place Jules Lobet, 51100, REIMS",https://descroiximmobilier.com/
379086085,CABINET DIARD IMMOBILIER CHATEAUBOURG,"31 RUE DE PARIS, 35220, Châteaubourg",http://www.cabinet-diard-immobilier.fr/agences-immobilieres-ille-et-vilaine.html
509612438,CABINET DIEUMEGARD,"62bis avenue de paris, 79260, La Creche",http://www.dieumegard.com/
528171622,CABINET DITTO IMMOBILIER,"Le Christophe Colomb, Bt. C1 - 26, avenue Jean d'Agrève, 83400, Hyères",https://www.ditto-immobilier.com/
448539072,CABINET DREUMONT NICOLAS,"219 RUE DE PARIS, 59500, Douai",http://www.dreumont-immobilier.fr/
324072768,CABINET DU REVELLY,"1 Place du Révelly, 05000, Gap",http://www.cabinet-revelly.com/
791984255,CABINET DUBERNAT SAS,"38 RUE DU 8 MAI 1945, 33290, LUDON-MEDOC",https://www.dubernat.com/
821598851,Cabinet Dubois Immobilier Fontainebleau,"2 Rue des Pins, 77300, Fontainebleau",http://www.cabinetduboisimmobilier.fr/
830167680,CABINET DUMAS DESCHARMES,"90 CHEMIN DES GRANDS MOULINS, 69400, Gleizé",http://www.cabinet-robert-dumas.fr/
453803124,CABINET DZELEBDZIC,"9 RUE FOCH, 54150, Briey",http://www.cabinet-dzelebdzic.fr/
331551481,Cabinet Echinard Immobilier Beaune,"11 Rue Jacques de Molay, 21200, Beaune",http://www.echinard.com/
434263349,Cabinet Emotion Real Estate,"MARINA CENTER BAS DU FORT, 97190, Le Gosier",https://www.emotion-realestate.com/
958804866,CABINET EUROPAZUR,"2, Avenue de Nice, 06800, Cagnes-sur-Mer",http://www.europazur.fr/
328401963,CABINET EVEN DU FOU,"9 boulevard Rembrandt, 21000, Dijon",http://www.evendufou.fr/
881925911,CABINET F.E.I,,http://www.cabinet-fei.com/
337825855,CABINET FABRE D'EGLANTINE,"21 rue Fabre d'Eglantine, 75012, Paris",https://www.fnaim.fr/agence-immobiliere/18077/43-paris-12-cabinet-fabre-d-eglantine.htm
383914637,Cabinet Faudais,"18 PLACE DU CHAMP DE MARS BP 555, 50000, Saint-Lô",http://www.cabinet-faudais.com/
501230049,CABINET FAURE IMMOBILIER,"22 RUE DES DOCTEURS CHARCOT, 42100, Saint-Etienne",https://www.cabinetfaureimmobilier.fr/
572122869,CABINET FD LAVERDET,"5 avenue Paul Vaillant Couturier, 94400, Vitry-sur-Seine",https://www.fdlaverdet.com/
389552571,CABINET FETIZONS,"75 avenue Aristide Briand, 94230, Cachan",http://www.fetizonsimmobilier.fr/
329197586,CABINET FICAT MOULAS,"10 rue Tolosane, 31000, TOULOUSE",http://www.ficatmoulas.com/
887674646,Cabinet Fides Immobilier,"1 RUE RAMATUELLE, 83500, LA SEYNE SUR MER",https://www.fides-immobilier.com/
827757279,CABINET FLAMMANT IMMOBILIER,"7 Avenue Jean JAURES, 21150, VENAREY LES LAUMES",http://www.cabinetflammant.com/
513010256,CABINET FOLLIET,"34 RUE SERVIENT, 69003, LYON",http://www.folliet.fr/
993105790,Cabinet Fontaine - IMMOBILIER CREVECOEUR,"5 PLACE DE L'HOTEL DE VILLE, 60360, Crèvecoeur-Le-Grand",http://www.cabinetfontaine.fr/
382218121,CABINET FRUCHET,"7 RUE NATIONALE, 85110, Chantonnay",http://www.chantonnay-immobilier.com/
834654428,CABINET GABARD IMMOBILIER,"23 rue Saint-Julien, 49100, Angers",http://www.gabard-immobilier.fr/
810790725,Cabinet GALLIEN,"21 Avenue John Fitzgerald Kennedy, 33700, Mérignac",http://www.cabinetgallien.fr/
483712378,Cabinet GALLIOT,"3 Impasse des petits fossés, Bd d'Eindhoven, 14400, Bayeux",https://galliot-immobilier.com/
409556644,Cabinet Gifa,"17 bd KENNEDY, 06800, CAGNES SUR MER",http://www.cabinet-gifa.com/fr/
394123384,CABINET GINET,"16 rue Brison, 42300, Roanne",http://www.ginet.fr/
481880037,CABINET GIRAUD IMMOBILIER,"9 RUE CHANTELOUP, 42190, Charlieu",https://www.giraudimmo.com/
429021165,CABINET GIROND / ABCD'IMMO,"158 RUE EMILE COMBES, 33000, Bordeaux",https://www.cabinet-girondin.com/
445142953,CABINET GIRONDE IMMOBILIER,"1 PLACE DU GENERAL DE GAULLE, 33490, Saint-Macaire",https://www.cgi33.fr/
800393977,CABINET GLV IMMOBILIER PEVELE ET MELANTOIS,"118 RUE SOLFERINO, 59000, LILLE",https://www.glv-immobilier.fr/
850609694,CABINET GOBERT SZYPULA GESTION IMMOBILIERE,"26 avenue Gustave DELORY résidence RAMBOUILLET, 59100, ROUBAIX",https://gs.immo/
844740936,cabinet Golfe d'amour immobilier,"31 Bd Georges Clemenceau, 13600, La Ciotat",http://ga-immobilier.com/
819632373,CABINET GOSMAT IMMOBILIER,"3 RUE FIDELE HABERT, 56750, Damgan",http://www.gosmat-immobilier.com/
453289720,CABINET GRAND SUD,"53 grand rue François Mitterrand, 34130, MAUGUIO",http://www.immo34.fr/
480970532,CABINET GRENECHE IMMOBILIER,"23 Quai Paul Léger, 74500, EVIAN",http://www.grenecheimmo.fr/
385054432,CABINET GRIMAZ,"36 RUE ARSON, 06300, NICE",https://cabinet-grimaz.com/
340370774,CABINET GTI IMMOBILIER Paris 15,"48 Bd Pasteur, 75015 Paris, 75015, PARIS",https://www.gtiimmo.com/fr
408691715,CABINET GUEDON - CHATEAU GONTIER,"8 Bis Avenue Razilly, 53200, Château-Gontier",http://www.guedon-immobilier.com/index.php
494800220,CABINET GUEMENE,"77 RUE HENRI DELAHAYE, 44120, VERTOU",http://www.cabinet-guemene.fr/fr/agence.htm
424462414,CABINET GUILLAUME,,https://cabinetguillaume.fr/
993163310,CABINET H3C IMMO PARTENAIRES,"., 80000, AMIENS",http://www.cabinet-h3c.com/
523406957,CABINET HABILIS,"38 Rue du Presbytère Local 11, 97410, Saint-Pierre",https://www.cabinet-habilis.com/nos-agences.html
432518298,Cabinet HERMES,"2 PLACE GAILLETON, 69002, Lyon",http://www.cabinet-hermes.fr/
383791274,Cabinet Heurtier Location Transaction,"5 Rue Philis de la Charce, 38000, Grenoble",https://www.cabinet-heurtier.fr/
411801491,Cabinet Hoche,"57, rue Hoche, 93500, Pantin",https://www.cabinethoche.com/
334883097,CABINET HUCHET,"86 BOULEVARD DUNOIS, 14000, Caen",https://www.cabinet-huchet.fr/
489317339,Cabinet Husser et Stocki,"13 rue Goethe, 67000, STRASBOURG",https://husser-stocki.fr/
504267188,CABINET IMMO 2M,"2 AV LOUIS BOZZO, 83000, Toulon",http://www.immo2m.com/
828011205,CABINET IMMOBILIER AMIENOIS,"18 RUE LAMARTINE, 80000, Amiens",http://www.cabinet-immobilier-amienois.fr/
340066307,CABINET IMMOBILIER BARENTINOIS,"61 RUE LOUIS LESEIGNEUR, 76360, Barentin",http://www.cib76.fr/
479276685,Cabinet immobilier BIENAIME,"6 Rue Florimond Leroux, 80000, Amiens",http://www.cabinet-bienaime.fr/
305393167,CABINET IMMOBILIER BOULET,"47 RUE DU 11 NOVEMBRE 1918, 71100, Chalon-Sur-Saône",http://www.boulet-immo.com/
484515994,Cabinet Immobilier des Limites,"131 allée de montfermeil, 93390, Clichy Sous Bois",http://cil-immo.com/
492079082,Cabinet Immobilier Descolas,"34 RUE DU VIEIL ABREUVOIR, 78100, SAINT-GERMAIN-EN-LAYE",https://www.immobilier-descolas.com/
998096010,CABINET IMMOBILIER DIFFUSION,"23 rue du Docteur Gallavardin, 69800, Saint-Priest",http://www.cid-immobilier.fr/1753-notre-agence/
914048970,Cabinet Immobilier Direct Home 44,"13 rue Emile Cheysson, 44300, Nantes",https://www.directhome44.com/
658500509,CABINET IMMOBILIER DROMSON,"7-9 Rue du Marais Vert, 67000, Strasbourg",http://www.dromson-immobilier.com/
848780334,CABINET IMMOBILIER DU BEARN DES GAVES,"9, PLACE DE LA TROMPE, 64270, SALIES DE BEARN",https://www.cabinetimmo-bearndesgaves.com/fr/
929941748,CABINET IMMOBILIER DU MOULIN,"53 Boulevard de Strasbourg, 86500, Montmorillon",https://cabinetdumoulin.com/
442043295,CABINET IMMOBILIER GESSIEN,"76 GRANDE RUE, 01220, Divonne-Les-Bains",https://www.immobiliergessien.fr/
524026374,CABINET IMMOBILIER HYVRARD ANDRE,"1bis Quai de la rive, 42400, Saint-Chamond",http://www.cabinethyvrard.fr/
481071934,Cabinet Immobilier ICC RHONE-ALPES,"15 Faubourg des MOULINS, 38460, Crémieu",https://www.instagram.com/icc_rhonealpes?igsh=MXgzeWswaXh0MzBmeA%3D%3D&utm_source=qr
480135300,CABINET IMMOBILIER LEJEUNE,"16-18 RUE GASTON WATTEAU, 60460, Précy-Sur-Oise",http://www.lejeuneimmobilier.fr/
523557544,Cabinet immobilier Marie-France Destombes,"19 Rue du Docteur Zamenhof, 59170, Croix",https://www.mfdestombes-immobilier.fr/
930727821,CABINET IMMOBILIER NICE,"8 avenue auber, 06000, Nice",https://cabinetimmobiliernice.com/
509544334,CABINET IMMOBILIER PLOUHINEC,"7 rue Victor Hugo, 71000, Mâcon",http://www.cabinet-immobilier-plouhinec.fr/
493860555,Cabinet immobilier regional,"ZA LES SAMBETTES 111 impasse du chene, 38460, Saint-Romain-de-Jalionas",http://www.agencecir.com/
498714757,Cabinet Immobilier REPPEL,"37 rue de l'Hôtel de Ville, 67860, RHINAU",http://www.immoreppel.fr/
343776373,CABINET IMMOBILIER RIPOLL,"7 Rue Brest, 83400, Hyères",https://www.cabinet-ripoll.com/
821040615,CABINET IMMOBILIER ROZENN MELSCOET,"4 PLACE DES ECHAUDES, 29120, Pont-L'Abbé",http://www.cabinetrozennmelscoet.com/
498040914,CABINET INVESTIM,"60 RUE DENIS PAPIN, 41000, Blois",http://www.immobilier-investim.com/
830086435,CABINET IPM,"9-11 RUE DE STRASBOURG, 67120, Molsheim",https://www.ipm-immobilier.com/
473202711,Cabinet J & P DIEU,"49-51 Boulevard Pierre 1er, 33110, Le Bouscat",https://www.dieu-immobilier.com/
791345150,CABINET J. ROUSSEAUX,"23 RUE GAMBETTA, 72300, Sablé-Sur-Sarthe",http://www.agence-rousseaux.fr/
309331882,Cabinet Jean Haméon,"2 Rue Louis Rousseau, 94200, Ivry-sur-Seine",https://cabinet-hameon.fr/
432084762,CABINET JEAN JACQUES CHAMPION,"17 TER RUE BOUCICAUT, 06400, Cannes",http://www.cabinet-champion.immo/
392349353,CABINET JEAN-YVES LANDECY,"CENTRE COMMERCIAL VAL THOIRY, 01710, Thoiry",https://www.landecy.fr/
339599516,Cabinet Jeanselme,"3 Pl. Championnet, 26000, Valence",https://www.immojeanselme-valence.fr/
538689142,CABINET JL IMMOBILIER,"6 RUE PIERRE SEMARD, 26800, Portes-lès-Valence",http://www.cabinet-jlimmo.com/
509266466,CABINET JOEL PIZY,"12 AVENUE DE L HIPPODROME, 14000, Caen",http://www.cabinet-joel-pizy.com/
390315620,CABINET JONATHAN,"63 RUE NATIONALE, 78970, Mézieres-Sur-Seine",http://www.cabinet-jonathan.com/
752375311,CABINET JOSEPH SERRE,"20 rue du Docteur Lucas Championnière, 75013, PARIS",http://www.serre-gestion.com/
791324411,CABINET KERJEAN - CARANTEC,"1 PLACE DE LA LIBERATION, 29660, CARANTEC",http://www.cabinet-kerjean.fr/
977892017,Cabinet KS Immobilier,"1 rue de la cooperative, 83470, Seillons-Source-d'Argens",https://www.ks-immobilier-seillons.fr/
910745280,Cabinet La Clef,"37 rue de Fontenay, 92220, Bagneux",https://cabinetlaclef.com/
315903351,Cabinet Lachassagne,"261 rue Georges Clémenceau, 69470, Cours",https://www.cabinet-lachassagne.fr/
307772269,CABINET LAUGIER FINE,"129 RUE DE ROME, 13286, MARSEILLE CEDEX 06",http://laugierfine.immo/
752955690,Cabinet Laurens Immo Conseils,"15 Avenue du Pré Félin - PAE Les Glaisins, 74940, Annecy",http://www.le-cabinet-immobilier.fr/
451476915,CABINET LEBRETON,"136 Chemin de l'Armée d'Afrique, 13010, Marseille",http://www.cabinetlebreton.com/
394041412,Cabinet LECOMTE,"1 Rue Raoul Ponchon, 35000, Rennes",https://www.lecomtesyndic.fr/
487509531,CABINET MESMACQUE,"3, avenue Gallieni, 77590, Bois-Le-Roi",http://www.cabinet-mesmacque.fr/
789429875,CABINET MGM,"300-320 rue du commandant Massoud, 34070, Montpellier",http://www.cabinet-mgm.fr/
331673020,CABINET MICHEL DE CHABANNES,"66 Bd Rodocanachi, 13008, Marseille",http://www.micheldechabannes.fr/
431644418,CABINET MICHEL SIMOND,"avenue Thomas Edison Futuropolis 6 Téléport 4, 86360, Chasseneuil-Du-Poitou",http://www.msimond.fr/cabinets/poitou-charente/vienne/cabinet-427
498641877,Cabinet Million,"17 RUE DU PUIT NEUF, 34110, Vic-La-Gardiole",https://www.cabinet-million.fr/
513738112,CABINET MOLIERES,"9 RUE SAINT ROME, 31000, Toulouse",http://www.agenceimmo-molieres.com/
520120197,Cabinet MORIN Immobilier,"286 Rue Judaïque, 33000, BORDEAUX",http://www.morin-immo.com/
503739591,CABINET MOSNIER,"24 RUE DU MOULIN A VENT, 58000, NEVERS",https://www.cabinet-mosnier.fr/
451959266,CABINET MOUYAL,"15 RUE DU GRENIER SAINT LAZARE, 75003, PARIS",http://www.cabinetmouyal.fr/
390457745,CABINET NOE IMMOBILIER,"11 RUE COLBERT, 10000, TROYES",http://noe-immobilier.com/
487698904,Cabinet Négo'56 -Immobilier Professionnel &Habitat,"Place des trinitaires, 56370, Sarzeau",https://www.nego56.com/
423070358,CABINET OCCITAN,"19 BOULEVARD GUSTAVENUE GARRISSON, 82000, MONTAUBAN",http://www.cabinet-occitan.fr/
527549794,Cabinet Occitan,"3 Rue du Moulat, 31800, Saint Gaudens",http://www.cabinetoccitan.fr/
507950046,CABINET OLIVIER PLAINE,"27 boulevard lacheze, 42600, Montbrison",https://www.cabinetolivierplaine.fr/
823298369,CABINET OLLIERIC,"15 RUE CHARLES MONSELET, 44000, Nantes",http://www.cabinet-ollieric.fr/
939398616,CABINET OMNIA,"35 Rue de la République, 82000, Montauban",http://www.cabinetomnia.com/
511156499,CABINET PANACIONNE IMMOBILIER,"51 rue de Corbeil, 91360, Epinay-sur-Orge",http://www.panaccione-immobilier.fr/
069800464,CABINET PAUL STEIN TRANSACTION,"70, RUE MONTGRAND, 13006, Marseille",https://www.stein-immo.fr/
322747486,CABINET PECOUL,"1732 AVENUE DE MR TESTE, 34070, Montpellier",http://www.cabinetpecoul.com/
753363589,CABINET PELLEGRIN IMMOBILIER,"10 avenue de Corinthe, 13006, Marseille",https://www.cabinet-pellegrin.fr/
843149964,CABINET PERON PATRIMOINE,"42 Boulevard des Castors, 69005, LYON",https://www.cabinetperonpatrimoine.fr/
504164393,Cabinet PETOLAT - Delort Immobilier,"22 bis grande rue, 39600, ARBOIS",http://petolat-immobilier.com/
387603061,Cabinet PETRUCCI CONVERT,"6 QUAI JEAN-BAPTISTE SIMON, 69270, Fontaines-sur-Saône",https://www.cpc.immo/
652881053,CABINET PIERRE GINESTET,"295 faubourg croncels, 10000, Troyes",http://www.ginestetimmo.com/
403090889,CABINET PIGE ET ASSOCIES,"32 RUE DE LETANDUERE, 49000, Angers",http://www.pigeimmobilier.fr/
382577609,CABINET PONEL,"31 AVENUE AMBROISE THOMAS, 83400, Hyères",http://www.ponel-immobilier.fr/
318027083,CABINET POULET IMMOBILIER,"3 RUE LOUIS PHILIPPE, 76600, Le Havre",http://www.pouletimmobilier.fr/
504625401,Cabinet Prestige Atlantique,"75 rue nationale, 17220, La Jarne",https://www.prestigeatlantique.com/
347421562,CABINET PUGET IMMOBILIER,"11 RUE VOLTAIRE, 44000, Nantes",https://www.puget-immobilier.fr/
791635550,CABINET R ET G IMMOBILIER,"10 AVENUE ROBERT SCHUMAN, 57000, Metz",https://www.cabinet-rg-immobilier.com/
342097201,CABINET RABAU DARCHAND,"5 COURS DE LA MARNE, 33800, BORDEAUX",https://www.rabaudarchand.com/
300287141,CABINET RAYMOND,"4 Avenue Victor Hugo, 12000, Rodez",https://www.ruthen-immo.fr/
807941315,Cabinet Raymond - Immobilier,"Facebook: Emmanuel Raymond Immobilier, 38000, Grenoble",http://www.facebook.com/Emmanuel-Raymond-Immobilier-703691523060838
353210206,CABINET RECA,"17 PLACE DE LA REPUBLIQUE, 60400, Noyon",http://www.cabinet-reca.fr/
831913322,CABINET RGI TRANSACTION,"ALLEE DU CHUZIN, 38110, La Tour-Du-Pin",https://rgitransaction.com/
485008965,CABINET RICHOMME ET ASSOCIES,"4, Rue Pluche, 51100, Reims",https://www.richomme-immobilier.fr/
562084145,CABINET ROGER BORDAT,"9 AVENUE GABRIEL PERI, 93400, Saint-Ouen",http://www.roger-bordat.fr/
490152717,CABINET ROLLAND ET GIROT,"56 RUE DE RENNES, 35340, Liffré",http://www.cabinet-rolland-girot.com/
349101907,CABINET ROUERGAT,"6 BOULEVARD LAROMIGUIERE BP 223, 12000, Rodez",https://www.cabinetrouergat.com/
879867067,Cabinet S.T & Associées,"15 BOULEVARD DE CIMIEZ (PALAIS DE VALENCE 4E), 06000, NICE",https://www.syndic-st-associees.com/
342031507,CABINET SABOT GEORGES,"6 AVENUE DE LA LIBERATION, 42000, Saint-Étienne",http://www.cabinetgeorgessabot.fr/
980991780,CABINET SAINT CHARLES,"13 RUE DE LA PIERRE BLEUE, 69630, CHAPONOST",https://www.cabinetsaintcharles.fr/
443082409,CABINET SAINT MARTIN,"24 Grand rue, 62129, Thérouanne",http://www.immosaintmartin.com/
950417675,CABINET SALMON,"7 BOULEVARD DU PARC IMPERIAL, 06000, Nice",http://cabinetsalmon.fr/
414893180,Cabinet Saloux immobilier,"6, place st Julien, 56190, MUZILLAC",http://www.saloux-immobilier.fr/
413189937,CABINET SAUVAGE IMMOBILIER,"91 RUE AUX OURS, 76000, Rouen",http://www.sauvage-immobilier.com/
529034381,Cabinet Savonitto,"42 rue francois taddei, 13007, Marseille",https://www.cabinet-savonitto.com/
449145390,CABINET SCARSINI,"LE FREEWAY 854 AVENUE DU CAMPON, 06110, Le Cannet",http://www.scarsini.fr/
952634616,CABINET SEMENE,"IMPASSE MAS DE MARIOTTE, 34970, Lattes",https://www.semene.com/?utm_source=gmb
918138066,Cabinet Signature Groupe,,http://www.cabinet-signature.fr/
813857901,CABINET SITEA,"-------------, 31770, COLOMIERS",https://www.sitea-immo.com/
842737371,CABINET SOCRATE,"47 Rue Sergent Blandan, 54000, Nancy",https://www.cabinet-socrate.fr/
441781853,CABINET SPOHN VILLEROY,"101 rue d'Allier, 03000, Moulins",http://www.agencespohnvilleroy.com/
877808261,CABINET STIL IMMOBILIER,"52 BD DE L'YERRES, 91000, Evry",https://www.stil-immo.fr/
300031366,Cabinet Tapissier & Associés,"27 rue Chevreul, 49100, Angers",https://cabinettapissier.fr/
799760376,CABINET TEMPERE IMMOBILIER,"3 Place Jeanne d'Arc, 43800, Rosières",https://www.tempereimmobilier.fr/
788117968,CABINET TERRIER,"8 BIS RUE RAMEAU, 63000, Clermont Ferrand",http://www.cabinetterrier.com/
309358349,CABINET THIERRY GUERANDE,"8 rue Vannetaise, 44350, Guérande",http://www.thierry-immobilier.fr/
817897937,CABINET TRAVERSO,"110 BOULEVARD BAILLE, 13005, Marseille",http://www.cabinet-traverso.fr/
350246591,Cabinet Universal Transaction & Partners,"-255 avenue Galilée - Parc Aix La Durranne, 13100, Aix-en-Provence",http://universal-transaction.fr/
828111781,CABINET VAN EECKE,"45 Rue Jules Guitton, 49100, Angers",http://cabinetvaneecke.fr/
789583218,CABINET VASSE,"7 RUE DE BAYEUX, 14000, Caen",http://www.cabinet-vasse.com/fr/
567350046,CABINET VERAIN,"3 RUE JEAN JAURES, 71200, Le Creusot",http://www.verain-immobilier.com/
520240136,CABINET VERILHAC,"6 Place Villeboeuf, 42100, Saint-Étienne",http://www.cabinetverilhac.fr/
517530275,CABINET VERREY,"29 PL DE LA LIBERTE, 84310, Morières-lès-Avignon",http://www.cabinet-verrey.com/
990875924,CABINET VERSANT EPERNAY,"27 Place Bernard Stasi, 51200, Épernay",https://www.cabinet-versant.com/
502612815,Cabinet Vogue,"28 boulevard Victor Hugo, 06000, Nice",https://cabinetvogue.com/
750607400,CABINET WURM IMMOBILIER,"26 rue de Pont-à-Mousson, 57000, Metz",http://www.immo-cw.fr/
479801680,Cabinet Y Le Moël LMI,"5 RUE MARECHAL FOCH, 56100, Lorient",https://www.lemoel-immobilier.com/
529721698,Cabinet Yvanez Immobilier,"3 Pl. des Gates, 35410, Châteaugiron",https://www.cabinet-yvanez-immobilier.com/
913261178,CABINET ZELOS IMMOBILIER,"14 rue laplace, 33700, Mérignac",https://www.zelosimmobilier.com/
814790275,CABIREAU IMMOBILIER,"2 Avenue Maréchal des Logis Garnung, 33680, Lacanau",http://maison-appartement-lacanau.com/
894117969,CABLAT IMMOBILIER.,"4 Place d'Armes, 08200, Unité urbaine de Sedan",http://www.cablat-immobilier.com/
482800398,Cad'immo SAS,"3 rue émile zola, 24100, BERGERAC",http://www.cad-immo.com/
493397665,CAD-INVEST,"39 RUE DES GRANGES GALAND, 37550, Saint-Avertin",http://www.cadinvest.com/
420824526,CADALEN IMMOBILIER,"44 CHEMIN DE RIEUTORD, 81300, Graulhet",http://www.agencescadalen.com/
880300470,CADRE D'ENVIES,"ALLEE VAN GOGH, 33160, SAINT AUBIN DE MEDOC",https://www.cadredenvies.fr/
813217254,CAEN NORD IMMOBILIER,"1 rue Jean Perrin, 14440, Douvres-La-Délivrande",http://www.caen-nord-immobilier.com/
480908888,CAFAC,,http://www.cafacimmo.fr/
848590717,CAFE DE L'IMMO,"100 BD VAUBAN, 13006, Marseille",https://www.cafedelimmo.com/
444805139,CAFHORE - FTCI,"21 RUE GUICHARD, 95620, PARMAIN",http://www.cafhore.fr/
798870374,CAG PROMOTION,"rue de la pepiniere, 76190, Sainte-Marie-des-Champs",https://www.cag-promotion.fr/
451107551,CAGIM-SOGEDIM,"33 Rue de Mulhouse, 68300, Saint-Louis",https://www.cagim-sogedim.fr/
309191005,CAHORS IMMOBILIER GESTION,"109 Boulevard Léon Gambetta, 46000, Cahors",https://www.cahorsimmobilier.fr/
404121055,CAILLIAU ET LE GARO IMMOBILIER,"26 ROUTE DE QUIMPER, 29170, Fouesnant",http://www.clg-immobilier.fr/
908753197,CAIRN Immobilier,"56-58 Cours de Vincennes, 75012, Paris 12e Arrondissement",https://www.cairnimmobilier.fr/
944690262,Calathéa Immobilier,"IMMEUBLE LE CHENONCEAUX 4 RUE DU VERGER, 05000, Gap",https://calathea-immobilier.com/
334780798,CALINI L'IMMOBILIER CONSEIL,"AVENUE CHARLES DE GAULLE C.C. CASINO, 30190, La Calmette",https://www.calini.com/
821250701,CALIXTE IMMOBILIER,"Le Plan Occidental - 45 Chemin de l'Aven, 83440, Montauroux",https://www.calixte.immo/
504470725,Calizi Immobilier,"Av. Joseph Calizi,, 20220, L'Île-Rousse",https://www.calizimmo.com/
480258177,CALLIOPE IMMOBILIER,"38 RUE DU GENERAL DE GAULLE, 33290, LUDON MEDOC",http://www.calliope-immobilier.com/
503245219,CAMA IMMOBILIER,"CENTRE COMMERCIAL LE PARC MONTAIGNE1 AVENUE HENRI POINCARE, 78330, Fontenay-Le-Fleury",http://www.camaimmobilier.com/
894809771,CAMILOTTO LOCATION,"1 RUE GENERAL DE GAULLE, 28210, Nogent-le-Roi",http://www.camilottolocation.com/
437512767,CANAL IMMO,"194 AVENUE DU GENERAL DE GAULLE PLACE DU MARCHE, 77270, Villeparisis",http://www.canalimmo.com/
435318738,Canat & Warton,,https://www.saintraphaelimmobilier.fr/
891505901,CANDICE THOREL IMMOBILIER,"10 GRANDE RUE, 80700, Andechy",https://www.candice-thorel-immobilier.com/
983358987,Candy GABRY,"Fayence, 83440, Fayence",https://www.newdealimmobilier.fr/
521551952,CANNES AZUR IMMOBILIER,"12 BOULEVARD PAUL DOUMER, 06110, Le Cannet",http://www.cannes-azur-immobilier.com/
434341772,CANNES CONSEIL IMMOBILIER,"13 rue Marechal Joffre, 06400, Cannes",http://www.canneshorizon.fr/
918385436,CANOPEE,,http://lacanopee.immo/
840373757,CANOPIA,"46 Avenue Laplace, 94110, Arcueil",http://canopia.co/
271500019,CANTAL HABITAT,"10, rue Pierre Marty - BP 10423, 15004, AURILLAC CEDEX",http://www.cantal-habitat.fr/
451375190,CANTARD IMMOBILIER,"4 Place Brosson, 63140, Châtel-Guyon",http://www.agence-cantard.fr/
993057025,CAP BRETAGNE IMMOBILIER,"5 Ruelle du Presbytère, 22800, Quintin",https://capbretagneimmobilier.com/
317783561,CAP BRUN,"2336 AVENUE DE LA RESISTANCE, 83000, Toulon",http://www.immobiliereducapbrun.fr/
821982501,CAP CAUX IMMOBILIER,"10 PLACE RENE COTY, 76810, Luneray",http://www.capcauximmo.com/
501051288,CAP CONSEIL IMMOBILIER,"1 rue du château d'eau, 85300, Soullans",http://www.capconseil-immobilier.fr/
823242441,CAP CONSEIL IMMOBILIER,"1 Rue du Château d'Eau,, 85300, Soullans",http://www.capconseil-immobilier.com/fr/
812086817,CAP HOME IMMOBILIER,"21 rue Albert Schweitzer, Zone d'activités de Kervidanou 3, 29300, Mellac",http://www.caphome-immobilier.fr/
495163222,Cap Horn Promotion,"509, Contre-Allée Route de Neufchâtel, 76230, Isneauville",https://www.caphornpromotion.fr/
434061255,CAP SUD IMMOBILIER,"AVENUE DE PALAVAS, 34750, Villeneuve-lès-Maguelone",https://www.capsudimmobilier.com/
493405047,CAP SUD IMMOBILIER,"RUE PIERRE ANDREANI, 20137, Porto-Vecchio",http://www.cap-sud-immobilier.fr/
805210812,CAP TALDEA,"18 RUE DU PORT, 64700, HENDAYE",https://captaldea.com/fr/
804838076,CAP TRANSACTIONS,"801 avenue des Champs Blancs, Bâtiment C, 3ème étage, 35510, Cesson-Sévigné",http://www.cap-transactions.com/
454023946,CAP WEST GROUPE,"30 RUE DE L'EUROPE, 44240, La Chapelle-Sur-Erdre",http://www.capwestresidence.fr/
498862051,CAP-EST-IMMO,,http://www.cap-est-immo.fr/
918817032,CAP-MAY IMMOBILIER,"180 RUE DE LA GARE, 97440, Saint-André",https://www.cap-may.re/
898526892,CAPELAERE Pierre,"-------, 59800, LILLE",https://www.reseau-expertimo.fr/1273/-agent-capelaere/1
819757675,Capgest immo,"14 Lann Er Roch, 56270, Ploemeur",https://www.capgest-immo.fr/
527721187,CAPIM FOUGERES,"2 PLACE DE LA REPUBLIQUE, 35300, Fougères",http://www.capim-immobilier.com/
403053846,CAPIMMO,"98 AVENUE RAIMU, 83130, LE PRADET",http://www.capimmo83.com/
531293991,CAPITAL CONSEIL IMMO,"75 rue jean jaures, 31620, BOULOC",http://www.capital-conseil-immo.com/
530273291,CAPITAL CROISSANCE IMMOBILIER,"72 avenue de la Libération, 33360, Latresne",https://capitalcroissance.net/
480188689,CAPITAL IMMOBILIER,"129 AVENUE GENERAL LECLERC, 83700, ST RAPHAEL",http://www.capitalimmobilier.fr/
821260759,CAPITAL IMMOBILIER,"1 quai Créqui, 38000, Grenoble",http://www.capitalimmobilier.net/
842655508,CAPITAL IMMOBILIER,"125 boulevard Masséna, 75013, Paris",https://www.capital-immobilier.fr/fr
879476992,CAPITAL PIERRE IMMOBILIER CONSEIL,"4 Avenue Vincent d'Indy, 07240, Vernoux-En-Vivarais",http://www.capital-pierre-immobilier.fr/
852948876,CAPITAL TRANSACTION,"290 rue de Charenton, 75012, Paris",https://capitaltransaction.fr/
534828900,CAPITELLE IMMOBILIER,"21 BIS Boulevard Pasteur, 34110, Mireval",http://www.capitelle-immobilier.com/
388636292,CAPITOLE GESTION,"38 RUE LOUIS PLANA, 31500, TOULOUSE",https://capitolegestion2.live-website.com/
418763975,CAPRIM,,http://www.igs-caprim.com/
107408551,CAPRON IMMOBILIER,"35 Croix Rouge, 29260, Le Folgoët",http://www.capronimmobilier.bzh/
841620750,CAPRON IMMOBILIER,"Siège social : 1 rue Hubert Cromback, 60149, Saint-Crépin-Ibouvillers",http://www.capronimmobilier.fr/
883553356,CAPSULE CORP,"7 Rue Général Ferrié, 38100, Grenoble",https://www.capsulecorpimmo.com/
819792524,Captain,"268 Boulevard Saint-Denis, 92400, Courbevoie",https://captain.fr/
912046091,CAPVALIM,"23 Rue Pharaon, 31000, Toulouse",http://www.capvalim.com/
931863112,CARACAS IMMOBILIER,"24 AVENUE MEDITERRANEE Ville CANET-EN-ROUSSILLON, 66140, Canet-en-Roussillon",https://www.caracasimmobilier.fr/
881465322,CARACTERES IMMOBILIER,"71 boulevard du président Wilson, 33200, Bordeaux",https://caracteres-immobilier.fr/fr/
883461345,CARBONNEL Immobilier Nègrepelisse,"13 Place nationale, 82800, Nègrepelisse",https://www.carbonnelimmobilier.com/
843051491,CARCES IMMOBILIER,"15 RUE MARECHAL JOFFRE, 83570, CARCES",http://www.carcesimmobilier.com/
538442252,Cardinal Immobilier 31,"41, grande rue St Michel, 31400, TOULOUSE",http://www.cardinalimmobilier.fr/
851765602,CAREL IMMOBILIER,"158 ROUTE ONET LE CHATEAU, 12850, Onet-le-Château",http://www.carelimmobilier.fr/
883676793,CARIBBEAN STANDARD IMMOBILIER,"Centre d'Affaires Californie 2, Entrée Pierre, 1ier étage, 97232, Le Lamentin",http://www.csimq.com/
937874691,Caritey Immobilier,"28 AVENUE CARNOT, 70200, Lure",http://www.caritey-immobilier.com/
890604929,CARLE IMMOBILIER,"19 rue Jean Jaurès, 69740, Genas",http://www.carle-immobilier.com/
502249626,CARLETTA IMMOBILIER,"1, Rue de l'Hôtel de Ville, 06300, Nice",http://www.carletta.fr/
431262203,CARLIT IMMOBILIER,"72, boulevard de Strasbourg, 31000, TOULOUSE",https://www.carlit-immobilier.com/
982938649,CARMA IMMO,"882 Rue de St Mars, 44240, Sucé-sur-Erdre",https://www.carmagnola-immobilier.fr/
441648771,CARMEN IMMOBILIER,"ZA PUTILLENEA CS 30209, 64122, Urrugne",https://www.carmen-immobilier.com/location/
424073237,CARNET DE L'IMMOBILIER BORDELAIS,"26 RUE FONDAUDEGE, 33000, BORDEAUX",https://www.ofi.immo/
789127438,Carnot immobilier,"66 rue nationale 1er étage, 59000, lille",https://carnotimmobilierlille.fr/qui-sommes-nous/
833256688,Carole Boulard,"rue du jardin public, Bordeaux, 33300, Bordeaux",https://www.proprietes-bordelaises.com/
849865217,CAROLINE RONDEAU IMMOBILIER,"10 RUE DU COUDRAY, 44000, Nantes",https://carolinerondeauimmobilier.fr/
991408626,Caroll Turpin Immo,"32 Avenue Paul Doumer, 85100, Les Sables-d'Olonne",https://www.carollturpinimmo.fr/
352012827,CARRARA IMMOBILIER,"11 RUE DES MARTYRS DE LA RESISTANCE, 57950, Montigny-Lès-Metz",http://www.carrara-immobilier.com/nos-annonces/?type_recherche=VE
944914597,CARRE DUBOUCHAGE IMMOBILIER,"4 RUE PROVANA DE LEYNI, 06000, Nice",https://carredubouchage.fr/fr/
839020229,CARRE HABITAT 33,"Le Gelat, route d'Antonion, 33730, Noaillan",https://www.carrehabitat33.fr/
978150308,CARRE MARSEILLAIS,"86 rue Louis Grobet, 13001, MARSEILLE",http://www.carremarseillais.fr/
809826738,CARRE NORD IMMOBILIER,"17 rue de Martinval, 59246, Mons-en-Pévèle",http://www.carrenord-immobilier.fr/
391756020,CARRERE IMMOBILIER,"Cours Lazare Escarguel - 2 Rue Léon Dieudé, 66000, Perpignan",http://www.carrereimmo.com/
439490020,CARRERE L'IMMOBILIER,"2 CHEMIN DE LA PERRIERE, 33370, Tresses",http://www.carrerelimmobilier.com/
507864312,CARREZ IMMOBILIER,"76 RUE MAXIME GUILLOT, 21300, Chenôve",http://immobilier-chenove.com/
494245921,CARREZ IMMOBILIER PICARDIE,"55 RUE DE LA REPUBLIQUE, 02300, Chauny",http://www.carrezimmobilier.fr/
330085671,Carroz Immobilier,"97 Route du Serveray, 74300, Arâches-la-Frasse",https://www.carroz-immobilier.com/
392557476,Carré-Mans by Nicole Joubert,"37 Rue Chanzy, 72000, Le Mans",http://www.nicole-joubert.fr/
930797915,Carrés Solidaires,"19 Rue Brillet, 94130 Nogent-sur-Marne, 94130, Nogent-sur-Marne",http://www.carres-solidaires.fr/
817763444,Cartault Immobilier,"445 Boulevard Gambetta, 59200, Tourcoing",https://www.cartault-immobilier.fr/
891756439,CARUSO IMMOBILIER,"3 rue Notre Dame, 59300, Valenciennes",https://www.carusoimmobilier.com/
949401459,CASA CHA Immobilier ®,"Immeuble Sant' Antonu Route de l'Ospédale, 20137, Porto-Vecchio",https://www.casa-cha-immobilier.corsica/
952480903,CASA IMMO,"120 rue Saint-Jean, 14000, Caen",http://www.immo-casa.fr/
950827550,Casa Immo Hyères,"12 rue du soldat bellon, 83400, Hyères",https://www.casa-immohyeres.com/
452517071,CASA IMMOBILIER,"1 RUE MAURICE BERNARD, 93700, Drancy",http://www.casa-immobilier.fr/
492119136,CASA IMMOBILIER,"27 BIS RUE ST PIERRE, 60410, Verberie",http://www.casa-immo-verberie.fr/
942692757,CASA IMMOBILIER & PROJETS,"18 route d'Arpajon, 91650, Breuillet",https://www.casa-immo-projets.fr/
935359489,CASA SOGNA,"16 rue Alexandre Bérard, 01500, AMBERIEU-EN-BUGEY",https://www.casa-sogna.immo/
879242030,CASA TERRA,"Carrefour T10, 33 strada di Pinareddu, 20144, Sainte-Lucie de Porto-Vecchio",https://casaterra.fr/
953752029,CASAE IMMOBILIER,"1 rue Baudin, place de la comédie, 34000, Montpellier",https://www.casae.fr/
994610350,CASALIA,"97 Rue de Freyr Immeuble le Genesis, 34000, Montpellier",https://casalia.fr/
528765092,Casaloft Immobilier,"58 AVENUE ANDRE ZENATTI, 13008, Marseille",https://casaloft-immobilier.com/
818581894,CASALUME,"Lieu-dit Maccine, 20167, Alata",https://www.casalume.fr/
912239126,Casavo,"8 rue Greneta, 75003, Paris",https://www.proprioo.fr/?utm_source=leboncoin&utm_medium=multiposting&utm_campaign=vitrine_agence
991971615,CASCARINO IMMO,"4 PLACE ANDRE-MARIE BURIGNAT, 69330, Meyzieu",https://www.cascarinoimmo.com/
829789320,CASCIOLA IMMOBILIER,"213 RUE DE METZ, 57155, Marly",http://www.casciola.fr/
818849051,CASEA IMMOBILIER,"6 QUAI SAINT LAURENT, 29120, Pont-L'Abbé",http://www.casea-immobilier.fr/
441133634,CASO PATRIMOINE,"12 rue Mirepoix, 31000, Toulouse",http://www.caso-patrimoine.fr/
404228504,Castel B Immobilier,"10 Bis Rue Pasteur, 95330, DOMONT",http://www.castelb.com/
945018307,CASTEL IMMOBILIER GROUP,"75 Rue de la Chapelle, 78630, Orgeval",https://www.castelimmobilier78.fr/
404995201,Castellane Immobilier,"1 place de l'Eglise, 04120, CASTELLANE",https://www.castellane-immo.fr/
388921702,Castellas Immobilier Cassis,"34 rue de l'Arène, 13260, Cassis",http://www.castellas-immobilier.com/
517577086,CASTELLO IMMOBILIER,"554-556 route de Dieppe, 76250, Déville-lès-Rouen",https://www.castello-immobilier.fr/index.php
392982229,CASTELORD ANTONY,"56 AV DIV LECLERC 92160 Antony, 92160, Antony",http://castelord.fr/
402660971,Casting immobilier,"53 AVENUE JEAN GIRAUDOUX, 66029, Perpignan CEDEX",https://www.casting-immo.com/
489463133,CASTRIMMO,"18 BIS AVENUE DE MONTPELLIER, 34160, Castries",http://www.immobilier-castries-baillargues.com/
833974132,CATANEO NEOLOC,"21 Place Carnot, 69002, Lyon",https://cataneo-investissement-immobilier.fr/
442133922,CATELLA RESIDENTIAL PARTNERS,"4 RUE DE LASTEYRIE, 75016, Paris",https://www.lux-residence.com/fr/vente
515245876,Catherine Batillot Immobilier,"10 Rue de Mars, 51100, Reims",https://www.batillot-immobilier.fr/
503406860,Catherine Castel Immobilier & Patrimoine,"Andernos-les-Bains (33510), 33510, Andernos-les-Bains",http://www.catherinecastel.fr/
504379637,Catherine SERR immobilier,"105 avenue de bredasque, 13090, Aix-en-Provence",https://www.catherineserr.com/
750609109,Catherine WIART - NIDEAL IMMOBILIER,"----, 60150, Villers-sur-Coudun","https://www.nideal-immobilier.fr/conseiller/catherine.wiart,198"
883541492,CAUBET IMMOBILIER,"13 Rue du Maréchal Foch, 65000, Tarbes",http://www.caubet-immobilier.com/
351794052,CAVROIS IMMOBILIER,"39 RUE SAINT-ANDRE, 59000, LILLE",http://www.cavrois-immobilier.fr/
494606536,CAYRE IMMOBILIER,"2 place Jean de Chatillon, 35400, Saint-Malo",http://www.abita-immobilier.com/
829859693,CAZA IMMOBILIER,"2D Chemin de Fontbonne, 33360, Camblanes Et Meynac",http://www.cazaimmobilier.com/
530366673,Cazenave,"33 RUE PASTEUR, 33150, CENON",https://terrains-cazenave.com/
394787667,CAZENAVE PROMOTION,"3 RUE DU PONT SAINT MARCEL, 57000, METZ",http://www.cazenave-promoteur.com/Accueil.html
534818869,CAZENEUVE Pierre-Alexandre,"-----------, 65240, Arreau",https://www.aurelouron.immo/
918913823,Cazé Home,"6 Rue Paul Gros, 33270, Floirac",https://www.caze-home.com/
912462173,CAËROU ET GATTO IMMOBILIER,"1 RUE DE LA LIBERATION, 34670, Baillargues",http://www.immocg.com/
438220261,CB IMMOBILIER,"49, BIS AVENUE EDMOND GRASSET, 17440, Aytré",http://www.cb-immobilier17.fr/
792168627,CB2S Immobilier,"44 B avenue du petit port, 73100, Aix-les-Bains",https://www.cb2simmobilier.com/
892965708,CBF CONSEILS,"19 avenue de l'agriculture, 63000, Clermont-Ferrand",http://cbfconseils.com/
504020660,CBI MUZILLAC,"4 rue d’Armorique, 56190, Muzillac",http://www.maisons-cbi.fr/
852734987,CBI PRO,"Avenue d’Italie, 38300, Bourgoin-Jallieu",http://www.cbipro.fr/
953266996,CBM Immobilier,"27 Rue des Amidonniers, 31000, Toulouse",http://www.cbm-immobilier.com/
478865447,CBO IMMOBILIER,"COUR DE L USINE- LA MARE CS 91005, 97438, Sainte-Marie",https://www.cbo-immobilier.com/particulier
795059807,CCE IMMOBILIER D'ENTREPRISE,"93 boulevard Carnot, 06400, CANNES",http://www.cce-immo-entreprise.com/
807508478,CCLV IMMO,"16 RUE DU BISCHENBERG, 67870, Griesheim-près-Molsheim",https://www.cclvimmo.fr/
824079594,CCR IMMOBILIER,"107 AVENUE FRANCIS TONNER, 06150, Cannes",http://www.ccr-immobilier.com/
924795685,CD IMMOBILIER ET CONSEILS,"11 Chem. du Sainfoin, 76240, Belbeuf",https://www.cdimmobilierconseils.fr/
103861340,CDC IMMOBILIER - Cabinet Delvaux Courtin,"37 Rue de la Berbiziale, 63500, Issoire",https://cdc-immobilier.fr/fr/
508482916,CDH,"40 ROUTE DE TROYES, 10120, Saint-Germain",https://www.arlogis.com/aube/
890761901,CDP IMMOBILIER,"35 Square Raymod Aron, 76130, Mont-Saint-Aignan",https://www.groupe-cdpimmo.fr/
982408304,CDR IMMOBILIER,"9 place lachambeaudie, 75012, Paris",https://www.cdrimmobilier.fr/
829299932,CDS GESTION,"51 boulevard Victor Hugo, 06000, Nice",http://www.cdsgestion.com/
922450341,CEBEILLAC IMMOBILIER,"8 BIS COURS SABLON, 63000, Clermont-Ferrand",http://www.auvergneimmobilier.com/
780141214,CEDRIC PIGASSOU IMMOBILIER,"11 Avenue des Noctambules, 11430, Gruissan",http://www.pigassou-immobilier.com/
531530335,CEFIM,"2 ALLEE NICOLAS LE BLANC, 56000, Vannes",https://www.cefim-immo.fr/
450938279,CEFIMMO,"123 rue de Villard, 01210, Ornex",https://www.cefimmo.com/
434133864,CEGADIM,"14 PLACE DELILLE, 63000, Clermont-Ferrand",http://www.cegadim.fr/
805029576,CEGEA Immobilier,"63 Rue Chevreul, 69007, Lyon",http://www.cegea-immobilier.fr/
338528342,CEGIP,"17 avenue Rhin, 67100, Strasbourg",https://www.cegip.fr/
500258348,CELECTIM,"6 RUE DU DR GRENIER, 25300, PONTARLIER",http://www.celectim.fr/
891149643,CELIMMO - Agence Immobilière à Guidel,"Résidence Quai 152, 7 B place du bas pouldu, 56520, Guidel",https://celimmo.com/?utm_source=leboncoin&utm_medium=website
830012373,CELINE DEMANES IMMOBILIER,,https://celinedemanesimmobilier.monsitemedia.fr/
514395805,Celine Joost immobilier,"1 Rue Clemenceau, 67390 Marckolsheim, 67390, Marckolsheim",https://www.cj-immobilier.fr/
901300244,CELINE MARMET IMMOBILIER,"4 Chemin Frecenot, 25410, Saint-Vit",https://www.celinemarmetimmobilier.com/
818582694,CELMA,"163 rue Paradis, 13006, Marseille",http://www.celma.fr/
503780256,CELTIC IMMOBILIER,"13 RUE CARNOT, 19100, Brive-La-Gaillarde",http://www.celtic-brive.com/
534173927,CELTIMO,"16 PLACE DU BEFFROI, 59140, Dunkerque",http://www.celtimo.fr/
499684884,CEMAT PROMOTION,,http://www.cemat-promotion.com/
920517414,CENDRILLION IMMOBILIER BOURGANEUF,"23 Rue Zizim, 23400, Bourganeuf",https://www.cendrillonimmobilier.com/
828074203,Centaure Immobilier,"2 RUE DU PRIEZ, 59800, LILLE",https://www.centaureimmo.fr/fr/
953462082,CENTER BAY IMMOBILIER,"14 AVENUE GUY DE MAUPASSANT, 06160, Antibes",https://www.centerbayimmobilier.com/
331662478,CENTRAL IMMOBILIER,,https://www.centralimmobilier.fr/
819638743,Centrale des Promoteurs,"5 rue santeuil, 44000, Nantes",http://www.centraledespromoteurs.fr/
778899005,CENTRE ALSACE HABITAT,"33 rue de la Houblonnière, 68000, Colmar",http://www.centrealsacehabitat.coop/
412136665,Centre d'Affaires Bongarde,"5 boulevard gallieni, 92390, villeneuve la garenne",http://centre-affaires-bongarde.com/
441211588,Centre Immobilier Diderot,"82 BOULEVARD DIDEROT, 75012, PARIS",http://www.centre-immobilier-diderot.com/
817669013,CENTRIC IMMO,"40 boulevard de l'Europe, 79300, Bressuire",http://www.centricimmo.fr/
428893663,CENTRIMMO,"53 AVENUE DE TOULOUSE, 34070, MONTPELLIER",https://www.centrimmo.fr/
485285449,Centrum Immobilier Metz - Prestige & Centre-Ville,"6 rue paul tornow, 57000, Metz",https://www.centrum-immobilier.fr/
950724104,Cergymmo,"14 Avenue du Centaure, 95800, Cergy",https://www.lagenceimmoenligne.com/
492642665,Cerim immobilier,"18 rue de la Tuilerie, 38170, Seyssinet-Pariset",https://www.immobilier-cerim.com/
930875000,Cerqueira Immobilier,"1 Impasse de Valonne, 74500, Lugrin",https://www.cerqueira-immobilier.com/fr
847551512,Cession Pro CHR & Commerce,"1 rue des Salières, 17410, Saint-Martin-de-Ré",http://www.cession-pro.com/
982339202,Cetrim Lezoux Immobilier,"4 place du commerce, 63190, Lezoux",http://www.cetrim-lezoux-immobilier.fr/
844279000,CEZAM IMMOBILIER,"22 ROUTE NATIONALE, 27400, Heudebouville",http://www.cezamimmo.com/
908112758,CF IMMO,"130 Avenue Foch, 94100, Saint-Maur-des-Fossés",https://groupecfimmo.fr/fr/
493730634,CG IMMOBILIER,"11 COURS GAMBETTAIMMEUBLE LE GAMBETTACS 30078, 13100, Aix-En-Provence",http://www.cg-immobilier-aix.com/
511411571,CG IMMOBILIER,"5 RUE DU 8 MAI, 09100, La Tour-Du-Crieu",http://www.immo-cg.fr/
528316276,CG IMMOBILIER,"2 RUE MONSEIGNEUR RAESS, 67200, STRASBOURG",http://www.cgimmo.com/
992625335,CG IMMOBILIER,"6B Rue du Docteur Moussaud, 60350, Cuise-la-Motte",https://www.cgimmobilier.com/
914346986,CG TRANSACTION,"Etablissement secondaire, 60 Av. de Bayonne, 64600, Anglet",https://www.cg-transaction.fr/
750969065,CGERE,"41 Rue de la decouverte, 31670, Labège",http://www.cgere.fr/
789622628,CGP,"58 Bis Grande Rue, 38700, La Tronche",http://www.immobilier-placements.fr/
452881451,CGPI,"Le DIAMANT 2 PLACE DE GAULLE 20000 AJACCIO, 20000, AJACCIO",https://www.cgpi-ajaccio.com/
840178701,Chabane immo,"37 Rue Gambetta, 64200, Biarritz",https://chabaneimmo.fr/
437666217,Chablais Habitat,"9 Square Aristide Briand, 74200, THONON-LES-BAINS",https://www.chablais-habitat.fr/
981395809,Chabrol IMMOBILIER,"54 RUE DE LA VILLE, 60660, CIRES LES MELLO",http://chabrolimmobilier.fr/
522456284,CHALTON & DUBANCHET,"4, Rue de la Loire, 42110, Feurs",https://www.chaltondubanchet.com/
803110345,CHAMONIX IMMOBILIER,"268 MONTEE DE LA CROIX DES MOUSSOUX, 74400, Chamonix-Mont-Blanc- Sallanches",http://www.cham-immo.com/
378885768,CHAMROC IMMOBILIER,"RESIDENCE L'ARMOISE - VERS L'EGLISE, 74360, LA CHAPELLE D'ABONDANCE",http://www.chamroc.com/
889537833,CHANCERELLE IMMOBILIER,"8 rue de gramont, 64100, Bayonne",https://www.chancerelleimmobilier.fr/
841508724,Chantal Dupont Hâche Immobilier,"37, rue du Soleil d'Or, 28000, Chartres",http://www.cdhimmo.fr/
492075379,Chantenay Immobilier,"16 Bd de Chantenay, 44100, Nantes",https://www.chantimmo44.fr/
418502902,CHAPONNAY IMMOBILIER,"7 RUE DE LA POSTE, 69970, Chaponnay",http://www.chaponnay-immobilier.com/
422208736,CHARCOT IMMOBILIER,"47 RUE COMMANDANT CHARCOT, 69110, Sainte-Foy-Lès-Lyon",https://www.charcot-immobilier.com/
849909601,CHARLEOS,"27 Rue du Cornet, 49100, Angers",https://charleos.com/
532921475,CHARLES QUINT IMMOBILIER,"2 RUE SAINT LOUIS, 62520, Le Touquet-Paris-Plage",http://www.charles-quint-immobilier.fr/
991601774,CHARLIES,"3 CHEMIN DES SALINES, 25870, Geneuille",https://www.charlies-immo.fr/
530242064,CHARLIMMO,"12 SQ CURIE, 87200, Saint-Junien",http://www.charlimmo.com/
814852232,Charlotte & Laura IMMOBILIER,"55 rue saint louis, 59610, Fourmies",https://charlotteetlaura-immo.com/
898554142,Charlène B. Immobilier,"9 lot la madeleine, 51490, Bétheniville",https://www.charlenebimmo.com/
418027223,Charmilles Immobilier,"300 Rte d'Annecy, 74370, Pringy",http://www.charmilles.immo/
452019128,CHARMING HOUSE,"38 BOULEVARD MIRABEAU, 13210, Saint-Rémy-de-Provence",http://www.charminghousesrealestate.com/
305009789,CHAROLLOIS IMMOBILIER,"1038 AVENUE DU MARÉCHAL DE LATTRE DE TASSIGNY, 71000, Macon",http://www.cabinet-charollois.fr/Rechercher-une-location-cabinet-charollois-macon.html
528371768,CHARTIMMO,"2 RUE LUCIEN ARNOULT, 37210, VERNOU-SUR-BRENNE",http://www.chartimmo.com/
530396860,CHARTREUX IMMOBILIER,"5 FACADE DE FONCILLON, 17200, Royan",https://www.chartreux-immobilier.com/
794732354,CHARVY IMMOBILIER,"1 rue Joseph Pujol, 09200, Saint-Girons",https://www.agencecharvy.com/
307522490,CHASTAGNOL IMMOBILIER,"76 AVENUE DUHAMEL, 38410, Chamrousse",http://www.chastagnol.com/
838262616,Chatagnon Immobilier,"6 RUE DU 19 MARS 1962, 42110, Feurs",http://www.chatagnon-immobilier.fr/
449299254,CHATEAUX CATHARES IMMOBILIER,"12 avenue Jean Jaurès, 66460, MAURY",http://www.chateauxcatharesimmobilier.com/
503340549,CHATRIAN IMMOBILIER,"15 RUE DU MARECHAL FOCH, 57370, PHALSBOURG",https://www.chatrian-immobilier.com/
909843054,Chaubet Manon - Agence Hamilton,"3 Grand Rue, 82110, Lauzerte",https://www.agence-hamilton.com/
432941011,CHAUMIERE DES MONTS DE FLANDRES,"24 Chemin de la Wissche, 59670, Hardifort",https://chaumieredesmontsdeflandres.fr/
999344526,CHAUVIN IMMOBILIER : SOPHIE ET ANGELE CHAUVIN,"1, rue des Minimes, 02400, Château-Thierry",https://www.location-02.com/
832736201,CHB IMMO,"7 BIS RUE MONCEAU, 75008, PARIS 08",http://www.chbimmo.fr/
433811262,CHEVAL BLANC IMMOBILIER,"530 AVENUE DE LA CANEBIERE, 84460, Cheval-Blanc",https://chevalblanc-immobilier.gnimmo.com/
483866042,CHEVIGNY IMMOBILIER,"28 ae de la République, 21800, Chevigny-Saint-Sauveur",http://www.chevignyimmobilier.fr/
789020286,CHEVRON Sabrina,"------------, 08000, CHARLEVILLE MEZIERES",https://www.reseau-expertimo.fr/2245-mandataire/1
823414644,CHEZ SOI IMMO,"Cagnes sur mer, 06800, Cagnes-Sur-Mer",http://www.chez-soi-immo.com/
481216166,CHEZ VOUS IMMOBILIER,"15/17 PLACE DE LA COMMANDERIE, 54000, NANCY",http://www.chezvousimmobilier.com/
908292253,Cheztoit immo,"6 rue Jean Baptiste Defernez, 62800, Liévin",https://www.cheztoitimmo.fr/
534707419,CHICATE Axcelle,"--------, 26120, CHABEUIL",https://bio.site/axcellechicate_immobilier
389709858,CHOISY OFFICE,"1 AVENUE DU 25 AOUT 1944, 94600, Choisy-Le-Roi",http://www.fnaim.fr/agence-immobiliere/13848/43-choisy-le-roi-choisy-office.htm
818020679,CHOMEL IMMOBILIER,"41, rue paul Verlaine, 69100, Villeurbanne",http://www.chomel.immo/
532023140,CHOPARD IMMOBILIER,"Quai des chartrons, 33300, Bordeaux",https://chopard-immobilier.com/
398192948,CHOUTEAU PROMOTION,"192 Rue nationale, 49300, CHOLET",http://www.sta-amenageur-foncier.com/
439404047,CHRIS IMMOBILIER,"41 AVENUE DE GENEVE, 74000, Annecy",http://www.chris-immo.com/
382607091,CHRISTIAN JOUTY IMMOBILIER,"25 GRANDE RUE, 38610, Gières",http://www.jouty-immo.com/
812329134,CHRISTINE ZIEGLER IMMOBILIER,"2 Boulevard Winston Churchill, 21000, Dijon",http://www.christinezieglerimmobilier.com/
800711947,CHRISTOPHE IMMOBILIER,"11 AVENUE D OSSAU, 64000, Pau",http://www.christopheimmobilier.fr/
535395198,CIM Promotion,"25 Avenue André Maginot, 37100, Tours",https://www.cim-promotion.fr/
410442412,CIM VACANCES,"RESIDENCE LA CROISETTE CAP D AGDE - 1 RUE DE LA ROUBINE, 34300, AGDE",http://www.cimvacances.com/
404442444,CIRRUS,"5 RUE GASTON PLANTE, 34790, Grabels",https://www.cirrusconstruction.fr/
340463249,CIS MEDEBERT,"2, avenue Adam de Craponne, 13800, Istres",http://www.medebert-immobilier.com/
325365005,CIT IMMOBILIER LA TOUR DU PIN – MORESTEL,"2 PLACE ANTONIN DUBOST, 38110, LA TOUR DU PIN",http://www.cit-immo.fr/
795120534,CITEA IMMOBILIER,"345 Rue de la Lathe, 39570, Perrigny",https://www.citea-immobilier.fr/
888997475,CITELLIA AVOCATS,"5 RUE MARTHE PINEAU, 17000, La Rochelle",https://www.citadellia-avocats.fr/
504246364,CITI IMMOBILIER,"1 rue du petit pont, 78310, Maurepas",http://www.citi-immobilier.fr/
819658659,CITIZEN IMMOBILIER,"27 Boulevard de l'Orangerie, 67000, Strasbourg",http://www.citizen.immo/
789318805,CITIZIM,"2 RUE MARTIN LUTERKING, 14280, Saint-Contest",https://www.citizim.com/
810998062,CITY & SEA IMMOBILIER,"8 Avenue Arsène Bical, 62520, Le Touquet-Paris-Plage",https://city-and-sea.fr/
441208519,CITY IMMOBILIER,"6 rue du languedoc, 31000, Toulouse",http://www.citytransaction.com/
487720153,CITY IMMOBILIER,"17 BLD DE LA LIBERATION, 38190, Brignoud",http://www.city-immobilier.fr/
524500386,City-immo,"520 Chemin des Patards, 59890, Quesnoy-sur-Deûle",https://www.city-immo.fr/
790679104,CITYGEST,"17 Quai Vauban, 66000, Perpignan",http://www.citygest.immo/
508575818,CITYZEN-Immobilier.com,"4 Place Girodet, 42100, Saint-Étienne",http://cityzen-immobilier.com/
490824885,CK IMMOBILIER,"76 Rue Victor Hugo, 76600, Le Havre",https://www.ck-immo.fr/
444555320,CL IMMOBILIER,"78 av Jules Cantini, 13008, Marseille",http://www.climmobiliergestion.com/
484268347,Claimo,"4, rue du Pré Médard, 86280, Saint-Benoît",https://www.claimo.fr/
825329022,Claire C'Immobilier,"17 rue des Blancs Manteaux, 75004, Paris",https://www.clairecimmobilier.com/
983293390,Clap'immo,"4 rue de la révolution, 11110, Coursan",https://www.clapimmo.com/
102859451,CLARITY IMMOBILIER,"7 CHEMIN DE SIRAC, 31790, SAINT-JORY",https://www.clarity-immobilier.com/
987489721,CLARK IMMOBILIER,"1 rue des Frères Lumière, 67201, Eckbolsheim",https://www.clark-immo.com/
980416374,CLEMENT IMMOBILIER,"1835 Avenue de Provence, 84420, Piolenc",https://linktr.ee/clementimmo
915059216,CLEMENTINE IMMOBILIER,"1 quai gailleton, 69002, Lyon",http://www.clem-immobilier.com/
518752522,CLERC CONSEIL - IMMOBILIER D'ENTREPRISE,"29 B rue Raymond Aron, 76130, Mont-Saint-Aignan",http://www.clerc-conseil.fr/
405580101,CLERDOME,"10 RUE ANDRE MOINIER, 63000, Clermont-Ferrand",https://www.clerdome.fr/
988862074,CLES DE CONFIANCE,"23 La Touche, 35580, Guignen",https://www.clesdeconfiance.fr/
821336732,CLEVERTE,"1532 Route de Malzaize, 76360, Pissy-Pôville",https://cleverte.fr/
931588305,CLF IMMO GERANCE,"6 RUE EMILE FRIANT, 54000, Nancy",https://www.clfimmogerance.com/
932799737,Clic 2 loc,,https://www.clic2loc.fr/
753245497,CLIC HOUSE IMMOBILIER,"58 BOULEVARD YVES GUILLOU, 14000, Caen",http://www.clichouse.fr/
848507091,CLICK AND RENT,"15 rue de Cléry, 75002, Paris",https://www.clickandrent.fr/annonces
840738496,Click Your Flat,"17 rue du caire, 75002, Paris",https://clickyourflat.com/fr/
914900378,CLIKALIA,"94 rue de la victoire, 75009, Paris",https://clikalia.com/fr
450994488,CLIMEX A2J immobilier,"58 AVENUE JEAN RIEUX, 31500, TOULOUSE",https://www.climex-immo.com/
533770129,CLM IMMO,"2 rue de l'industrie, 68440, HABSHEIM",http://www.clmimmo.fr/
843383365,CLOS DE MURS,"3A, rue du Tribunal, 21200, Beaune",http://www.closdemurs.com/
394491344,CLP IMMOBILIER,"22 AVENUE JEAN JAURES, 26200, Montélimar",https://www.clp-immobilier-montelimar.com/
480659416,CLT IMMOBILIER,"12 PLACE CHOISY LATOUR, 33610, Cestas",http://www.cltimmobilier.fr/
790799274,CLUB MANAGER IMMOBILIER,"6 Montée de la Vieille Monnaie, 69360, TERNAY",http://www.clubmanagerimmobilier.com/
813903762,CLUBIM,"205 Rue Pierre Legrand, 59800, Lille",https://www.agence-home360.fr/
978026532,CLUBLMNP,"287 chemin du Meinget, 38760, Saint-Paul-de-Varces",https://www.clublmnp.fr/
803142850,Clémentine B Immobilier,"2 Av. Maximin Martin, 83550, Vidauban",http://www.clementineb.fr/
513904912,CléOr Immobilier,"8 RUE DE BRAM, 71500, Louhans",http://www.cleor-immobilier.fr/
888683059,Cléréa Investissements,"65 rue de Crequi, 69006, Lyon",https://www.clerea-invest.fr/
434509378,Clés du Soleil Immobilier La Crau,"2 RUE RENAUDE, 83260, La Crau",https://www.lesclesdusoleil.com/
892697301,CM IMMO,"1 Avenue Saint-Ruf, 84000, Avignon",https://www.cardinimmobilier.com/
418507240,CM IMMOBILIER,"RUE DES HIPPOCAMPES, 11560, Saint-Pierre-la-Mer",https://www.cm-immobilier.com/vente/1-coursan/1
793206715,CMaMaison,"54A Rte départementale 6009, 11100, Narbonne",https://www.cmamaisonsud.fr/
852404235,CMDB IMMOBILIER,"16 place carnot, 21200, Beaune",https://www.cmdb-immobilier.com/
952218501,Cmillet immobilier - Cristelle MILLET,"7 RUELLE DE BEAUSEJOUR, 41000, Blois",https://www.cmilletimmobilier.fr/
449945260,CMP FINANCE,"-------------, 64600, Anglet",https://cmpfinance-immo.com/fr/
814253670,CMP Immobilier,"6 RUE DES CONSULS PORT ARIANE, 34970, Lattes",https://www.cmp-immobilier.com/
491556973,CNA,"52 Avenue de la République, 75011, Paris",https://www.cellard-notaires-avocats.fr/
914978051,CNI CONSEIL,"655 Avenue Roland Garros, 78530, Buc",https://www.lmnpgere.fr/
927883363,CO-COON GESTION,"105 ALLEE FRANCOIS MITTERRAND, 76100, Rouen",https://www.cocoonsocialclub.fr/
425003894,Co.fi.mo,"5 rue Brauhauban, 65000, Tarbes",https://www.cofimo.net/
813769742,Coaching Immobilier Vitry-le-François,"29 Gd Rue de Vaux, 51300, VITRY LE FRANCOIS",http://www.coaching-immo.net/
494365547,COBAT LES MAISONS,"8 RUE MAGENTA, 60200, Compiègne",http://cobatlesmaisons.fr/
528695463,COBEL IMMO,"38 Rue de Paris, 77320, La Ferté-Gaucher",http://www.cobel-immo.com/
903462307,COCON agence immobilière,"3 rue Piron, 44000, Nantes",http://www.cocon-immobilier.fr/
817604283,COCOON IMMO,"54 Quai du port - 1er étage, 13002, Marseille",https://cocoonimmo.fr/fr/
820681138,COCOONING IMMOBILIER,"61 RUE DES FORGES, 44330, VALLET",http://www.cocooning-immobilier.com/
941930117,COEUR CATALAN IMMOBILIER,"-----------, 66300, Thuir",https://www.coeurcatalanimmobilier.fr/
822746590,COEUR DE SAIRE IMMOBILIER,"20 place de l'Abbé St-Pierre, 50330, Saint-Pierre-Église",http://www.coeurdesaire-immobilier.com/fr/
479597155,Coeuret Immobilier,"53 rue du Bournard, 92700, Colombes",https://www.coeuretimmobilier.com/
429072630,COFIMA IMMOBILIER,"88 Rue Jules Guesde, 59390, Lys-lez-Lannoy",https://www.cofima-immo.com/
339463333,COGECOOP,"10 RUE MI CAREME, 42000, Saint-Etienne",http://www.cogecoop.fr/
309021277,Cogedim,,https://www.cogedim.com/
349907501,COGEFIM,"56 AVENUE JEAN JAURES, 30900, Nîmes",http://www.cogefim-immobilier.fr/
754079465,COGEIMMO,"162 Avenue Antoine de Saint Exupéry, 31400, Toulouse",https://www.cogeimmo.com/
440514487,COGESIM,"85 av du Président JF Kennedy, 64200, Biarritz",https://www.cogesim.fr/
659201032,COGIR GARE Rennes,"6 avenue Jean Janvier, 35000, Rennes",https://www.cogir.fr/
485143739,COLBERT IMMOBILIER,"29 RUE COLBERT, 51100, Reims",http://colbert-immobilier.com/
511878746,COLBERT IMMOBILIER AUXERRE,"19, quai de la République, 89000, AUXERRE",http://www.colbertimmobilier89.fr/
431452465,Coldwell Banker Allegrini Realty,"9 Avenue Piccioni, 20220, L'Île-Rousse",https://www.allegrini-realty.com/
880349071,COLIBRI IMMOBILIER,"2 ROUTE DE COULOMMIERS, 77540, Lumigny-Nesles-Ormeaux",http://www.colibri-immobilier.com/
940014996,Coliving Citiz,"6 rue d'Armaillé, 75017, Paris",https://colivingcitiz.com/
825008014,Colivys,"---, 92100, Boulogne-Billancourt",https://colivys.com/
881333793,COLLECTION IMMOBILIERE,"3 RUE PERCHEPINTE, 31000, Toulouse",https://www.collection-immobiliere.com/
102962354,Collier Immobilier Paray le monial,"3 Rue des 2 Ponts, 71600, Paray-le-Monial",https://www.collier-immobilier.com/agence/288886___/collier-immobilier-paray.html
538938739,COLMAR IMMO,"1 rue du nord, 68000, Colmar",http://www.colmarimmo.alsace/
850778309,COLOC'ACTION,"55 rue Auguste Comte, 69002, Lyon",https://colocaction.com/fr
890446511,ColocR,"105 rue anatole France, 92300, Levallois-Perret",https://colocr.fr/
824567721,COLONIES,"21 rue de Bruxelles, 75009, Paris",https://www.livecolonies.com/
522602424,COM PROMIS,"9 RUE DU GENERAL LECLERC, 94510, La Queue-En-Brie",http://www.compromis-immobilier.fr/
842110900,COMBEAU Matthieu,"----------------------, 78180, Montigny-le-Bretonneux",https://www.mcimmobilieretprestige.com/
438846784,COMBS GESTION LA VITRINE DE L'IMMOBILIER,"18b Avenue de Quincy, 77380, Combs-La-Ville",http://www.vitrine-immobilier.fr/
831132717,COMEBACK IMMOBILIER,"27, Rue Michel Bléré, 60260, Lamorlaye",http://comeback-immo.fr/
909082109,Comin',,https://www.comin.immo/
552721565,Comité Ouvrier du Logement,"73 rue de lamouly, 64600, Anglet",http://www.acheteraucol.com/
948134671,COMM'IL VOUS PLAIRA,"1 place du Cardinal Mercier, 95880, Enghien-les-Bains",https://www.commilvousplaira.fr/
884867672,Comme chez vous,"11 route de Thiers, 63920, Peschadoires",https://www.commechezvous.fr/
977680222,COMMERCE & PROPRIETE immobilier,"9 portes mordelaises, 35000, Rennes",https://www.commerce-et-propriete.com/
103522819,Compagnie Foncière du Mont-Blanc,"71 ROUTE DE LA MURAZ, 74930 REIGNIER-ESERY, 74930, Reignier-Ésery",https://cfmb-sa.ch/
893567057,Compagnie Immobilière du Lac,"263 rte d'Annecy, 74410, Saint-Jorioz",http://www.compimmo.com/
821490505,Compagnie Immobilière PARENT ISSY,"15 avenue Victor Cresson, 92130, Issy-les-Moulineaux",https://immobiliereparent.com/fr/
839384989,COMPARET IMMOBILIER,"10 AVENUE DU PETIT PORT, 73100, Aix-Les-Bains",http://www.comparetimmobilier.com/
844502179,COMPETENCES IMMO,"15 COURS FAURIEL, 42100, Saint-Étienne",http://www.competencesimmo.fr/
892277377,COMPLICE IMMO,"52 Rue Anne De Bretagne, 44360, Vigneux-de-Bretagne",https://www.complice-immo.com/
933162224,COMPLISS'IMMO,"8 Rue du Prieuré, 44640, Saint-Jean-de-Boiseau",https://www.complissimmo.com/
842801466,Compose Coliving,"82 rue Charles Rivière, 44400, Rezé",https://compose.fr/
879739217,COMPROMIS ZEN,"68 Avenue François Mitterrand, 85100, Les Sables-d'Olonne",https://www.compromiszen.fr/
839144359,COMPTOIR DE L'HABITAT ET DU COMMERCE,"15 RUE DE LA REPUBLIQUE, 38000, Grenoble",http://www.chcimmo.com/
788909968,COMPTOIR DE L'IMMOBILIER,"27 RUE SAINT DOMINIQUE, 63000, Clermont-Ferrand",http://www.comptoir-de-limmobilier.fr/
382498145,comptoir immobilier,"5 Place du Général Leclerc, 30100, ales",http://www.comptoir-immobilier.com/
349414524,COMPTOIR IMMOBILIER ANDRE RENU,"7 boulevard du général Frénal, 17110, Saint-Georges-de-Didonne",http://www.comptoir-immo-renu.com/
483656559,COMÉCA LES MAISONS,"10 RUE DES COTEAUX DE GRANDLIEU, 44830, BOUAYE",http://www.maisons-comeca.com/
433737558,CONCEPT HABITAT 35,"2 PLACE DES HALLES, 35690, ACIGNE",http://www.concepthabitat35.com/
925340895,Concept Horizon LAMBALLE Agence Immobilière,"48 Rue de Bouin,, 22400, Lamballe-Armor",http://www.concept-horizon.fr/
531938777,CONCEPT IMMO,"525 RD 554, 83210, Solliès-Toucas",http://www.conceptimmo-var.com/
518801469,CONCEPT IMMO 54,"1 rue Michatel, 54200, TOUL",http://www.concept-immo54.fr/
805270188,CONCEPT IMMO BREIZH,"2 RUE POULLAIN DUPARC, 35000, Rennes",http://www.concept-immo-breizh.fr/
538054461,CONCEPT IMMO CULOZ,"45 AVENUE JEAN FALCONNIER RESIDENCE DU RHONE, 01350, Culoz",http://www.concept-immo.pro/
797866175,CONCEPT IMMO DOLE,"16 Place Nationale, 39100, Dole",http://www.conceptimmodole.com/
481985315,CONCEPT IMMO LILLE,"50 RUE D INKERMANN, 59000, Lille",http://conceptimmolille.com/
912367521,Concept immo particulier/pro,"3 rue de Keramporiel, 29900, Concarneau",https://www.conceptimmo.bzh/
994697464,Concept Immobilier,"7 Impasse du Figuier, 04160, L'Escale",https://le-niid.fr/conseiller/ninon-kapral
814650727,Concept Immobilier Florange,"38 AVENUE DE LORRAINE, 57190, Florange",https://www.conceptimmobilier.fr/programme-immobilier/zac-de-la-feltiere-fameck/
750700387,Concept'imm,"37 Rue Sadi Carnot, 59129, Avesnes-les-Aubert",https://www.conceptimm.fr/
478378938,CONCEPT'IMMO 66,"60 AVENUE JEAN MERMOZ, 66000, PERPIGNAN",http://www.concept-immo66.com/
819221276,conceptimmo.net,"52 Rue de Courcelles, 75008, PARIS 08",http://www.conceptimmo.net/
791572050,CONCEPTION FINANCE,"29 PL DU 8 MAI 1945, 38800, LE PONT-DE-CLAIX",https://conception-finance.fr/
502703879,CONCEPTIONS IMMOBILIERES ARCHAMPS,"SITE D ARCHAMPS ABC 2, 74160, Archamps",https://www.conceptionsimmobilieres.com/
791584071,CONCEPTUALYS,"227 route de Grenade, 31700, Blagnac",http://www.conceptualys.fr/
951234160,Conciergerie LCD,"1 RUE NICOLAS COPERNIC, 25000, BESANCON",https://www.conciergerielcd.fr/
978720639,CONCILIUM HABITAT,"11 esplanade de la liberte, 57700, Hayange",http://www.concilium-habitat.fr/
447888561,CONCORD'IMMO,"16 PLACE DE LA CONCORDE, 68100, Mulhouse",http://www.concordimmo.com/
503082810,CONCORDE IMMOBILIER,"67 rue de la république, 61500, Sées",http://company36461vzu.netty.fr/
794328294,Condate,"3 Av. Germaine Tillion, 35136, Saint-Jacques-de-la-Lande",https://www.condate.fr/
902931229,CONDOMINIUM,"5 Av. du Général Leclerc, 33110, Le Bouscat",https://groupe-condominium.fr/
449454172,Connexion Saint-Georges,"32 place Saint-Georges, 75009, Paris",https://connexion.immo/fr/
893914879,CONSEIL IMMOBILIER OCCITANIE,"77 RUE DE RAGUSE, 34000, Montpellier",https://www.sixiemeavenue.com/agences/montpellierportmarianne/
751038084,CONSEIL IMMOBILIER PARISIEN,"287/289 rue de Belleville, 75019, Paris",http://www.cip.fr/
841499668,Conseil Or Immobilier,"5 rue des halles, 69230, Saint-Genis-Laval",http://www.conseil-or-immo.com/
525292744,CONSEILLIM,"4 rue Reguelongue, 31100, Toulouse",https://www.conseillim.fr/
843758889,Conseils Copro,"16 Rue Jean Bologne, 75016, Paris",https://www.conseilscopro.com/
489605378,CONSEILS IMMOBILIER ET PATRIMOINE,"12 AVENUE JEAN JAURES, 34170, Castelnau-Le-Lez",http://www.casteljac.fr/
922507165,Consilium Immobilier,"17 Rue Leverrier, 14000, Caen",https://www.consilium-immobilier.fr/
894774538,CONSORTIUM IMMO,"19 PL ANNE DE BRETAGNE, 56300, PONTIVY",http://www.consortium-immo.fr/
899211254,CONSULT HABITAT,"4 rue du château, 67500, Haguenau",http://www.consulthabitat.fr/
379861453,CONSULT IMMO,"20 RUE DE LA SINNE, 68100, Mulhouse",https://www.consult-immo.fr/
823784053,CONSULT IMMO,"13 rue Principale, 33820, Etauliers",http://www.consult-immo.net/
510730542,CONSULT TRANSACTION,"3655 ROUTE DE LA BAULE ZAC DES SALINES, 44350, Guérande",https://consult-transaction.com/
397657941,Consultants Immobilier,"1 place du Costa Rica, 75016, Paris",https://www.consultants-immobilier.com/
856200746,Contact Auvergne habitat,"16 BOULEVARD CHARLES DE GAULLE BP 70296, 63000, CLERMONT FERRAND",https://www.auvergne-habitat.fr/
423319771,CONTACT IMMO,"2 PLACE DE LATTRE DE TASSIGNY, 68000, Colmar",http://www.contact-immo-alsace.com/
489795773,CONTACT IMMO,"3 PLACE DE LA MAIRIE, 19270, Donzenac",http://www.agence-contact-immo.fr/
981095961,Contact Immo 63 - Agence de Cournon d'Auvergne,"44, rue des plaines, 63800, Cournon-d'Auvergne",https://www.agencecontactimmo.com/
425055514,Contact Immobilier,"8 Parvis Saint Michel, 76600, Le Havre",https://www.contact-immobilier.com/
828333104,CONTACT IMMOBILIER 31,"2 AVENUE DE LAURAGUAIS, 31810, Vernet",http://contactimmo31.com/
830429767,Convergence,"36 Rue Bernard Palissy, 87000, LIMOGES",http://www.convergence-i.fr/
878870617,COOLOC,"54 rue Londres, 75008, Paris",https://cooloc.com/
015750748,COOP HABITAT BOURGOGNE,"69 avenue Boucicaut, 71100, CHALON SUR SAONE",https://coop-habitat-bourgogne.fr/accueil/
556450161,COOP LOGIS,"22 rue Royallieu, 53000, LAVAL",http://www.cooplogis.fr/
808870125,COOPER IMMOBILIER,"CCTRE CCIAL ROXIM 3 RUE DES NAVIGATEURS, 34280, La Grande-Motte",http://www.cooper-immobilier.com/
989473020,Coraline FERNANDEZ,"16 Boulevard Carnot, 87000, Limoges",https://www.efficity.com/agence/la-ptite-halle-de-limmobilier/
903791515,CORDIER PROPRIETES,"59 Rue Bouvreuil, 76000, Rouen",http://www.cordierproprietes.fr/
399586163,COREAG Immobilier,"767 avenue de Savoie, 74250, VIUZ-EN-SALLAZ",http://www.coreag-immobilier.com/
408727378,CORMEILLES IMMOBILIER,"1 bis rue de la République 95240 Cormeilles-en-Parisis, 95240, Cormeilles-En-Parisis",http://www.cormeilles-immobilier.fr/
753998871,CORMORANS IMMO,"13 Route de Pont l'Abbé, 29120, PLOMEUR",http://www.cormoransimmo.com/
410646913,CORNIER IMMOBILIER,"CENTRE CIAL LES CLOUERES, 35690, Acigné",http://www.cornier-immobilier.fr/index.php
271927212,CORREZE HABITAT,"9 AVENUE ALSACE LORRAINE, 19015, TULLE CEDEX",http://www.correzehabitat.fr/
822129342,CORSE PATRIMOINE IMMOBILIER,"9 RUE DU MARECHAL JUIN, 20137, Porto-Vecchio",http://www.cpi-immobilier-porto-vecchio.com/
100488279,CORTEX IMMO,"16 Rue Cuvier, 69006, Lyon",http://www.corteximmo.com/
480090513,CORUM IMMOBILIER,"15 RUE DU FAUBOURG DE NIMES, 34000, MONTPELLIER",http://www.corumimmobilier.com/
821232428,COS IMMOBILIER,"120 rue Ordoner, 75018, PARIS",http://www.cos-immobilier.fr/
831071220,COSI IMMOBILIER,"294 RUE FRANCOIS MITTERAND, 01630, Saint-Genis-Pouilly",http://www.cosi-immo.com/
339198913,COSIALIS,"108 AVENUE DES FRERES LUMIERE, 69008, Lyon",https://www.cosialis.fr/
982272825,COSIMO immobilier,"556 route du bois du Corneillon, 32380, Mauroux",http://www.immobilier-cosimo.com/
833022304,Cost Immobilier,"52 grande rue Charles de Gaulle, 92600, Asnières-Sur-Seine",http://www.costimmobilier.fr/
789144862,Costockage – Location de Box & Garde-Meuble,"32 Rue de Paradis, 75010, Paris",https://www.costockage.fr/
829983436,Costrim,"2 rue du Capitaine Maignan, 35000, Rennes",https://www.costrim.fr/
999547813,COSY GESTION,"4 Rue du Centre, 74140, Douvaine",https://www.poirier-immobilier.com/fr/locations
424505030,COSY HOME,"2 RUE GODOT DE MAUROY - 75009 PARIS, 75009, PARIS 09",http://www.cosyhome.net/
882306301,COSY IMMOBILIER,"2 Allée de l'innovation - Parc Gouraud, 02200, Soissons",http://www.cosy-immobilier.fr/
914001169,COSYMMO,"128 Rue Emile Zola, 51100, Reims",http://www.cosymmo.fr/
451688949,COT'OUEST IMMOBILIER,"203 avenue de la californie, 06200, Nice",http://www.cotouest-immobilier.com/
391259157,COTE DEMEURES,"LA MASSONNIERE, 72230, Moncé-En-Belin",http://www.cote-demeure.com/fr/
490158334,COTE ET SUD,"60 AV DE LA LIBERATION, 17220, Croix-Chapeau",http://www.immobilier-cote-sud.fr/
537422487,COTE IMMO CASTILLON,"2 rue du 8 mai 1045, 33350, Castillon La Bataille",https://agence-coteimmo.com/fr/
528804925,COTE LOCATION,"3, avenue de la République, 78200, Mantes-La-Jolie",https://www.lajoly-immobilier.com/
534022181,COTE NORD IMMOBILIER CAUDRY,"20 PLACE DU GÉNÉRAL DE GAULE, 59540, Caudry",http://www.cotenordhabitat.com/
404450116,COTE OUEST IMMOBILIER,"174 RUE VICTOR HUGO, 76600, Le Havre",http://www.cote-ouest-immo.fr/
104295035,COTE PATIO DAX,"28 Cours du Maréchal Joffre, 40100, Dax",http://www.cote-patio-immobilier.fr/
524008695,COTE PLACE IMMOBILIER,"6 AVENUE DU 8 MAI 1945, 83590, Gonfaron",http://www.coteplace.fr/
793490533,COTE SUD COTE PORT,"12 C Rue Guy de Combaud Roquebrune, 13007, marseille",https://www.cotesudcoteport.com/
440148047,COTE SUD PROVENCE,"325, le cours, 84210, SAINT DIDIER",http://www.cotesudprovence.fr/
509397113,COTE VENTOUX IMMOBILIER,"351 AVENUE DU MAJORAL JOUVE, 84810, Aubignan",http://www.cote-ventoux-immobilier.fr/
999244270,COTELIA AZUR IMMO,"ESPACE PRO - LE LIGURE, 1120 AVENUE MARECHAL DE LATTRE DE TASSIGNY, 83600, Fréjus",https://www.cotelia-azur-immo.fr/
323971655,COTENTIN IMMOBILIER,"1 rue de l'Officialité, 50700, Valognes",http://www.cotentin-immobilier.com/
444554042,COTRIMO CHASSIEU,"2 avenue des Eglantines, 69680, Chassieu",https://www.cotrimogestion.com/location/69-rhone/1
834110470,COTTET IMMOBILIER,"24 AVENUE JULES FERRY, 84110, Vaison-La-Romaine",http://www.cottet-immobilier.com/
803432178,Coté Bassin,"11 Bd Général Leclerc, 33120, Arcachon",http://www.cotebassin-immo.com/
989278460,Couderc immobilier,"5 Avenue du Languedoc, 34230, Saint-Pargoire",http://couderc-immo.fr/
343048039,COULANGE IMMOBILIER,"4 PLACE LEOPOLE BAVEREL, 13008, Marseille",http://www.coulange-immobilier.fr/
793933219,Couleur Villas - Bayonne,"-------, 64100, Bayonne",https://www.couleur-villas.fr/
502919871,COULEURS DU SUD IMMOBILIER,"9 Impasse de la Draille, 30820, Caveirac",https://www.couleursdusudimmo.com/
498936541,COULOMMIERS IMMOBILIER,"10 COURS GAMBETTA, 77120, Coulommiers",http://coulommiers-immobilier.com/
511991101,COULON IMMOBILIER,"6 ESPLANADE DES FONTAINES, 82000, Montauban",http://www.coulon-immobilier.fr/
821615796,COULON IMMOBILIER,"19 Grande rue, 25700, Valentigney",https://www.coulonimmobilier.com/
952914703,Coup2Coeur.immo,"9 Place de la Mairie, 18110, Saint-Martin-d'Auxigny",http://www.coup2coeur.immo/
901911040,Cour De L'Immo,"350 AVENUE DU LEMAN, 74380, Bonne",https://www.cour-immobilier.com/
480259647,Cour et Jardin,"1 RUE DES RUBEAUX, 19210, LUBERSAC",https://www.immo-limousin.com/fr
814630646,Courcelles Immobilier,"3 bis Rue Léon Jost, 75017, Paris 17e Arrondissement",https://courcelles-immobilier.com/
895192805,COURDIL IMMO,"1 BOULEVARD ALPHONSE DAUDET, 30000, Nîmes",http://www.courdil.immo/
801300351,COURGEON Immobilier,"19 rue de l’hôtel de Ville, 44310, Saint-Philbert-de-Grand-Lieu",https://www.courgeon-immobilier.fr/
799818786,COURTEAM IMMOBILIER,"42 QUAI VENDEUVRE, 14000, Caen",http://www.courteam.fr/
414351890,COURTES DONIBANE HENDAYE,"55 BOULEVARD GENERAL DE GAULLE, 64700, Hendaye",https://www.courtesgroupe.fr/
419129176,COURTIAL IMMOBILIER,"52 AVENUE DU MARECHAL FOCH, 07300, Tournon-Sur-Rhône",https://www.courtial.fr/
752730481,COUSERANS IMMO,"Impasse Fernand Loubet, 09200, SAINT-GIRONS",https://www.couseransimmo.fr/
842506818,COUTTET IMMOBILIER,"52 AV DE LA REPUBLIQUE 16260 Chasseneuil-sur-Bonnieure, 16260, Chasseneuil-Sur-Bonnieure",http://www.couttet-immo.com/
843344177,Couzinet Immobilier,"35 rue des Couteliers, 31000, TOULOUSE",http://www.agence-couzinet.fr/
904529294,COUZY Immobilier,"., 82290, La ville-Dieu-du-Temple",http://www.couzy-immobilier.fr/
941450827,COVA PRO,"48 Rue des Founottes, 25000, Besançon",https://covapro.fr/nos-offres/
315485318,COVAL CONSTRUCTION,"LE LIMEUR, 44240, La Chapelle-sur-Erdre",https://www.coval-construction.com/
102401569,COVESTA,"36 RUE SCHEFFER, 75016, PARIS",https://www.covestaimmo.com/
898975925,CP DELTA IMMOBILIER,"120 Rue de l'Île Napoléon, 68170, Rixheim",http://www.cp-deltaimmo.fr/
442060661,CPI Immobilier,"6 LES BALUS, 35760, Saint-Grégoire",https://www.cpi-immobilier.fr/
830853651,CPI NOUVELLE AQUITAINE,"29 rue du Commandant Arnould, 33000, BORDEAUX",https://www.agencebordelaise.com/
397767112,CPL IMMOBILIER,"4 RUE CLAUDE MARTIN BP80604, 73006, Chambéry",http://www.cpl-immobilier.fr/
794991745,CR IMMOBILIER,"166 AVENUE DE L ISLE DE RIEZ, 85270, SAINT HILAIRE DE RIEZ",http://www.cr-immobilier.com/
807423819,CRE'ACTUEL,"6 Rue Gay Lussac, 35170, Bruz",https://www.creactuel.com/
809287717,CREA immobilier,"146 RUE DE RICHWILLER GALERIE MARCHANDE SUPER U, 68120, Pfastatt",http://www.crea-immobilier.fr/
814276762,CREADIMM,"18 RUE ALFRED KASTLER, 14000, CAEN",https://creadimm.fr/
903892974,CREAT'IMMO,"67 rue Joseph Martin, 73200, GRIGNON",http://www.creatimmo.com/
988602033,CREATION DE PATRIMOINE,"8 rue spitalieri, 06000, Nice","https://www.creationdepatrimoine.com/#:~:text=CR%C3%89ATION%20DE%20PATRIMOINE%20est%20un,%2C%20%C3%A0%20Malte%2C%20entre%20autres."
538864729,CREATION ET DEVELOPPEMENT DE PATRIMOINE,"3 Allée ALPHONSE FILLION, 44120, Vertou",http://www.creation-developpement-patrimoine.com/
381792514,CREATION FONCIERE,"5 Rue Antoine-Laurent de Lavoisier, 31700, Blagnac",https://www.creationfonciere.com/
511082372,CREDOT IMMOBILIER,"19 rue René Cassin, 64000, Pau",http://www.credotimmobilier.com/
533576294,CRESPEL IMMOBILIER,"15 RUE DE RENNES, 35850, Gévezé",http://www.crespelimmobilier.bzh/
910308808,CRETEIL BUSINESS CENTER,"70 av. du Général-de-Gaulle, 94000, Créteil",https://www.centredaffairescreteil.com/
365501188,CRIC SA Location,"83 AVENUE FOCH, 76600, Le Havre",http://www.cric.fr/
747020345,CRISTAL HABITAT,"1 PLACE DU FORUM LE CRISTAL, 73000, Chambéry",https://www.cristal-h.fr/
414058420,CRISTAL IMMOBILIER,"1 RUE CHARLES, 57300, MONDELANGE",http://www.cristal-immo.fr/services-immobilier.html
981785397,CRISTAL IMMOBILIER,"191 avenue de Pontaillac, 17200, Royan",http://www.cristalimmobilier.fr/
847728888,Cristalimmo Grésivaudan,"16 RUE DE LA REPUBLIQUE, 38420, Domène",http://www.cristalimmo.fr/
942786047,CROIX DU SUD IMMOBILIER,"12 PLACE VILLARET JOYEUSE, 32000, Auch",https://www.cs-immobilier.com/
501392476,CROIX IMMOBILIER,"15 AVENUE DE FLANDRE, 59170, Croix",http://www.croix-immobilier.fr/
401053301,CROIX ROUSSE IMMOBILIER,"101 GRANDE RUE DE LA CROIX ROUSSE, 69004, Lyon",http://www.croixrousse-immobilier.com/
937955615,CROQ'IMMO,"210 avenue Antoine de Saint-Exupéry,, 31400, Toulouse",https://croq-immo.fr/
493910251,CRYZA IMMOBILIER,"755H Avenue Charles de Gaulle, 13860, Peyrolles-en-Provence",https://www.cryzaimmobilier.com/
333428423,Crémieu Immobilier,"8 PLACE DU MONUMENT, 38460, Crémieu",http://www.cremieu-immobilier.fr/lagence/
413921149,Crémillieux IMMO,"43 RUE PIERRE BLANCHE, 07500, Guilherand-Granges",https://www.cremillieux-immo.fr/
498046721,CSP IMMOBILIER,"2 Boulevard de la mer - Résidence Océan - Forum du Trez-Hir, 29217, Plougonvelin",https://csp-immobilier.fr/fr/
852822196,CTIMMO,"208 Chau. d'Hocquet, 80100, ABBEVILLE",https://www.ctimmo.fr/
401340674,CTMI Promotion,"65 rue de la Semm, 68000, Colmar",https://www.maisonsbrand.fr/nos-programmes/
794654202,CTN IMMOBILIER,"7 Place au Bois, 57100, Thionville",http://www.ctnimmo.com/
413812439,CUER IMMOBILIER,"73 AVENUE VICTOR HUGO, 26000, Valence",http://www.cuerimmobilier.fr/
387536378,CUERS IMMOBILIER,"21 place de la Convention, 83390, Cuers",http://www.cuersimmobilier.fr/
422331389,CUNHA CONCEPT,"3 Allée de L'economie, 67370, Truchtersheim",https://www.cunhaconcept.com/
524767993,CUPILLARD IMMOBILIER,"74 avenue de Paris, 42300, Roanne",http://www.cupillard-immo.com/
501861025,CURTIS IMMOBILIER,"32 RUE VICTOR HUGO, 42700, Firminy",https://www.curtis-immobilier.fr/
487462855,CUSSINET IMMO,"2 place Saint Nicolas, 03140, Chantelle",http://www.cussinetimmo.com/index.php
430432435,CUSTINE IMMOBILIER,"47 Rue Custine, 75018, Paris",https://www.custine-immobilier.fr/
828755595,CVI Asset Management,"5 Rue du Faubourg Saint-Honoré, 75008, Paris",https://www.cvi-am.com/
498227362,CYBELIM PROMOTION,"27 rue sainte barbe, 69110, Sainte-Foy-lès-Lyon",https://www.cybelim.fr/
930667217,CYL IMMOBILIER,"105 rue Driss chraïbi, 26400, Crest",https://cyl-immobilier.fr/
920814514,Cyliad Immobilier,"4 Pl. du Marché au Cadran, 35350, Saint-Méloir-des-Ondes",https://www.cyliad.fr/
793534900,CYRANO IMMOBILIER,"17 grand rue, 24100, Bergerac",http://www.cyranoimmobilier.com/
818701930,Cécile Hottin Immobilier,"38A Rue de la Faisanderie, 59551, Attiches",https://www.cecilehottin.fr/
499221349,Céline DEVOS Immobilier,"499 rue Georges Mauffait, 62370, Audruicq",http://www.celinedevos.immo/
944033448,Cérès immobilier Romainville,"5 Rue de Paris, 93230, Romainville",https://www.ceres-immobilier.fr/
383939766,Cîmes & Neige Immobilier,"Résidence Le Podium, 05290, Puy-Saint-Vincent",https://www.montagne-immobilier.com/
983526740,Côme chez vous,"3 bis Av. des Bruyères, 35650, Le Rheu",https://www.come-chez-vous.fr/
887938868,CÔME IMMOBILIER,"51 bis, Boulevard de la Liberté, 35000, Rennes",https://www.come-immobilier.fr/
905286050,Côme IMMOBILIER,"138 rue Saint Dizier, 54000, Nancy",https://www.come-immo.fr/
814652590,CÔTE & BRETAGNE IMMOBILIER,"22 BOULEVARD GAMBETTA, 22000, Saint-Brieuc",http://www.cote-et-bretagne.fr/
917908618,Côte & Sables Immobilier,"110 Rue des Nouettes, 85180, Les Sables-d'Olonne",https://www.immobiliersablesdolonne.fr/
931752315,Côte D’Azur Immobilier – Port Fréjus,"25 place dou galioun, 83600, Fréjus",https://cotedazurimmobilier.fr/
531704922,CÔTE MARINA CÔTE GRANDE MOTTE,"695 Avenue du Général Leclerc (Parking gratuit Rue Saint Louis), 34280, LA GRANDE MOTTE",http://www.cotegrandemotte.com/
904245800,CÔTÉ - IMMO,"., 62820, Libercourt",https://www.cote-immo5962.fr/
823780135,Côté Immo,"3 rue des Sept Iles, 22700, Perros-Guirec",https://www.immobilierperrosguirec.fr/
979948239,Côté Immo,"35 Rue de la Mairie, 60270, Gouvieux",https://www.cote-immo-gouvieux.com/
912035003,Côté Immobilier Angers,"65 BOULEVARD FOCH, 49100, Angers",http://www.coteimmobilier.fr/
489533240,CÔTÉ LOIRE,"231, allée de la Presqu'île, 45160, Olivet",https://www.immobiliercoteloire.fr/
917530453,Côté PIERRE immobilier,"BOUCLE DES PLAINES, 83140, SIX-FOURS-LES-PLAGES",https://www.cotepierreimmobilier.com/
937639383,Cœur des Lacs Immobilier,"12 Rue Guillaume Fichet, 74000, Annecy",http://coeurdeslacsimmobilier.com/
933603326,D&M IMMOBILIER,"17 PLACE DE LA BASCULE, 31450, BAZIEGE",http://www.d-m-immo.com/
838189397,D&S Immo Riedisheim,"25 rue de la Paix, 68400, Riedisheim",http://www.dsimmo.alsace/
913105268,D'AVILA & VBI IMMOBILIER,"110 PLACE JACQUES MIROUZE, 34000, Montpellier",https://www.davila.immo/
329380836,D'ERLON IMMOBILIER,"138 AVENUE JEAN JAURES, 51100, Reims",http://www.erlon-immobilier.com/
794360107,D'HOME IMMO,"185 RUE JULES FERRY, 59283, Raimbeaucourt",http://www.dhomeimmo.com/
845075530,D'PRO Immo,"63 Route de Nantes, 44120, Vertou",https://dpro-immo.fr/
434190252,D-HABITAT KACIMI Ludovic,"-----, 34000, Montpellier",http://www.lagencedesarceaux.fr/
999687247,D.FIMMO SUD,"24 BDL Dr LACROIX, 11100, Narbonne",http://www.dfimmosud.fr/
504649047,D.S.Immobilier,"36, rue André Theuriet, 55000, Bar Le Duc",https://www.dsimmobilier.fr/
751161415,D.SY.D Immobilier,"4 RUE DE L'AMOUR TROMPE, 31270, Cugnaux",http://dsyd-immobilier.com/
798721395,DA PROMOTION,"strada vecchia box 1, 20290, borgo",http://www.dapromotion.fr/
919748202,DACXIMMO.COM,"36bis rue edme piot, 21500, Montbard",http://www.dacximmo.com/
532491040,DAFIMMO.FR,"243 rue de la République, 60290, Laigneville",http://www.dafimmo.fr/
525387551,DAMIER IMMOBILIER,"226 RUE DE GENÈVE, 73100, Aix-Les-Bains",http://www.damierimmobilier.com/
503625857,DAMIETTE IMMOBILIER,"52 RUE SAINT PIERRE, 60410, Verberie",http://www.damiette-immobilier.com/
843859869,damoiseau.immo,"Résidence l'Horloge 28 rue de la solitude, 72000, Le Mans",https://www.damoiseau.immo/
652881210,DAMONTE IMMOBILIER,"65 RUE GENERAL DE GAULLE, 10000, Troyes",http://www.yves-damonte.fr/
803590579,DANILO IMMOBILIER,"142 ter Cours du Général De Gaulle, 33170, GRADIGNAN",http://www.daniloimmobilier.fr/
490313970,DANTO IMMOBILIER,"31 BOULEVARD DU GENERAL DE GAULLE, 44350, Guérande",http://www.danto-immobilier.com/
921923199,DANTON-IMMO,"160 AVENUE VICTOR HUGO, 26000, VALENCE",https://www.danton-immo.com/notre-agence
418049268,Dany Richard immobilier,"12 Rue du Puits Mauger, 35000, Rennes",http://www.dany-richard-immo.com/
819127960,DAO IMMOBILIER,"113 AVENUE DU GENERAL GALLIENI, 10300, Sainte-Savine",http://www.dao-immobilier.fr/
520002445,DAPIA IMMOBILIER,"DAPIA IMMOBILIER, 5 RTE DE SUZE, 84290, Sainte-Cécile-les-Vignes",https://dapia-immobilier.gnimmo.com/
524272986,DARNAULT IMMOBILIER,"19 rue Joseph Hubert, 31130, Balma",http://www.darnault-immo.fr/
794851824,DARRIEUX JUSON HABITAT ET PATRIMOINE,"43 AVENUE HENRI DE NAVARRE, 64100, Bayonne",http://www.djpromotion.fr/
572057164,DAUCHEZ Immobilier,"12 RUE D ORADOUR SUR GLANE, 75015, PARIS 15",http://www.dauchez.fr/
998437602,Dauphilogis,"21 avenue de Constantine, 38100, GRENOBLE CEDEX 2",https://dauphilogis.fr/
529233330,DAUPHIMMO,"7 avenue Gabriel Péri, 26600, Tain-l'Hermitage",http://www.dauphimmo.fr/
807920079,DAUPHINE - BAC,"81 rue du Bac, 75007, Paris",https://www.agencedauphine.com/
501694566,DAURE IMMO,"101AVENUE JEAN MOULIN, 34500, BEZIERS",http://www.daureimmo.com/
847519535,DAUTHUILLE CONSEIL PATRIMOINE,"27 rue des embruns, 66000 PERPIGNAN, 66000, Perpignan",http://www.dauthuille-conseil-patrimoine.fr/
948233358,Daveenn,"3 allée du théâtre de Verdure, 56400, Brech",https://www.daveenn-immo.fr/
498134055,DAVID DARDIER IMMOBILIER,"31 rue Martimor, 09270, Mazères",https://www.mazeres-ariege-immobilier.com/
827763871,DAVID IMMOBILIER,"16 Bis cours Lazare Escarguel, 66000, PERPIGNAN",https://immo66-qrdmxqdp.manus.space/
837548072,DAVID IMMOBILIER,"77 PLACE DU JEU DE PAUME, 34290, Montblanc",http://www.davidimmobilier.fr/
934286774,DAVID PERMINGEAT IMMOBILIER,"20 Rue Victor Roux, 26120, Chabeuil",https://www.dp-immobilier.fr/
932761794,DAVID SEIXEIRO IMMOBILIER,"359 Chemin de Chantemerle, 01600, Saint-Didier-de-Formans",http://www.david-seixeiro-immobilier.fr/
750422289,DAVIN IMMOBILIER,"64 cours République, 84120, Pertuis",https://www.davin-immobilier-pertuis.com/
933402000,De Carvalho Peggy,"29 AVENUE THIERS, 19100, Brive-la-Gaillarde",https://www.drhouse-immo.com/conseiller-immobilier/brive-la-gaillarde-19100/peggy-de-carvalho
992945402,DE CHARLES Immobilier,"3 Boulevard Saint-Symphorien, 57050, Longeville-lès-Metz",http://www.decharlesimmobilier.com/
821804598,DE CHATOUVILLE IMMOBILIER,"152 RUE DU REVEST LES EAUX, ZAC DE LA MILLONE, 83140, Six-Fours-Les-Plages",http://www.dechatouville-immobilier.com/
537538969,DE FERLA,"53 RUE DAGUERRE, 75014, PARIS 14",https://www.deferla.com/
500757414,DE GAIL IMMOBILIER,"4 rue Louis Ampère, 67400, ILLKIRCH-GRAFFENSTADEN",http://degailimmobilier.fr.free.fr/
484298138,DE GOURCY IMMOBILIER,"3 RUE DE L' ENCLOS REY, 30000, Nîmes",http://www.dgimmobilier.fr/
811493162,De La Cour Au Jardin - Immobilier,"23 rue du Roule, 75001, Paris",http://www.delacouraujardin.com/
980444970,DE MAREZ IMMOBILIER,"165 Avenue de la Marne, 59700, Marcq-en-Baroeul",https://demarezimmo.fr/
494557507,DE NORAY IMMOBILIER,,http://www.denoray-immobilier.com/
882251739,De Rent Company - Aix en Provence,"2085 Route de Pelissanne, 13510, Éguilles",https://www.derentcompany.fr/franchises/aix-interieur
834746273,DE VISU IMMOBILIER,"Résidence ISADORA - 34, rue Emma BLANC, 34430, Saint-Jean-De-Védas",http://www.devisuimmobilier.com/
910093467,DE WELLE,"4 AVENUE DES MARRONNIERS, 73570 BRIDES-LES-BAINS, 73570, Brides-les-Bains",https://www.dewelle.com/
811493253,DECKER Immobilier,"40a Rue du Marechal Foch, 67340, Ingwiller",http://www.decker.immo/
528351539,Declair Immobilier (SAS),"94 RUE YVES LE COZ,, 78000, Versailles",http://www.declair-immobilier-versailles.com/
852449594,DECLIC IMMO,,http://www.declic.immo/
480457050,DECLIC IMMOBILIER,"24 Rue de la Huilière 54260 Fresnois-la-Montagne, 54260, Fresnois-la-Montagne",http://www.declicimmobilier.fr/
914795927,DECOOPMAN IMMOBILIER,,https://www.decoopmanimmobilier.com/
881382634,Decré immobilier,"3b allée Flesselles, 44000, Nantes",https://www.decre-immobilier.fr/
904355591,DeeD Conseil Immobilier,,http://www.deedconseilimmo.com/
879209880,DEEP'IMMO 13,"150 AVENUE DE LA ROSE, 13013, Marseille",https://www.deepimmo13.fr/
380688549,DEGUARA IMMOBILIER,"22 BOULEVARD DU JEU DE PAUME, 34000, Montpellier",http://www.deguara-immobilier.com/
808366538,DEHEDIN IMMOBILIER,"2 All. des Vosges, 67150, Matzenheim",https://www.dehedin.immo/
885120071,DEHIBA & WERQUIN IMMOBILIER,"69 BOULEVARD PERIER ET ANGLE DU COMMANDANT ROLLAND, 13008, MARSEILLE",http://dehiba-immobilier.fr/
993097518,DEJY IMMOBILIER,"78 Avenue du Char Verdun, 83160, La Valette-Du -Var",https://dejy-immobilier.la-boite-immo.com/
823812946,Delafosse & Associée,"8 RUE DES ARSINS, 76000, Rouen",http://www.delafosse.immo/
402768543,DELAIN IMMOBILIER,"7 PROMENADE DE LA PLAGE, 06800, CAGNES-SUR-MER",http://www.delain-immobilier.com/
534996301,DELAMARCHE IMMOBILIER,"20 RUE DE LA LIBERATION GAVRAY, 50450, Gavray",http://www.delamarcheimmobilier.com/
538032236,Delambre Immobilier,"28 rue delambre, 75014, Paris",https://delambre.immo/
939712436,Delannoy immobilier,"138 rue du faubourg de roubaix, 59800, Lille",https://www.delannoy-immobilier.fr/
979727559,DELAPORTE IMMOBILIER,"43 rue Général Leclerc, 80000, Amiens",http://www.delaporteimmobilier.fr/
347521320,DELAS IMMOBILIER,"15 BOULEVARD GAMBETA, 07200, Aubenas",http://www.agence-delas.fr/
908046972,DELATTRE IMMO,"1 Rue Rodolphe Minguet, 62240, Desvres",https://www.delattre-immo.fr/
750274375,Delaunay Immobilier,"20 av du cdt Boitard, 44380, Pornichet",https://www.delaunayimmobilier44.fr/
989618467,Delaveau Immobilier,"6 Rue du Soleil Levant, 83400, Hyères",http://delaveau-immo.fr/
307150086,Delbet - L'immobilier d'entreprise Epinal,"9 quai Maréchal de Contades, 88000, Épinal",http://www.delbet.fr/
829269836,DELMAR IMMOBILIER,"2 RUE DES CHAPELIERS, 77130, Montereau-Fault-Yonne",https://www.delmar-immobilier.com/
930893003,DELMON HOME IMMOBILIER,"---, 92400, Courbevoie",https://www.delmonhome-immobilier.com/
981421787,DELPHINE FLOREMONT,"domaine et golf de pont royal 9 esplanade du luberon, 13370, Mallemort",http://melroseimmobilier.fr/
830136537,DELPHINE HERAIL IMMOBILIER,"18 rue Lamarck, 75018, Paris",https://delphineherailimmobilier.com/
912386463,Delphine IMMO,"142 RUE MAXENCE VANDERMEERSCH, 59420, Mouvaux",https://www.delphine.immo/
408685881,Delposen Lot-Am-D,"2 AVENUE DE DOUAI, 57100, THIONVILLE",http://www.immodelposen.com/
521508291,DELTA IMMO,"1 RUE DULONG, 27000, Évreux",http://www.delta-immo.fr/
811185040,Delta Immobilier,"45 Avenue Paul Arène, 06000, Nice",https://www.deltaimmobilier.com/
898102553,DELTA IMMOBILIER,"139 route de Genève, 01700, Neyron",https://delta.immo/
749501003,DELTA IMMOBILIER LOCATION,"53 Rue Marc Delage, 83130, La Garde",https://www.delta-immobilier.com/
821903036,DELTA PARIS,"24 rue de Neuilly, 92110, Clichy",https://deltaparis.com/
813516853,Delta Sud Immobilier,"112 rue Truchon, 33140, Cadaujac",https://www.deltasudimmobilier.fr/
449056324,DELTAMENAGEMENT,"9A rue Saint Léon IX, 57850, Dabo",https://lingenheld-immobilier.fr/
982654220,DELYA IMMO,"9 Rue Pont Fauré, 31780, Castelginest",https://www.delyaimmo.com/
894854306,DEMAIN SUR LOIRE,"19 rue du Général de Gaulle, 45130, Meung-sur-Loire",https://www.demainsurloire.fr/
922390539,DEMAISTRE IMMOBILIER,"7 boulevard du champ de foire, 45600, Sully-sur-Loire",http://www.demaistreimmo.fr/
912536117,DEMARCQ ET VOUS,"8 bis allée Mayol Cuzin, 69360, Sérézin-du-Rhône",https://www.demarcqetvous.com/
944321157,Demeester immobilier,"182 Rue du Général Leclerc, 62370, Audruicq",http://www.demeester-immobilier.fr/
899289052,DEMETIS Immo,"5 PLACE DU 117E REGIMENT D INFANTERIE, 72000, LE MANS",https://demetisimmo.fr/
329833396,DEMEURES CALADOISES BOURG EN BRESSE,"54 ROUTE DE LYON, 01000, Bourg-en-Bresse",https://www.demeures-caladoises.com/agence/bourg-en-bresse/
495341513,DEMEURES COMTOISES,"1 PLACE JEAN MOULIN, 25660, Saône",http://demeures-comtoises-immobilier.fr/
403582034,DEMEURES CORSES,"Campus Dom - 939, Avenue de Rasignani, 20290, BORGO",http://www.demeurescorses.com/
534365309,DEMEURES D' AQUITAINE Biscarrosse,"RUE DE LA POSTE, 40600, Biscarrosse",http://www.demeuresdaquitaine.fr/
410437404,DEMEURES D'OCCITANIE AUTERIVE,"LOTISSEMENT ZONE ARTISANALE LAVIGNE - VOIE HERMES, 31190, AUTERIVE",http://www.demeuresdoccitanie.fr/
921389144,DEMEURES DE L'OUEST,,http://www.demeuresdelouest.fr/
440867380,DEMEURES DE LA COTE D'ARGENT,"1 Allée de Castillon, 33370, Artigues-Près-Bordeaux",https://www.demeures-cote-dargent.com/
392323176,DEMEURES DES ALPES,"6 rue de L'Europe, 38640, Claix",https://www.demeuresdesalpes.com/
930097563,DEMEURES DES PINS IMMOBILIER,"270 avenue des remouleurs, 40150, Soorts-Hossegor",http://www.demeuresdespins.com/
378920136,DEMEURES DU NORD,"141 AVENUE DE LA REPUBLIQUE, 59110, La Madeleine",http://www.demeuresdunord.com/
345165245,DEMEURES EN PROVENCE,"13 Cours Taulignan, 84110, VAISON-LA-ROMAINE",http://www.immobilierprovence.com/
892534348,DEMEURES ET PATRIMOINE,"181 Avenue du Général de Gaulle, 16800, Soyaux",https://www.demeures-et-patrimoine.com/
383702917,DEMEURES PROVENCE SUD,"1078 ROUTE DE CARPENTRAS QUARTIER LE FLORY, 84270, Vedène",http://dps-villas.fr/
752886275,Denise Iribarne,"-----, 33160, Saint-Médard-En-Jalles",http://www.lesportecles.com/
500479621,DENIZE IMMOBILIER,"1 avenue du Poitou, 86200, LOUDUN",http://www.denizeimmo.com/
921529061,Denomaison immobilier,"5 route du Puy de Dôme, 63870, Orcines",https://www.denomaisonimmobilier.com/
753824036,DESA IMMOBILIER,"11 rue des Terrasses, 20200, BASTIA",http://www.desaimmobilier.com/
946250032,DESAULLES ET CIE,"47 Boulevard Léon GAMBETTA, 68100, Mulhouse",http://www.immobilier-desaulles.fr/
940090723,DESCAMPS IMMOBILIER,"38 RUE PERCIERE, 76000, Rouen",http://www.descamps-immobilier.fr/
102815826,DESCHAMPS IMMOBILIER,"Immeuble ''La Caravelle'' 9 Boulevard Albert 1er, 06600, Antibes",https://www.deschamps.immo/
391551223,DESCHAMPS IMMOBILIER,"6 Avenue de Verdun, 79000, NIORT",http://www.deschamps-immo.com/
932712938,DESGRANGES IMMOBILIER,"1 Place du Marché, 24270, Payzac",https://www.desgranges-immobilier.fr/agence
522002807,Design Constructions & Associés Betton,"5 rue de la maison neuve, 35830, Betton",https://www.designconstructions.com/
490685062,DESLEE Caroline,"-----------, 69610, SAINTE-FOY-L'ARGENTIERE",https://www.dplusimmobilier.com/
448764571,DESPIERRE IMMOBILIER,"3 rue du centre, 38550, Le Péage-de-Roussillon",http://www.despierreimmobilier.com/
815315155,Desplats Immobilier Revel,"14 Boulevard Carnot, 31250, Revel",https://www.desplats-immobilier.fr/
793197468,DESVRES IMMO,"54 RUE DE L EGLISE, 62240, Desvres",https://www.desvresimmo.fr/
910991876,DETOURS IMMOBILIER,"14 rue de la république, 37600, LOCHES",https://detours-immobilier.fr/
789279072,DETROIS IMMOBILIER,"38 RUE JEAN JAURES, 42700, Firminy",http://www.detrois-immobilier.com/
444377071,Detrus immobilier,"6 ter rue de Voisins, 77410, Claye Souilly",http://www.detrus-immobilier.fr/
347616062,Deux-Sèvres Habitat,"8 rue François Viète, 79000, NIORT",https://www.79habitat.fr/
820620847,DEUXIEME ADRESSE,"5 Bis Quai Gorin, 85800, SAINT-GILLES-CROIX DE VIE",https://www.deuxieme-adresse.com/
341316552,DEVAUX IMMOBILIER,"16 AVENUE DE LA REPUBLIQUE, 78330, FONTENAY LE FLEURY",http://www.devaux-immobilier.fr/
753893635,Developimmo,"1 Av. de la 3ème Division d'Infanterie Britannique, 14200, Hérouville-Saint-Clair",http://www.developimmo.fr/
399464056,DEVICTOR IMMOBILIER DE LA CRAU location,"55 avenue de la 1ere division française libre, 13090, Aix-En-Provence",http://www.devictorimmobilier.fr/
852722321,DEVILLARD PRESTIGE,"4 Quai Victor Augagneur, 69003, Lyon",https://www.devillardprestigerealty.com/
900428582,DEVILLERS IMMOBILIER,"6 RUE DU CHAMP DE FOIRE FOUCHERANS, 25620, Tarcenay-Foucherans",https://www.devillers-immobilier.fr/
482698933,DEVIN IMMOBILIER,"6 RUE BAUDINOT, 71120, Charolles",http://www.devin-immobilier.com/
381910785,DEVRIENDT IMMOBILIER,"274 ROUTE NATIONALE 10, 78310, Coignières",http://www.devriendt.fr/
941887432,DGH IMMOBILIER,"6 Place Saint-Pierre, 35240, Retiers",https://dgh-immobilier.com/
435375019,DH-IMMOBILIER,"Place du Général Dosse, 05200, Embrun",http://www.dh-immobilier.com/
417663465,DH4 Partenaire Immobilier,"47 rue de Châtivesle, 51100, REIMS",https://www.dh4-immo-reims.com/
520535881,DI CHIARA IMMOBILIER,"5 avenue du 4 septembre, 13220, Châteauneuf-les-Martigues",http://www.dichiara-immobilier.fr/
939357869,DIANE CHOPLIN IMMOBILIER,"40 faubourg saint sébastien, 84510, Caumont-sur-Durance",https://www.dianecimmobilier.com/fr/
932199862,Diane Immobilier,"11 rue bourgeoise, 28230, Épernon",https://www.diane-immobilier.fr/
824326144,DIDELON IMMOBILIER,"39 RUE VICTOR HUGO, 54700, PONT-A-MOUSSON",http://www.didelon-immobilier.fr/
400556122,Diderot Immobilier,"143 Boulevard Diderot, 75012, Paris",http://www.diderot-immobilier.fr/
934836446,DIMOVIA,"134 Allée du Luxembourg, 62128, Wancourt",https://www.dimovia.com/
483552311,DIOIS IMMOBILIER,"1 Place Adolphe Ferrier, 26150, DIE",http://www.dioisimmobilier.com/
750927014,Direct Agence Immobilière,"4 rue Roger Cailteux, 93160, Noisy-le-Grand",https://directagence.fr/
100347046,Direct Immo Réseau,"43 rue de fresnicourt, 62620, Barlin",https://www.directimmoreseau.fr/
514881135,DIRECT IMMOBILIER,"20 Boulevard des Guilhems, 34250, Palavas-les-Flots",https://www.directimmo34.com/
909504870,DIRECT IMMOBILIER EXPERT,"30 rue Émile Zola, 94140, Alfortville",https://www.directimmoexpert.com/
519440341,DIRECT IMMOBILIER II,"102 C, rue du Général Lambert, 97436, Saint-Leu",http://www.directimmo.re/
798627147,DIRECT SERVICE IMMOBILIER,"301 COURS EMILE ZOLA, 69100, Villeurbanne",http://www.dsi-immo.com/
478409345,DISC immobilier,"54 AVENUE DU DOCTEUR PAUL BENET, 82140, Saint-Antonin-Noble-Val",http://www.disc.immo/
522903418,DISTEL IMMOBILIER,"13A rue du Général Leclerc, 67450, Mundolsheim",http://www.distelimmobilier.fr/
897587945,Distinction Immobilier,"60 Rue Mermoz, 44210, Pornic",https://www.distinction-immobilier.fr/
834219818,District Ralliement,"13 Rue Saint-Maurille, 49100, Angers",http://district-angers.fr/
794984559,DIVIDOM,"207 avenue Willy Brandt, 59777 Lille, 59000, Lille",https://www.dividom.com/
354017543,DIX HUITIEME AVENUE IMMOBILIER,"2, rue ramey, 75018, Paris",https://www.18avenue.fr/
481983831,DIX IMMOBILIER,"2 BOULEVARD ROGER AUDOUX, 34350, Valras-Plage",http://www.diximmobilier.com/
422775338,DIÉ IMMOBILIER,"-------, 33120, Arcachon",http://www.groupe-die-immobilier.com/
940824550,dk Immobilier,"15 PLACE DU GENERAL DE GAULLE, 57580, Rémilly",https://dk-immobilier.fr/fr/
807646245,DKER IMMOBILIER,"13 rue Cérès, 51100, Reims",https://www.dker-transaction.fr/
404167058,DLA Immobilier,"123 avenue de Versailles, 75016, Paris",https://www.dla.immo/
982297921,DLC FRANCE IMMO,"11 BIS RUE JEAN JURES, 59620, Aulnoye-Aymeries",http://www.dlcfranceimmo.com/
888288941,DLF IMMOBILIER,"71 Avenue du 8 Mai 1945, 07300, Tournon-sur-Rhône",https://www.dlf.immo/
393429303,DLJ Gestion,"21 Rue Chicogné, 35000, Rennes",https://www.dlj-syndic.fr/
888930385,DLV IMMO,"3 bis rue Charles Meunier, 77210, Avon",http://www.dlvimmo.fr/
808043475,DM CONSEIL,"10 rue de Penthièvre, 75008, Paris",https://www.dmconseil-immobilier.com/
893732016,DM IMMOBILIER,"60 QUAI GENERAL LECLERC, 13500, MARTIGUES",https://www.agence-dm.com/
942595208,DMC IMMOBILIER,"11 Voie Le Trait d'Union Zone Artisanale Pompignal, 31190, Miremont",http://www.dmcimmobilier31.fr/
813827532,DMCD INVEST,"276 AV DU DOUARD BP 81131, 13400, Aubagne",http://www.dmcdinvest.com/
522017086,DMG IMMOBILIER,"DMG Immobilier 39 rue de Poperinghe, 59114, Steenvoorde",http://www.dmgimmo.fr/
948161831,DMI SOLUTIONS,"3 RUE SAINTE ODILE 67880 INNENHEIM, 67880, Innenheim",http://www.dmi-solutions.fr/
839309929,DODY IMMOBILIER,"., 24100, Bergerac",http://www.dody-immobilier.com/
822839304,DOLBEAU CONSEIL IMMOBILIER,"36 rue tronchet, 69006, Lyon",https://dolbeauci.com/
894197896,DOLCE IMMO,"24 AV MARIUS MARCHANDOU, 33110, Le Bouscat",http://www.dolceimmo.com/
527712038,DOM&TERRE,"1 Rue François Lemarié, 29000, Quimper",https://dometerre.com/
908881287,Domaine de l'Île d'Or,"4415 Rte de la Corniche, 83700, Saint-Raphaël",https://www.camping-iledor.com/fr/
773801394,Domaine de Ludres,"161 place Ferri de Ludre Ville, 54710, Ludres",https://www.domainedeludres.com/
820428233,DOMAINE IMMOBILIER ET PROMOTION,"91 Rue de l'Université, 75007, Paris",https://www.domaine.org/
885162552,Domaines et Forêts,"6 Rue de la Ringouaire, 36110, Brion",https://www.domaines-forets.fr/
382820033,DOMANYS,"9 rue de Douaumont, 89000, AUXERRE",http://www.domanys.fr/
389632969,DOMASUD,"675 chemin du Perigord, 84130, Le Pontet",http://www.villasprisme.fr/
942723255,DOME CONSTRUCTION,"39 T RUE DES MONTAGNARDS, 63122, CEYRAT",https://dome-construction.fr/
444703201,DOME IMMOBILIER,"421 chemin des Tières, 38330, Biviers",http://www.domeimmobilier.fr/
942903345,DOMEA IMMOBILIER - Agence immobilière Clapiers,"1808 Boulevard de la Liberté, 34830, Clapiers",https://www.domea-immobilier.fr/
106111123,DOMEN IMMOBILIER,"20 rue du Saint-Cordon, 59300, Valenciennes",https://domenimmobilier.com/
429230220,DOMENJOUD IMMOBILIER,"2, rue d'Harcourt, 42300, ROANNE",http://www.domenjoudimmobilier.fr/
493548648,DOMIA,"13 Bd Léon Jouhaux, 63100, CLERMONT-FERRAND",http://www.domia63.com/
945651149,DOMIAL,"25 PL DU CAPITAINE DREYFUS, 68000, Colmar",http://www.domial.fr/
404328932,DOMIANS IMMOBILIER,"19 Boulevard Desnoyer, 66750, Saint-Cyprien",https://domians-immobilier.fr/
377595509,Domiere Conseil Immobilier,"18 BIS rue Pierre Demours, 75017, Paris",https://www.domiere.com/
897469953,DOMIRIS,"2 PL CARNOT, 59390, Lannoy",https://www.domiris-immobilier.com/
414989889,DOMIS Cabinet AGIR,"16, rue de Verdun, 30900, Nîmes",https://www.cabinetagir.com/
458204963,DOMOFRANCE,"110 AV DE LA JALLERE, 33300, Bordeaux",https://www.exterra.fr/
690802053,domUP,"154bis allée de Barcelone, 31000, Toulouse",https://www.promologis.fr/
790987937,DOMUS Immo,"261 Rue Pierre Legrand, 59800, Lille",https://www.domusimmo.fr/
349498899,DOMUS IMMOBILIER,"15 PLACE DE LA REPUBLIQUE, 36150, VATAN",http://agencedomus.com/
434528980,DOMUS IMMOBILIER,"41, Boulevard de la Libération, 84450, Saint-Saturnin-Lès-Avignon",https://www.domus-immobilier.net/
921245452,DOMUVIA,"19 avenue Raymond Saint Gilles, 12200, VILLEFRANCHE DE ROUERGUE",https://www.domuvia.fr/
453849879,DONZACQ IMMO,"28 30 CHEMIN DE SABALCE, 64100, Bayonne",http://www.donzacq-immo.com/
325741825,DOR IMMOBILIER,"62 Rue des Cévennes, 57690, Créhange",https://www.dorimmobilier.com/fr/
853120608,DOREMUS IMMOBILIER,"17 PLACE ARISTIDE BRIAND, 33360, Quinsac",http://www.doremus-immobilier.fr/
848591988,DORIAN SALA IMMOBILIER™ Marseille 10,"322 RUE PIERRE DOIZE, 13010, Marseille",https://www.doriansalaimmobilier.fr/
482710589,DORIMMO,"1 RUE D AMIENS / 14 Place Verdun, 60120, Breteuil",http://www.dorimmo.com/fr/
479734766,DORNIER IMMOBILIER,"13 RUE DE LA REPUBLIQUE- Verdun sur le Doubs, 71350, Verdun-Ciel",http://www.dornierimmo.com/
913540498,DOROTA IMMOBILIER,"125 Rte de Grenoble, 38420, Le Versoud",http://www.dorota-immo.fr/
844594176,Dortomb Immo,"46 GRANDE RUE, 76116, Ry",https://www.dortombimmo.fr/
989243696,Doubs Immobilier,"40 Av. de Lattre de Tassigny, 25210, Le Russey",http://www.doubs-immobilier.fr/
480578046,DOUE IMMOBILIER,"1 petite rue du Champ de Foire, 49700, DOUE LA FONTAINE",http://www.doue-immobilier.com/
310914429,DOUSSON IMMOBILIER,"8 RUE MICHELET, 30100, Alès",http://www.dousson-immobilier.fr/
884348517,DouzePointCinq | Location d'entrepôt logistique,"16 RUE DU FAUBOURG DU TEMPLE, 75011, Paris",https://douzepointcinq.com/
499710325,DP2M Immobilier,"187 boulevard de la Liberté, 59000, Lille",http://www.dp2m.fr/
928946623,DPC IMMOBILIER,"2 AVENUE PAUL SEJOURNE, 31000, Toulouse",https://www.dpcimmobilier.com/
889967493,DPLG IMMO,"25 place du Marché, 72210, La Suze-sur-Sarthe",http://www.dplg-immo.fr/
931887293,DRAPIER IMMOBILIER,"12 Rue de Saint-Mihiel, 55210, Vigneulles-lès-Hattonchâtel",https://www.drapierimmobilier.com/
480253210,DRIVER IMMOBILIER,"113 rue nationale, 32200, Gimont",https://www.driverimmobilier.com/
437380611,DROME AGENCE,"22 Rue des Alpes, 26000, Valence",http://www.drome-agence.fr/
402365837,DROME ARDECHE IMMOBILIER,"60 chemin du Pan - Plateau des Couleures 1, 26000, VALENCE",http://www.drome-ardeche-immobilier.com/
523795854,DRUOT IMMOBILIER,"12 AVENUE VICTOR HUGO, 12000, Rodez",http://www.rodez-immobilier.com/
831806773,DS CONSTRUCTION,"LOT2-1 RUE DU HAMEAU DE CHAUMONT 86000 POITIERS, 86000, POITIERS",https://www.ds-construction86.fr/
841569205,DS IMMOBILIER,"6 place du président d'Esneval, 76570, Pavilly",https://www.ds-immobilier-rouen.fr/
930482492,DS IMMOBILIER,"46 avenue de la république, 31530, Lévignac",https://dsimmobilier31.fr/
887473072,DS Transaction,"92 route de la Reine, 92100, Boulogne-Billancourt",http://www.ds-transaction.fr/
501168066,DU COTE DE CHEZ MOI,"14 Rue de la ville, 69230, Saint-Genis-Laval",http://ducotedechezmoi.com/
509142071,DU COTE DE CHEZ VOUS,"12 RUE DE L'EGLISE, 10120, Saint-André-les-Vergers",https://www.ducotedechezvous-immo.com/
799459201,DU PARC IMMOBILIER,"20 PLACE ARISTIDE BRIAND, 33400, Talence",https://duparcimmobilier.com/
830248795,DU SACRE COEUR IMMOBILIER,"7 RUE DU BALL, 66540, Baho",http://www.dusacrecoeurimmobilier.com/
503522609,DUCHMANN IMMOBILIERE,"2a, rte de sainte-croix-en-plaine, 68420, HERRLISHEIM",http://www.immo-duchmann.fr/
882776768,DUCLAUX IMMOBILIER,"50 rue des Carmes, 15000, Aurillac",https://www.duclauximmo.com/
929623668,Dufoncier et Associés,"19 Rue Albin Haller - ZI République II, 86000, Poitiers",https://www.dufoncieretassocies.fr/
532559457,DUFOSSÉ IMMOBILIER – MTE,"Rue Pierre Basset, 69160, Tassin-la-Demi-Lune",https://www.dufosseimmobilier.com/
901021543,Dufour Immobilier,"23 Rue d'Auch, 31770, Colomiers",http://www.dufourimmobilier.fr/
500756630,DUHART IMMOBILIER,"58 boulevard Victor Hugo, 64500, Saint-Jean-de-Luz",https://www.duhart-immobilier.com/
901926386,DUINGT IMMOBILIER,"Ruelle du chef lieu, 74410, Duingt",https://duingtimmobilier.com/
853952794,DULAC PATRIMOINE,"1 B IMPASSE DESTARAC, 31400, Toulouse",https://www.dulacpatrimoine.fr/
922512132,DULAU IMMOBILIER,"56 Bis rue du Général de Gaulle, 40130, Capbreton",https://www.dulau-immobilier.com/
841774805,Dumarest immobilier,"33, rue du hameau, 75015, Paris",https://www.dumarestimmobilier.com/
394485981,DUMONT IMMOBILIER,"4 PLACE DU GENERAL LECLERC, 93600, AULNAY SOUS BOIS",http://www.dumontimmobilier.fr/
789542628,DUN IMMOBILIER,"5 Grande Rue, 18130, DUN SUR AURON",http://www.dun-immobilier.fr/
532336500,DUNE & IMMOBILIER,,https://www.dune-immo.fr/
935316760,DUNES IMMOBILIER,"38 Rue de la Plage, 33780, Soulac-sur-Mer",https://www.dunes-immobilier.com/
497741322,DUNKERQUE IMMOBILIER,"12 PLACE TURENNE, 59240, Dunkerque",http://www.dunkerque-immo.com/
752689778,DUO IMMO,"33 AVENUE MAURICE THOREZ RESIDENCE LE ROC ROSE, 13110, PORT DE BOUC",http://www.duo-immo.com/
100092568,DUO IMMO AQUITAINE,"le mata, 33480, Avensan",https://www.duoimmoaquitaine.fr/
837869759,DUPONT EXPERTISE IMMOBILIER,"2 rue jean jaures, 59282, Douchy-Les-Mines",https://www.dupontimmobilierexpertise.com/
893819789,DUPONT IMMOBILIER,"69, Rue Nationale, 07170, Villeneuve-de-Berg",http://www.ardeche-immobilier.com/
330148388,DUPRAZ IMMOBILIER,"5 Avenue Saint-François de Sales, 74200, Thonon-les-Bains",http://www.dupraz-immobilier.com/
898047139,DUQUESNOY IMMOBILIER,"2 BIS RUE BERNARD PALISSY, 59290, Wasquehal",https://www.duquesnoyimmobilier.com/
895162212,DURAND IMMOBILIER MONTAGNE ET MER,"5211 CRS FONTANAROSA, 05560, Vars",https://www.durandimmo.com/
382565661,DURAND MONTOUCHE,"19 RUE DE LA REPUBLIQUE, 45000, Orléans",http://www.dmimmo.com/
943355586,Durant Immo,"81B Rue Montgolfier, 59700, Marcq-en-Baroeul",https://durant-immo.fr/
820713014,DURET IMMOBILIER D'ENTREPRISE,"2 rue Benjamin Franklin, 85000, La Roche-sur-Yon",https://www.duret-immobilier-entreprise.fr/
831559935,DUSSAUSSOIS IMMOBILIER,"39 Chemin de la Grangette, 74360, Abondance",http://www.dussaussoisimmobilier.com/
529647638,DV IMMOBILIER,"6 rue Alfred SAUVY, 66450, Pollestres",http://www.dv-immobilier-international.com/
801774662,Déborah PHILIPPE,"---, 52290, HUMBECOURT",https://www.idlr.fr/author/deborah-philippe/
940075930,Défi'immo,"74 Place de la Liberté, 73130, La Chambre",https://www.defi-immo.com/
950987024,DÉVELOPPEMENT LR,"47 avenue de Bordeaux, 37300, Joué-lès-Tours",http://www.la-roquille.fr/
844388660,Dôm'Immobilier,"Rue Marinette Menut, 63170, Aubière",http://www.agencedomimmobilier.com/
985147479,Dôme Immobilier,"25 Rue de la Pradelle, 63000, Clermont-Ferrand",http://www.domeimmo.fr/
824489868,D’Artagnan Immobilier,"43 Rue Victor Hugo, 32000, Auch",http://dartagnanimmobilier32.fr/
532098365,E & M IMMO,"33 ROUTE DE CAEN, 14980, Rots",http://www.emimmo.com/
878259407,E&L Immobilier,"Place des Boutiques, La joue du Loup, 05250, Dévoluy","https://www.brings.fr/conseiller/elsa.jouve-et-loic-tessa,190"
823521018,E.H IMMOBILIER,"7 RUE JEAN AICARD, 83400, Hyères",http://www.ehimmobilier.fr/
818195372,EA IMMOBILIER,"pl des jacobains le mans, 72000, Le Mans",http://www.eaimmobilier.fr/
900195520,EAG IMMOBILIER,"170 Chem. du Bret, 01600, Reyrieux",https://eag-immobilier.com/
505301432,EASY CAPITAL,"70 avenue de Branne, 33370, Tresses",http://www.easycapital.fr/
834090144,EASY VENTE IMMO,"333 route de plainpalais, 73230, Saint-Alban-Leysse",http://easyventeimmo.fr/#
914888599,EASYBIEN,"18 boulevard des Pyrénées, 64000, Pau",https://easybien.fr/
794342048,EasyColiving,"5 Chemin des Cantèces, 77250, Moret-Loing-et-Orvanne",https://easycoliving.com/index.html
503507311,EASYIMMO,"CENTRE COMMERCIAL LES CLOUOS, 83630, Régusse",http://easyimmoregusse.fr/
440413136,EB ASSOCIES,"9 Rue Bugeaud, 69006, Lyon",http://www.ebassocies.com/
853863454,EC IMMOBILIER,"5 Rue des Bains, 67000, Strasbourg",https://ec-immobilier.com/fr/
508363876,ECHAVIDRE Chrystel - Agence Hamilton,"261 avenue des Rémouleurs, 40150, HOSSEGOR",https://www.facebook.com/chrystelrealestateagent/
529414740,ECKERT IMMOBILIER,"6A Avenue de la Gare, 67560, Rosheim",http://www.eckert-immobilier.com/
980922124,ECLIPSE IMMOBILIER,"27 Route de Bourg en Bresse, 01310, Polliat",https://www.eclipse.immo/notre-agence
391584877,ECLISSE PROMOTION,"181 ROUTE D'ALBI, 31200, Toulouse",https://www.eclisse-promotion.fr/
519432579,ECO IMMO 60,"88 AVENUE JEAN JAURES, 60290, Rantigny",http://www.eco-immo60.com/
512979584,ECO IMMOBILIER,"12 RUE DU PERE-PLACE DE LA POMMERAIE, 17180, PERIGNY",http://www.eco-immobilier.com/
503829533,ECO'LOCAUX,"ZA les Pins Verts, 26 Allée de Migelane, 33650, Saucats",https://www.ecolocaux.fr/
353480031,ECOBAT IMMO,"85 BOULEVARD GABRIEL PERI, 92240, Malakoff",https://www.ecobat.fr/
953225901,ECP-IMMO,"--------, 75008, Paris",http://ecp-immo.fr/
422326942,ECULLY IMMOBILIER - FRANCK PARISET,"7 RUE LUIZET LES ARCADES, 69130, Écully",http://www.ecullyimmo.com/
518362751,Eden Golfe,"10 rue joseph audic, 56000, Vannes",http://www.immobilier-eden-golfe.com/
308308022,EDEN IMMOBILIER,"65 RUE DES BOIS LES ARCADES D'ORNEX, 01210, ORNEX",http://www.edenimmobilier-ornex.com/
918206095,EDEN IMMOBILIER,"421 chemin de Pierresca, 13360, Roquevaire",http://www.edenimmo.fr/fr/
918576166,EDEN IMMOBILIER,"2 rue des teinturiers, 28100, Dreux",http://www.eden-immo.fr/
800994980,EDEN PARK IMMOBILIER,"1 rue Jean Carrara, Eden Park B, 83600, Fréjus",http://www.edenpark-immo.fr/
483108726,EDEN SUD,"132 RUE GENERAL DE GAULLE, 83480, Puget-Sur-Argens",http://www.edensud.com/
912455714,EDENCIA,"3 rue de Tasmanie - Bât C, 44115, Basse-Goulaine",https://www.agencesprivees.com/agences/?z=886&y=edencia
518342910,Edifices Amiens Immobilier,"111 AVENUE DU GENERAL FOY, 80000, Amiens",https://www.edifices-immobilier.com/
434146569,EDIFIDES,"12 Pl. de la République, 14000, Caen",https://www.edifides-immobilier.fr/
930838156,Edouard Chapelet Immobilier,"14 Rue de Ficheux, 62173, Blairville",https://edouard-chapelet-immobilier.fr/
853756591,EEMO TOUCAN IMMOBILIER,"11 Rue de Marguerite de Rochechouart, 75009, Paris",https://www.toucan-immobilier.fr/
895336105,Efco Immo,"2 Rue Concorde, 68300, Saint-Louis",http://www.agence-efco-immo.com/
898606793,EFFICAC'IMMO,"Résidence le Colisée, 2 avenue Angel Guimera, 66180, Villeneuve-de-la-Raho",http://www.efficacimmo.com/
889047270,EFID,"1 Avenue des Alouettes, 92000, Nanterre",https://www.efid-paris.com/
903111771,EG AGENCY,"64 AVENUE D'HAIFA, 13008, MARSEILLE",https://egagency.fr/
394815203,EGERIM CONSEIL,"16 AVENUE D ASSAS, 34000, Montpellier",http://www.egerimconseil.com/
987593415,EID IMMOBILIER,"1 PLACE DE VERDUN, 63110, Beaumont",https://www.eidimmobilier.fr/
879557460,EKIA IMMOBILIER,"8 Impasse de la Gascogne 40220 Tarnos, 40220, Tarnos","http://www.ekia-immo.fr/agence/ekia-immo-tarnos-40220,2"
895113702,EKIMO,"10 Rue Marcel Dassault, 59700, Marcq-en-Baroeul",https://ekimo-immobilier.com/
887757284,EL FASSY Laetitia,"-------------, 34000, Montpellier",https://www.reseau-expertimo.fr/2171-mandataire/1?fbclid=IwY2xjawMBmt9leHRuA2FlbQIxMABicmlkETBWZXBZd0dkTG1CRjRPcEc2AR5rNhfd3TliFu0xYgBtPJ2l_xYQfeBweKA_DtK0WtSGZRXNuCJKWlP3mh2c4w_aem_zapXM16nCYl1654Oda0Mxw
409873171,ELENA IMMOBILIER,"125 CHEMIN DU PUY, 84000, Avignon",https://www.elenaimmobilier.fr/
952298198,ELEVEN LOCCO,"31 Rue du Maréchal Ney, 85000, La Roche-sur-Yon",https://elevenlocco.com/
982499196,Elios Group Immobilier,"163 avenue des tamaris, 13600, LA CIOTAT",https://www.elios-group.com/
442699302,ELIOT IMMOBILIER,"35 rue du général de gaulle, 85160, Saint-Jean-de-Monts",http://www.agence-eliot.com/
808572705,ELIOTT'S,"189 RUE DE TOLBIAC 75013 PARIS, 75013, Paris",http://www.eliotts.fr/
931198295,Elisa Vie Immobilier,"11 Rue du 14 Juillet, 33260, La Teste-de-Buch",https://elisavie-immo.fr/
834428112,Elisabeth CATHALA,"28, quai rouget de l isle, 84800, L'ISLE-SUR-LA-SORGUE",https://www.reseau-expertimo.fr/1988-mandataire/
982113706,ELITE GROUP,"21 AVENUE DES MARÉCHAUX, 16000, Angoulême",https://www.elitegroupfrance.com/
918421678,ELITE IMMO NOEUX,"150, Rue NATIONALE, 62290, Noeux-les-Mines",http://www.elitenoeux.com/
904573953,ELITE IMMOBILIER,"2 place du change, 60200, Compiègne",http://www.elite-immobilier-compiegne.com/
878184506,ELITE PROPERTIES,"26 avenue de Grasse, 06370, Mouans-Sartoux",http://www.elite-properties.fr/
879955011,ELIZABETH TAYLOR LUXURY,"9 place du marché, 78110, Le Vésinet",https://www.elizabethtaylorluxury.com/fr/
790097117,ELLES IMMOBILIER,"54 RUE DE CASTELBAJAC, 31330, Grenade",http://www.elles-immobilier.fr/
832393490,Elodie AVENEL Meilleur conseil immo,"----------, 78770, GOUPILLERES","https://www.meilleurconseil-immo.com/conseiller/elodie.avenel,234"
898263892,ELODIE IMMO GESTION,"28 BIS RUE DES PRES, 27950, Saint-Marcel",http://www.elodie-immonormandie.fr/
419552278,ELORN IMMOBILIER,"31 Quai de Cornouaille, 29800, Landerneau",http://www.elorn-immobilier.fr/
891457533,ELS IMMO,"21 Rue du Repos, 68440, Eschentzwiller",http://www.elsimmo.fr/
800613549,ELYADE,"23 RUE JEAN MONNET Zone Industrielle du Cassé II, 31240, Saint-Jean",https://www.elyade.com/
518644000,ELYSEE GALLIC IMMOBILIER,"6 RUE DE DINARD, 35730, Pleurtuit",http://www.immobilier-ouest.fr/
482312451,ELYSEE TRANSACTIONS,"76 AV DES CHAMPS ELYSEES, 75008, Paris",https://www.elyseetransactions.fr/
985002161,ELYSIA IMMOBILIER,"7 rue Général Foy, 54200, Toul",https://www.elysia-immobilier.fr/
992636258,ELYTE IMMOBILIER - AGENTYS,"614 Chem. des Ragues, 13250 Saint-Chamas, France",https://www.agentys.com/office/elyte-immobilier
493411763,ELYX,"33 Place de la Carrière, 54000, Nancy",http://www.elyyx.com/
819289356,EM COURTAGE,"151 rue du Maréchal Foch, 45370, Cléry-Saint-André",https://emcourtage.fr/
919372847,EMBLEME CONSTRUCTIONS,"1 Place de l'Europe, 13480, Cabriès",https://emblemeconstructions.com/
832049480,Embréo Immobilier,"101 Av. François Arago, 92000, Nanterre",http://embreo.fr/
894970631,EMC IMMOBILIER,"1 Rue de la Prévoté, 30000, Nîmes",https://www.emcimmobilier.com/
908521289,EMERE IMMOBILIER,"6 b route de saint laurent, 50240, Saint-Aubin-de-Terregatte",http://www.emere-immobilier.fr/
303754204,Emery Immobilier Chamalières,"50 avenue Pasteur, 63400, Chamalières",http://www.regie-emery.fr/
883141483,EMIJOLIEIMMOANDCO,"319 rue de l'Eglise de Saint Jean d'Aout, 40000, Mont-de-Marsan",https://emijolieimmoandco.com/
380987180,EMILIE,"218 chaussée Jules César, 95250, Beauchamp",http://www.emilie.fr/index.html
919386037,Emilien Stéphan Immobilier,"119 Avenue de la Republique, 14800, Deauville",https://www.emilienstephanimmobilier.fr/
878161884,EMITI,"13 RUE SAINTE URSULLE, 31000, Toulouse",https://www.emiti.fr/
900654393,eModev,"6 LA PEUTE PIERRE, 88510, Eloyes",http://www.emodev.immo/
898984513,EMOTION IMMOBILIER,"21 Rue de la Gare, 01800, Meximieux",https://www.emotionimmobilier.fr/
949928766,EMPEIRIA,"43 route de Lavaur, 31850, Montrabé",https://www.empeiria-agence.fr/
845400654,EMPLACEMENT IMMOBILIER,"227 route de grenade, 31700, Blagnac",https://www.emplacement-immobilier.fr/
978693489,EMPORIA IMMOBILIER,"4 Route de Mulhouse, 68720, Illfurth",https://www.emporia-immobilier.com/
999890239,EMPREINTE IMMOBILIERE,"17 place Jean Jaurès, 59490, Somain",https://empreinteimmobiliere.fr/
813225554,EMPRORIA IMMOBILIER,"15 Chemin des Eclapons, 69390, Vourles",https://www.emproria.fr/
837496561,En Aparté,"231, rue Saint-Honoré, 75001, Paris",https://www.enaparte-paris.com/
920719432,En Aparté,"133 Rue Sainte Anne, 50380, Saint-Pair-sur-Mer",https://www.enaparte-immo.fr/
501384333,En Aparté Agence Immobilière,"23 Pl. Chavanelle, 42000, SAINT ETIENNE",http://www.enaparte.fr/
913785911,En Aparté Immobilier,"2 Impasse du Penin, 69890, La Tour-de-Salvagny",https://en-aparte-immo.fr/
540012176,En apparté - Agence immobilière,"40 Bd de la Tour d'Auvergne, 35000, Rennes",http://enapparte.com/
509557708,EN MODE IMMO,"379, RUE DU BERARD, 38500, Coublevie",https://enmodeimmo.com/
501692479,ENEO Immobilier,"2 AVENUE DU CENTENAIRE, 73700, Bourg-Saint-Maurice",https://www.eneo-immobilier.com/
929934453,ENEZ IMMOBILIER,"6 RUE DES TAN TANS, 97460, Saint-Paul",https://www.enezimmobilier.re/
811330315,ENSEMBLE IMMOBILIER,"8 rue des verts prés, 59700, Marcq-en-Barœul",https://www.ensemble-immobilier.fr/
908267651,Enterprise Immobilier Capital Markets,"29 rue Tronchet, 75008, Paris",https://www.enterprise-immo-france.fr/capital-markets
918128232,Entre Lac et Cimes Immobilier,"Rue de l'Ancien Chef Lieu, 74600, Annecy",http://www.entrelacetcimes-immobilier.com/
950717553,ENTRE VOUS ET NOUS,"12 Cr du Gén de Gaulle, 33430, Bazas",https://www.entrevous-et-nous.fr/
434190948,Entre-Terrains,"191 RUE DE LA CORNAILLERE, 45650, Saint-Jean-le-Blanc",http://www.entre-terrains.com/
799050489,entre2 LACS IMMOBILIER,"411 ROUTE DE LONGCHAMP, 74570, Groisy",http://www.entre2lacs-immo.com/
984175182,ENTRENOUS IMMOBILIER,"8 Rue Joseph Cugnot, 38300, Bourgoin-Jallieu",https://www.entrenous-immobilier.fr/
989554126,Entreprise.fr,"5 B Boulevard du Maréchal Foch, 49100, Angers",http://www.entreprise.fr/
824180871,Entrezchezvous.com,"18 place Maréchal Juin, 35000, Rennes",https://entrezchezvous.com/fr/
897713111,ENVIE D'IMMO,"31 rue de la Reine des Prés, 79460, Magné",https://www.envie-dimmo.fr/
919327866,Envie D'un Toit,"988 chemin du Pimont, 76710, Bosc-Guérard-Saint-Adrien",https://envieduntoit.fr/
884613779,Enyo & Gaïa,"42 AVENUE DES VOSGES, 67000, Strasbourg",http://www.enyogaia-immo.fr/
100595420,Enzo BEN AGOU,"---, 83660, CARNOULES",https://www.idlr.fr/
432518637,EOL,"10 quai de Bercy, 94220, Charenton-le-Pont",http://www.eol.fr/
431628668,EPG IMMOBILIER,"11 RUE DE LA CHAUDANNE, 73100, Aix-Les-Bains",http://www.epgimmobilier.fr/
813460615,EPI IMMOBILIER,"10 Place du Général de Gaulle, 37500, Chinon",https://immo-epi.com/fr/
793078957,ERCINEA,"62 BOULEVARD JEAN JAURES, 92100, Boulogne-Billancourt",http://www.ercinea.com/
340546738,Ergon Marseille 15ème,"147 BIS AVENUE DE SAINT ANTOINE, 13015, Marseille",http://www.ergon.pro/
517390605,Eric Calmettes,"---, 78540, VERNOUILLET",https://www.idlr.fr/author/eric-calmettes/
324175603,Eric CHATRIOT Dr House,"-------------------------, 89440, Sainte-Colombe",http://www.chlorophylle-immo.com/
942881145,Eric Landreau immobilier,"28 Rue Nationale, 85440, Talmont-Saint-Hilaire",https://eric-landreau-immobilier.fr/
994862084,Erine Gaillet,"----, 11160, Rieux-Minervois",https://www.facebook.com/share/1AsWGtLZ1h/
822367306,Ernest & Associés,"90 rue d'Hauteville, 75010, Paris",https://www.ernest-et-associes.com/
501452320,ERNEST IMMOBILIER,"68 bis GRAND RUE, 86130, Jaunay-Clan",http://www.ernest-immobilier.fr/
482220183,ERWANN COSSEC IMMOBILIER,"RUE MEN CREN, 29730, Guilvinec",http://www.cossec-immobilier.com/
827866633,ESCALE IMMOBILIER,"12 Allée de la Goélette, 34200, Sète",http://www.escale-immobilier.com/
315189787,ESCALESOUEST,"128 RUE DE SAINT-ANDRE D'ORNAY, 85000, LA ROCHE-SUR-YON",https://escalesouest.com/
537529075,ESPACE LMNP,"25 avenue Moliere, 78170, La Celle-Saint-Cloud",http://www.espace-lmnp.com/
750559924,Espaces et Commerces,"113 Grand'Rue, 67500, Haguenau",https://www.espaces-commerces.fr/
882077662,ESPACES ET LIEUX,"57 Rue du Président Édouard Herriot, 69002, Lyon",https://www.espacesetlieux.fr/
347669939,ESPACES IMMOBILIER,"96 RUE JEAN JAURES, 07600, Vals-les-Bains",http://immobiliervalslesbains.fr/
827898198,Esprit de famille,"67 Avenue General de Gaulle, 69300, Caluire-et-Cuire",https://espritdefamille.immo/fr/
509336491,ESPRIT IMMOBILIER,"PLACE DE L'EGLISE, 29920, NEVEZ",http://www.esprit-immo.com/
934802497,Esprit Immobilier,"2 RUE DES FRERES REMY, 57200, Sarreguemines",http://www.esprit.immo/
941430423,ESPRIT LANDES IMMOBILIER,"27 rue de Mathiou, Hôtel de la Forêt, 40150, Soorts-Hossegor",https://esprit-landes-immobilier.com/
948413935,ESPRIT LIBRE IMMO TRANSACTION,"35 avenue Philibert Delorme, 91000, Évry-Courcouronnes",https://www.esprit-libre-immo-transaction.fr/
843880683,ESPRIT VIF IMMOBILIER,"30 bis rue saint Barthélémy, 54280, Champenoux",https://espritvif.immo/
504431867,Esprit Villa,"6 IMPASSE DE LISIEUX - BATIMENT A, 31300, Toulouse",https://www.espritvilla.fr/
523545671,ESPRIT-IMMO.FR,"13 berge du Rhône, 74910, SEYSSEL",http://www.esprit-immo.fr/
879514016,ESSA IMMOBILIER,"4 rue André Le Bourblanc, 78590, Noisy-le-Roi",http://www.essa-immobilier.com/
980166318,Essentiel Habitat,"7 Rue Jean-Louis Etienne, 57140, Norroy-le-Veneur",https://www.essentiel-habitat.com/
891869737,Essentiel Immo,"21, route de la Pyramide, 49000, Angers",https://www.essentiel-immo.com/
943447201,ESSENTIEL IMMOBILIER,"21 Place Clemenceau 41800 Montoire-sur-le-Loir, 41800, Montoire-sur-le-Loir",http://www.essentiel.immo/
884353533,ESSENTIELLE IMMO,"Saint-Gély-du-Fesc (34980), 34980, Saint-Gély-du-Fesc",http://www.essentielle-immo.com/
527770648,EST HABITAT,"98 AVENUE JEAN RIEUX, 31500, TOULOUSE",http://www.esthabitat.com/
845327360,EST IMMO,"44 RUE TOURTEL FRERES, 54116, Tantonville",http://www.estimmo54.com/
830911046,EST IMMO Conseil & Patrimoine,"20 RUE DES VANNEAUX, 67100, Strasbourg",http://www.xn--panthon-immobilier-fwb.com/
401376173,EST METROPOLE HABITAT,"53 avenue Paul Krüger, 69100, Villeurbanne",https://www.est-metropole-habitat.fr/
840012280,EST'L IMMO,"24 Rue du Maréchal Joffre, 67700, Saverne",https://www.estlimmo.com/
911564391,ESTEREL IMMO,"2 Avenue Charles Dahon, 06590, Théoule-sur-Mer",http://www.esterel-immo.com/
529266421,ESTIA,"29, rue Gustave Eiffel – Seynod, 74600, Annecy",http://www.estia-immo.com/
522205558,ESTUAIRE Immobilier,"Siège social : 9 Place de l'église, 44360, Cordemais",http://www.estuaire-immobilier.fr/
431979798,ETOILE IMMOBILIER TRANSACTION,"5 ROUTE DE BEAUVALLON, 26800, Étoile-sur-Rhône",https://www.djgroupeimmobilier2607.com/agence-immobiliere-etoile-sur-rhone-177.htm?utm_source=gmb&utm_medium=website&utm_campaign=%C3%A9toile
429655848,ETUDE DE LA ROQUETTE,"77 RUE DE LA ROQUETTE 75011 PARIS, 75011, Paris",https://www.etudelaroquette.fr/
397558859,ETUDE DES VOSGES,"3 Avenue Saint Sylvestre, 06100, Nice",https://www.etudedesvosges.fr/fr/
316654235,ETUDE GINDRA,"25 Av. du Général de Gaulle, 94420, Le Plessis-Trévise",https://www.etude-gindra.fr/fr
322150798,Etude Hoenner Immobilier,"59 RUE DE MULHOUSE, 68400, Riedisheim",http://www.etude-hoenner.com/
412654709,ETUDE IMMOBILIERE CARLA,"159 GRANDE RUE, 69600, Oullins",http://www.carlaimmo.com/
434333365,ETUDE IMMOBILIERE DE LILLE,"156 RUE NATIONALE, 59000, Lille",http://www.etudeimmodelille.com/
528826837,ETUDE IMMOBILIERE DES 2 VALLEES,"2 Rue de la Huchette, 51170, Fismes",http://www.etude-immobiliere-des-deux-vallees.com/
479236069,ETUDE IMMOBILIERE DU LITTORAL,"89 RUE GENERAL LECLERC, 62370, Audruicq",http://www.etudes-immobilieres.com/
530035484,ETUDE IMMOBILIERE MASSERON,"188 Rue du Canon, 27130, Verneuil d'Avre et d'Iton",http://www.immobilieremasseron.fr/
999030836,ETUDE KAISIA,,http://etudekaisia.fr/
392108791,ETUDE MS,"6 avenue Secrétan, 75019, Paris",http://www.ms-conseils.com/
431375807,ETUDE PIERRE IMMOBILIER,"52 Bd Hubert Delisle, 97410, ST PIERRE",http://etudepierreimmo.com/
498891480,ETUDE VALRI,"130 boulevard Voltaire, 75011, PARIS",https://www.etudevalri.fr/
349170746,ETUDES IMMOBILIERES DOUCHIN,"88 CHAUSSEE DE ROUVROY, 80100, ABBEVILLE",http://www.immobilier-douchin.com/
899612428,ETXE-IMMOBILIER,"3 Av. Armand Toulet 1er Etage, droite, droite, 64600, ANGLET",https://etxe-immobilier.fr/
918347410,EUGENIE Agence Immobilière,"2 B RUE JOSEPH CARRE, 01700, MIRIBEL",https://www.eugenie.immo/
834334047,EULHIA,"12 Chaussée Jules César, 95520, Osny",http://www.eulhia.fr/
842584542,EUREKA IMMOBILIER,"6 RUE DES AUGUSTINS, 11300, Limoux",http://eureka-immo11.com/
802358028,EURL BROCHARD IMMOBILIER,"2 B PETITE RUE SAINT GILLES, 44190, CLISSON",http://www.brochardimmobilier.com/
988785903,EURL OSMOSE,"53 CLOS FROMAGET, 74450, Saint-Jean-de-Sixt",https://agence-osmose-immobilier.com/
843960790,Euro contact immobilier,"1 PLACE DE L EGLISE, 88310, Ventron",https://euro-contact.fr/
421645193,EURO IMMO,"32 RUE DES MARTYRS, 06240, Beausoleil",http://www.euroimmo06.fr/
435202809,EURO LOOK IMMOBILIER,"60 B FAUBOURG SAINTE ANNE, 56140, Malestroit",http://www.immobilier-malestroit.com/
889181673,EUROFONCIER LES MEES,"60 Chemin Borie, 13821, La Penne-sur-Huveaune",https://gambettadistribution.com/
403508526,EUROP IMMO,"116 AVENUE DU GENERAL DE GAULLE, 38250, Villard-de-Lans",https://www.europimmo.com/fr/
343313417,EUROP IMMOBILIER,"6 BIS AVENUE DU ROUSSILLON, 66140, Canet-en-Roussillon",https://www.europ-immobilier.com/
504119470,EUROSUD IMMO,"AVENUE DE LA GARE RESIDENCE LE MONTE CRISTO, 07100, Annonay",http://www.eurosud-immo.fr/
889226239,EVAD'IMMO agence immobilière,"44 CHEMIN DES CHENES, 42330, SAINT-GALMIER",https://www.evadimmo.fr/
804971190,EVAL IMMO,"662 Avenue Pierre Loti, 83000, Toulon",https://www.eval-conseils.com/
888823770,EVALLY PROMOTION,"252 RN7 Roussillon (38150), 38150, Roussillon",https://www.jollimmo.fr/
528675671,EVE PARA IMMOBILIER,"ROUTE DE LA CRAU, 13280, Arles",http://www.eveparaimmobilier.fr/
980488209,EVEIL IMMOBILIER,"362 Avenue Marie Curie, 74160, Archamps",http://eveil-immobilier.fr/
391633120,EVEL PROMOTION,"12 rue François de Curel, 57000, Metz",https://www.evel-promotion.fr/
924807118,EVESQUE & MOREAU ASSOCIES,"24 Avenue Auguste Cot, 34600, Bédarieux",https://www.evesquemoreau.com/agence-immobiliere-montpellier/locations
108309253,EVIDENCE IMMO,"4 Route du Bourg, 71370, Saint-Germain-du-Plain",http://www.evidenceimmo71.com/
888533445,EVIDENCE IMMOBILIER,"21 Rue Suarez, 73200, Albertville",http://www.evidenceimmobilier.fr/
832705594,EVIDENCE PILETTE IMMOBILIER,"17 avenue de la paix, 39100, Dole",http://www.agenceimmobiliere.best/
828807750,EVILANCE,,https://evilance.fr/
954081634,Evim Immobilier,"166 Av. Jean Jaurès, 95100, Argenteuil",https://www.evim-immobilier.com/
893345462,EVO'IMMO,"59 RUE DE PONTHIEU, 75008, Paris 8e Arrondissement",http://evo.immo/
348083106,EVO'LOGIS,"5 ZA Piquet Ouest, 35370, Etrelles",https://www.evologis.fr/
822470837,EVOC Immobilier,"2 RUE Charles Amans, 34000, Montpellier",http://www.evoc-immobilier.com/
789565157,Evoludim,"---------------------, 37170, Chambray-lès-Tours",https://www.tanais-habitat.fr/
749995635,EVRARD IMMOBILIER,"80 Place du Maréchal Foch, 62400, Béthune",http://www.evrardimmobilier.com/
394643191,EXCEL IMMO,"49 rue Jean Jaures, 83320, Carqueiranne",https://www.excelimmo.com/
530792548,EXCELL IMMOBILIER,"15 RUE DU GENERAL LECLERC, 29250, Saint-Pol-De-Léon",http://www.excellimmobilier.com/
502583461,EXCELLENCE IMMOBILIER,"32 B avenue jean jaures, 83120, Sainte-Maxime",http://www.excellenceimmobilier.fr/
994655330,EXCELLIA IMMOBILIER,"46 Rue Lesdiguières, 38000, Grenoble",http://www.excellia-immobilier.com/
932320609,EXCELLIUM Immobilier,"15 place du 8 mai 1945, 69270, Fontaines-Saint-Martin",https://www.excellium.immo/
807803721,EXCEPTIMMO,"6 PLACE DES TERREAUX, 01300, Belley",http://www.exceptimmo.com/
421313420,EXCLUSIF IMMO,"29 BIS RTE NATIONALE 6, 89100, ROSOY",http://www.exclusifimmo.net/
831102801,EXCLUSIV'IMMO,"2, Les Morandières, 44320, Saint-Père-en-Retz",https://www.exclusivimmo.fr/accueil-exclusivimmo-agence-immobiliere-loire-atlantique
485006894,EXCLUSIVE LTD,"9 residence veronique, 80680, Saint Fuscien",https://exclusive-ltd-commerces.octissimo.com/
984327759,EXCUR IMMOBILIER,"28 Rue Gallieni, 91430 Igny, France",http://excurimmobilier.fr/
801118274,EXELHOME,"Le Talamud, 38140, Saint-Blaise-du-Buis",http://www.exelhome.fr/
878872688,Exeloc,"150 avenue de l'Espace Batiment A1, 59118, Wambrechies",https://www.exeloc.com/
897912358,EXPERIENCE IMMOBILIER,"4 Rue du Commerce, 22190, Plérin",http://www.experience-immobilier.fr/
797919834,EXPERT IMMO,"83 rue Jacquemars Giélée, 59000, LILLE",https://www.expert-immo-lille.fr/
832411458,EXPERT IMMO,"46 TER RUE MARCEAU, 45120, Châlette-Sur-Loing",https://www.expert-immo45.com/
888249018,EXPERT IMMO GRAND EST,"4 Rue du 22 Novembre, 67000, Strasbourg",https://www.expertimmograndest.fr/
527552905,EXPERT'IMMO,"320 Av. de l'Europe Unie, 83110, Sanary-sur-Mer",https://www.agencexpertimmo.fr/
504346131,EXPERTISIMMO,"107 BOULEVARD JEAN JAURES, 13340, Rognac",http://www.expertisimmo.com/
529290561,EYE IMMO,"8 RUE ANATOLE FRANCE, 34120, Pézenas",https://www.eye-immo.com/
814558169,Eylau Immobilier,"4 rue Mesnil, 75016, Paris",https://www.eylauimmobilier.com/
507835957,EZARE IMMOBILIER BEAUNE,"28 Rue de Lorraine, 21200, Beaune",http://www.ezare.fr/
921568077,F IMMOBILIER TOULOUSE,"198 ter Chemin de Lapujade, 31200, Toulouse",http://www.fimmobiliertoulouse.com/
899457485,F.L IMMOBILIER,"885 CHEMIN DE LA ROCHE, 07530, Mézilhac",https://www.superimmo.com/agence/mezilhac-07530/f-l-immobilier-xoh2t
984033084,F2 IMMOBILIER,"avenue saint alexandre sauli, 20270, ALERIA",https://www.f2immobilier.com/
889756862,FABIEN IMMOBILIER,"144 rue Paul Bellamy 44000 Nantes, 44000, Nantes",https://www.fabien-immobilier.fr/
403202468,FAC HABITAT,"Le tertia II - 5, rue charles duchesne - BP 60, 13792, Aix-En-Provence Cedex 3",https://www.fac-habitat.com/fr/?utm_source=leboncoin
802966051,FACEIMMO,"80 RUE DE PARIS, 80400, Muille-Villette",http://www.faceimmo.com/les-plus.html
502061864,FACIL HABITAT,"2D, rue du calvaire, 62790, LEFOREST",http://www.facil-habitat.com/
820507945,FACIL'IMMO,"66 Rue Roger Godard, 80420, Flixecourt",https://www.facil-immo80.com/
811534163,FACIL-IMMO,"23 RUE DE LA GARE, 57400, SARREBOURG",http://www.facil-immo.com/
902137165,Facilimmo59 - Agence Immobilière en Pévèle,"324 Rue du Noiriez, 59242, Genech",https://facilimmo59.com/
808731764,FACILIS IMMOBILIER,"34 rue Gaston Hulin, 86000, Poitiers",http://www.facilis.immo/
449044056,FAELENS IMMOBILIER LILLE,"3 PLACE SAINT ANDRE, 59000, Lille",http://www.faelensimmobilier.com/
899116552,FAIRLEY IMMOBILIER,"Simone de Beauvoir, 95370, Montigny-lès-Cormeilles",https://fairley-immobilier.com/fr
312695794,FAIVRE IMMOBILIER,"30 RUE BAYARD, 31000, Toulouse",https://www.faivreselection-immobilier.fr/
982151417,Falchetto immobilier,,http://www.falchetto-immobilier.com/
819602962,FALGARDE GESTION,"41 rue de la decouverte - CS37621, 31676, Labege Cedex",http://www.falgardegestion.com/
907983134,FAMICITY,,https://www.famicity.fr/
917721854,FAN'EST IMMOBILIER,"4 Rue Alexandrine, 57250, Moyeuvre-Grande",http://www.fanest.fr/
302589379,FANTIN IMMOBILIER,"2 RUE DU PAQUIER, 74000, Annecy",http://www.fantin-immobilier.fr/
525082459,FAR IMMO,"2, rue des Glières, Annecy Centre, 74000, Annecy",http://www.far-immo.com/
949613368,FARELO IMMOBILIER,"Place Pierre de Brach, 33450, Montussan",https://fareloimmobilier.com/
948179973,FASSEL Kim,"-------------, 67116, Reichstett",https://www.reseau-expertimo.fr/1447/-agent-fassel/1
433948338,Faubourg Conseil Immobilier,"14, rue de Tilsitt – 75008 Paris, 75008, Paris",http://www.fbg-immobilier.com/
990950099,Fauny & Fourez Immobilier,"17 Route de Granville, 50300, Marcey-les-Grèves",http://www.fauny-fourez-immobilier.com/
802355008,FAUQUE IMMOBILIER,"2 rue victor payonne, 26120, Chabeuil",http://www.fauque-immobilier.fr/
433827862,FAURE IMMOBILIER,"10 RUE LOUIS XI, 26700, Pierrelatte",http://www.faureimmobilier.com/
798045761,FAURE IMMOBILIER,"29, PLACE SEBASTIEN BOYRIVENT, 38460, Trept",http://www.faureimmobilier.fr/
524379492,FAUREIMMO.FR,"2 PLACE . Jean Marie Dauzier, 19100, Brive-la-Gaillarde",http://www.faureimmo.fr/
839653250,FAUVIN Morgane - HA IMMO Mandataire immobilier EI,"----------, 26300, Bourg-de-Péage",http://www.ha.immo/
910340959,Favrou Immobilier,"18 rue jean jaures, 33500, Libourne",http://www.favrou-immobilier.fr/
814120820,FAYET IMMO,"71montée des Tupinières, 38200, Vienne",http://www.fayet-immobilier.fr/
533534616,FB IMMOBILIER,"4 rue du 4 Septembre, 79100, Thouars",http://www.fb-immobilier.fr/
353229040,FB IMMOBILIER CONSEIL,"AVENUE ST VEREDEME, 13430, EYGUYERES",https://www.fb-immo.com/
881021174,FC IMMO,"418 AVENUE DE BRUAY, 62400, Béthune",http://www.fcimmo62.com/
922239678,FC IMMO,,https://fcimmo.lu/fr/accueil
838339596,FC Sanary Agence,"6 PLACE ALBERT CAVET, 83110, Sanary-sur-Mer",http://www.fcagencesanary.com/
843875865,FCG Immobilier,"954, route du château, 06340, Drap",https://fcgimmo.fr/fr/
448860197,FCH IMMOBILIER,"1 AVENUE FERNAND AUBERGER, 03700, Bellerive-sur-Allier",http://www.fch-immobilier.com/
499493856,FCI Immobilier,"8 place de la Victoire, 24490, La Roche-Chalais",http://www.agence-immobiliere-dordogne.com/
812986081,FCPI Ponts-Jumeaux,"102 Bd de l'Embouchure, 31200, Toulouse",https://www.fcpi-immobilier.fr/agence-fcpi-ponts-jumeaux/
902436120,FCT IMMOBILIER,"22 RUE FAHAM, 97438, Sainte-Marie",https://www.fct-immobilier.fr/
852732692,Fdimmo 24,"23 PLACE DU 14 JUILLET, 24150, Lalinde",http://www.fdimmo24.com/
843797457,Fedelia,"28 ALLEE DU SPI, 56610, Arradon",https://www.fedelia-immobilier.com/
948440052,FEEL IMMOBILIER,"86 RUE AUX ARENES, 57000, METZ",http://www.feel-immobilier.com/
883099004,Feelhoome Agence Immobilière,"rue de trosy, 92140, Clamart",http://www.feelhoome.fr/
808646269,FENNINGER IMMOBILIER,"32 rue du Maréchal Foch, 67500, Haguenau",http://www.fenninger-immobilier.fr/
793062928,FERCHAU IMMOBILIER,"29 RUE DE LA PAIX, 44390, Nort-Sur-Erdre",http://ferchau-immobilier.fr/
903884740,FERRANDI IMMOBILIER,"3 chemin du font de bardeou, 83170, Brignoles",http://www.ferrandi-immobilier.fr/
879294551,FEURS IMMOBILIER,"17 RUE DE VERDUN, 42110, FEURS",http://www.feurs-immobilier.com/
389968777,FEYZIN IMMOBILIER,"3 rue de la begude, 69320, Feyzin",http://www.feyzinimmobilier.fr/
979894953,FG IMMOBILIER,"74 Avenue Crampel, 31400, Toulouse",https://www.fg-immobilier.com/
817581218,FH Habitat,"45 Route de Givors, 69360, Ternay",https://fh-groupe-habitat.fr/
847751237,FIABLIMO | agence immobilière,"55 Rue Arthur Lamendin, 59450, Sin-le-Noble",https://agence-fiablimo.fr/
813691516,FICHIER CENTRAL IMMOBILIER,"2 AVENUE BOYER, 06500, MENTON",https://www.fci-france.com/
337595888,FIDEF IMMOBILIER,"22, rue Lacharrière, 75011, PARIS 11",http://www.fidef-immobilier.com/
841880982,Fidelis Côte d'Opale,"Domaine de l'Hermitage 7, avenue Arsène Bical, 62520, Le Touquet-Paris-Plage",http://www.fidelis-cote-opale.com/
314246737,FIDES HERMES IMMOBILIER,"27 rue Gambetta, 42000, Saint-Étienne",http://www.fides-hermes.com/
514985951,FIDES HERMES ROANNE,"6 PLACE DES PROMENADES, 42300, Roanne",http://www.fideshermes-roanne.fr/
352256457,FIDIMMO,"24 rue du Général de Gaulle, 94430, Chennevières-sur-Marne",https://agence-fidimmo.fr/
980568802,Fidès Immobilier,"302 Rue Paradis, 13008, Marseille",https://fides-immo.fr/fr/
820894640,FIGEAC IMMOBILIER,"2 rue séguier, 46100, Figeac",https://www.figeacimmobilier.com/
819814856,Fiivers Immobilier,"1 Rue Bougainville, 77550, Limoges-Fourches",https://maison7esens.fr/
801683962,FIJ IMMOBILIER,"39 BIS RUE GASTON PHOEBUS, 31300, Toulouse",http://www.fij-immobilier.fr/
990689119,Filigrane immobilier,"11 RUE DU LAVOIR, 67270, Saessolsheim",https://www.filigrane.immo/
478532088,FILUMENA OFFICE IMMOBILIER,"112 GRANDE RUE, 44240, Sucé-sur-Erdre",http://www.filumena.fr/
404312027,FILY PROMOTION,"BP 30097 28 Rue Marcelin Berthelot, 56000, Vannes",https://www.filypromotion.com/
989624754,FILYA-IMMOBILIER,"CENTRE COMMERCIAL CITY MARKET B24 ROUTE DE BADUEL, 97300, Cayenne",http://www.filya-immobilier.com/
349993444,FIM AUMALE,"1 RUE DE NORMANDIE, 76390, Aumale",http://www.fim-immobilier.com/
882723026,Fimeo,,https://www.fimeo.fr/
501805196,Financière Gutenberg,"129 Route de Strasbourg, 67600, Sélestat",https://www.atelierslattitude.fr/
841451578,FINDHOUSE CONSULTING,"18 Bd des Martyrs de Meilhan, 31230, L'Isle-en-Dodon",https://www.findhouse-consulting.com/
833577729,FINESTONE,"52 AVENUE DU PORT, 83270, Saint-Cyr-sur-Mer",https://finestone-immobilier.fr/
393962329,FINN-EST Maisons bois,"6 Rue des Dolines, 25500, Le Belieu",http://www.finn-est.com/
331367359,FIP Gestion Immobilière,"4 rue Beyle Stendhal, 38000, Grenoble",https://www.fip-gestion.fr/
507452415,FIRST CITY CONSEILS,"65 Rue saint dominique, 75007, Paris",https://firstcityconseils.fr/
400673612,FISCHER IMMOBILIER,"189 GRAND RUE, 67503, Haguenau Cedex",http://www.fischerimmo.fr/
510166093,FISCHER IMMOBILIER,"76 Rue Bourbon, 08000, CHARLEVILLE-MEZIERES",http://www.fischer-immobilier.fr/
384327268,FIT IMMOBILIER,"9 boulevard Lazare Carnot, 31000, Toulouse",http://www.fitgestion.com/
927914432,FITOU IMMO,,https://www.fitou-immo.com/
831139464,FITZ JAMES IMMOBILIER,"14 Place de la République, 60600, Fitz-James",http://fitzjamesimmo.fr/
533839858,FIXIM Agence immobilière,"32 BIS RUE SAINT VINCENT, 44330, Le Pallet",http://www.fixim.fr/
805003506,FL IMMO-Agence Lionel FORNI,"3 PLACE DE LA REPUBLIQUE, 90000, Belfort",http://www.prevot-immobilier.com/
502755556,FL RESIDENCES,"2 RUE ADRIEN ZELLER, 68260, KINGERSHEIM",http://www.fl-residences.com/
790674550,FLAGSHIP,"13 RUE LEON COGNIET, 75017, PARIS 17",http://www.flagship.fr/
339339541,FLASH IMMOBILIER,"15 rue fondaudège, 33000, Bordeaux",http://flashimmobilier.fr/
800111387,Flash Transactions Immobilières F.T.I,"4 RUE PAUL RIQUET, 31000, Toulouse",https://www.fti-immobilier-transaction-gestion.fr/
913255576,FLAT and HOUSE HUMAIMBILIER,"40 bd r. Schuman, 44300, Nantes",https://www.flatandhouse-agence.immo/
891579526,FLATLINK,"26 AV DU GENERAL CHARLES DE GAULLE, 92150, Suresnes",https://flatlink.fr/
803760727,FlatnYou,"48 RUE RENE CLAIR, 75001, Paris",http://www.flatnyou.com/
884606310,FLAVIANO IMMO,"------------, 04400, BARCELONNETTE",https://www.flaviano-immo.com/
529543530,FLEUROT IMMOBILIER,"2 RUE MARECHAL FOCH, 13600, La Ciotat",http://www.fleurotimmobilier.com/
793863762,FLEURY Vallée de l'Andelle Groupe STRATEGiMMO,"11 Rue du Général de Gaulle, 27380, Fleury-sur-Andelle",http://www.strategimmo.fr/
499709913,FLEXIMMO,"52 rue de Mulhouse, 68400, Riedisheim",http://www.fleximmo.net/
902673276,FLEXIMO by OLAGNON IMMOBILIER,"6 Rue Denis Papin, 07130, Saint-Péray",https://fleximo.fr/
434137576,FLEYS IMMOBILIER,"PLACE DES HALLES, 82170, Grisolles",http://www.fleys.com/
538563693,FLIMMO ACHERES,"46 AVENUE STALINGRAD, 78260, ACHERES",http://www.flimmo-acheres.fr/
382800126,FLINT IMMOBILIER,"ROUTE DEPARTEMENTALE 316, 95270, Chaumontel",https://www.flint-immobilier.com/a/groupe-flint-immobilier.html
821167913,FLOR'IMM,"centre d'affaires, 62520, Le Touquet-Paris-Plage",https://www.florimm.com/
977800317,FLY LIBERTY IMMOBILIER ET COURTAGE,"6 Rue du Général Leclerc, 42000, Saint-Étienne",http://www.flyliberty.fr/
489801399,FM Conseil,"19 Route Nationale, 41260, La Chaussée Saint Victor",http://www.fmconseil.fr/
812738375,FM IMMOBILIER ET PATRIMOINE,"5 rue Dupré, 13011, MARSEILLE",http://www.fmimmo13.fr/
852932193,FNT Immo,"6 Rue Maurice Hurel, 31500, Toulouse",http://www.fnt-immo.com/
323683763,FOCH IMMOBILIER,"57 BOULEVARD GENERAL LECLERC, 33120, Arcachon",http://www.foch-immobilier.fr/
999707268,Foex Immobilier,"725 Boulevard Robert Barrier, 73100, Aix-les-Bains",https://foex-immobilier.com/
819156035,FONCEA,"16, Rue de Malzéville, 54130, Dommartemont",https://www.foncea.fr/
530983782,FONCIER 56,"1 Allée Jules Verne, 56610, Arradon",https://www.foncier56.fr/
484691290,FONCIER AMENAGEMENT,"FONCIER AMENAGEMENT - 3, rue René Hatet, 72000, Le Mans",http://www.foncier-amenagement.fr/
243500139,Foncier Solidaire Rennes Métropole,"1 rue Geneviève de Gaulle-Anthonioz, 35000, RENNES",https://www.demandelogement35.fr/imhowebGP35/pages/35/la-location-active-a-rennes-2.html?
789002102,FONCIERE BERGE,"256 RUE DE THOR, 34000, Montpellier",http://www.fonciere-berge.com/
410597363,FONCIERE CHARENTAISE,"2 RUE LOUIS PERGAUD, 16000, Angoulême",http://www.foncierecharentaise.com/
494068356,FONCIERE DE L OCEAN INDIEN,"81 RUE MARIUS & ARY LEBLOND, 97430, Le Tampon",https://www.foi974.re/
403459167,FONCIERE DE LA VALLEE DE CHEVREUSE,"20 rue Chesneau, 78470, ST REMY LES CHEVREUSE",http://www.foncierevalleedechevreuse.fr/
803082411,FONCIM,"34 grande rue, 14123, Fleury-sur-Orne",https://foncim.fr/
408202034,Foncière Hugues Aurèle,"22 rue d'Issenheim, 68190, RAEDERSHEIM",https://www.fha-terrain.fr/
481145449,FONT IMMOBILIER SAINT CHAMOND,"7 RUE VICTOR HUGO, 42400, Saint-Chamond",http://www.font-immobilier.com/
443744917,FONTAINE IMMOBILIER,"52 RUE DE LA LIBERTE, 38600, Fontaine",http://www.fontaine-immobilier.fr/
524220738,FONTAINE IMMOBILIER,"5 Rue du Général de Gaulle, 33310, Lormont",http://www.fontaineimmo33.com/
677220162,FONTAN IMMOBILIER,"21 BOULEVARD ANATOLE FRANCE, 19100, Brive-La-Gaillarde",http://www.fontan-immobilier.com/
948911631,Fontarosa Immobilier,"229 Rue Roland Garros, 83600, Fréjus",https://fontarosa-immobilier.fr/fr/
992989939,FONTETTE IMMOBILIER,"50 rue ecuyere, 14000, Caen",https://www.fontette-immobilier.fr/
887996353,FOODIMMO,"11 rue de Caumartin, 75009, Paris",https://www.foodimmo.fr/
904042223,FOREST HILL,"-----------, 33260, LA TESTE DE BUCH",http://www.agence-foresthill.fr/
531685261,Forfait Agency,"9 rue de l'Abreuvoir, 92400, Courbevoie",https://forfaitagency.com/
948333869,FORMA,"69 avenue du docteur Arnold Netter, 75012, Paris",https://www.instagram.com/_agence_forma/
754049682,Forom Immobilier,"105 route d'Albi, 31200, Toulouse",http://www.forom.immo/
444729800,FOROT IMMOBILIER,"14 AVENUE BOISSY D ANGLAS, 07270, Lamastre",http://www.forot-immobilier.com/
934113309,FORTICE Immobilier,"., 62300, Lens",http://www.fortice.fr/
844506642,Fortis Immo Paris,"3 Passage du Grand Cerf, 75002, Paris",https://www.fortisimmo.fr/
508554425,FORYOU,,http://www.for-you.fr/
539436659,FOULIMMO 47,"ZAC LE ROUGE - Centre commercial Intermarché, 47510, FOULAYRONNES",http://www.foul-immo47.com/
533895199,FR IMMOBILIER,"3206 ROUTE DE FAVERGES, 69610, Montromant",https://fr-immo.fr/
483078671,France Agence Immobilier,"16 QUAI SADI CARNOT, 66000, PERPIGNAN",http://www.france-agence.com/
378943609,FRANCE DEMEURE FRANCONVILLE,"31 BLD MAURICE BERTEAUX, 95130, Franconville",http://www.francedemeure.com/
347509739,france Europe Immobilier,"42, rue Join Lambert, 76230, Bois-Guillaume",https://www.fei-sas.com/
424255727,FRANCE IMMO,"4 Avenue Pierre Brossolette, 10000, TROYES",https://franceimmo3.fr/
941307142,France Locaux,"23 Rue de Stalingrad, 93000, Bobigny",http://www.francelocaux.fr/
673720744,FRANCE LOIRE,"16-22 place de Juranville, 18000, BOURGES",http://www.franceloire.fr/
831405147,FRANCE ROOM,"165 Boulevard Boisson, 13004, Marseille",https://www.france-room.fr/
497809772,France SD,"42 Av. Marius Cottier, 38700, Corenc",https://www.francesdimmobilier.fr/
912650959,FRANCES IMMOBILIER,"1 RUE DES LILAS, 47140, Saint-Sylvestre-Sur-Lot",http://www.frances-immobilier.fr/
911398204,Franck Rescanieres,"-------------, 84200, CARPENTRAS",https://www.iadfrance.fr/conseiller-immobilier/franck.rescanieres
484866611,FRANKLIN IMMOBILIER,"114 AVENUE FRANKLIN ROOSEVELT, 77290, Mitry-Mory",http://www.franklin-immobilier.fr/
801558735,Française de Gestion,"30, rue des Binelles, 92310, Sèvres",https://www.francaisedegestion.fr/
838428613,François Mathieu Immobilier,,https://www.francoismathieuimmobilier.fr/
943685024,FRATEL IMMO,"7 ALLEE GERMAINE RICHIER, 34170, CASTELNAU LE LEZ",https://www.fratel-immo.com/
800179491,FRAVALO IMMOBILIER,"1 route de la Salette, 56610, ARRADON",http://www.fravalo.com/
882080054,FREDELION,"80 rue d'Aboukir, 75002, Paris",http://www.fredelion.com/
952843357,FREEDOM IMMOBILIER,"2940 Rte de Narbonne, 34500, Béziers",https://www.freedom-immobilier.com/
917828469,FRENCH ESTATE - Agence Immobilière,"229 Rue Saint-Honoré, 75001, Paris",http://french-estate.fr/
433736881,French real Estate,"13 rue du Luxembourg, 59100, Roubaix",http://www.frenchreal.fr/
488585654,FRERE IMMOBILIER,"88 RUE CHARLES DE GAULLE, 88200, Remiremont",http://www.frere-immo.com/
810013367,FRIEDRICH IMMOBILIER,"19 rue des Ducs de Bar, 55000, BAR-LE-DUC",http://www.friedrich-immobilier.com/
813296555,Fritsch immobilier,"127 rue Ernest Renan, 69400, Villefranche-sur-Saône",https://fritschimmobilier.fr/
515090421,FRONTIGNAN IMMO,"15 PLACE JEAN JAURES, 34110, Frontignan",http://www.immo-frontignan.fr/
983917329,FRÉDÉRIC BIANCO IMMOBILIER BELLEGARDE,"Avenue des Lacs, 30127, Bellegarde",https://fredericbianco-immobilier.fr/
508801131,Frédérique Barjhoux Immobilier,"30 Avenue de la Libération, 69290, Saint-Genis-les-Ollières",http://www.fbjx.fr/
990900888,FURLAN IMMOBILIER,"129 avenue de Genève, 74000, Annecy",http://www.furlanimmobilier.com/
494226053,FUSINI Immobilier,"CENTRE COMMERCIAL LE BALI LOTISSEMENT LES ROSEMARINES, 06510, Carros",http://www.fusini-immobilier.com/
791961758,FVP IMMOBILIER,"131 Place Eugène Delapierre, 76740, Fontaine-le-Dun",http://www.fvpimmobilier.com/
933796617,FYM immobilier,"1 Place Faidherbe, 59830, Cysoing",http://www.fymimmobilier.fr/
922721543,Fédéral Immobilier,"24 RUE SAINTE HELENE, 67300, SCHILTIGHEIM",https://www.federalimmobilier.fr/
922528476,Félix Immobilier,"50 rue Saint Sébastien, 59800, Lille",https://feliximmobilier.fr/
829538164,G ET R IMMOBILIER,"12 AVENUE DE LA LIBERATION, 13720, La Bouilladisse",http://www.grimmobilier.fr/
797598125,G IMMOBILIER,"1 RUE DU MARECHAL DE LATTRE DE TASSIGNY, 54360, Damelevières",http://www.gimmobilier-lorraine.com/
343270930,G R B IMMOBILIER TRANSACTION,"4 ROUTE DE CAPENS, 31190, AUTERIVE",http://www.grbimmobilier.fr/
900931510,G-L IMMOBILIER,"17 RUE DU COMMERCE, 14190, Grainville-Langannerie",https://www.g-limmobilier.fr/
890453277,Gabicy Immobilier,"38 Route de la Tournette, 74290, Veyrier-du-Lac",http://www.gabicy.com/
898796370,GABRIEL ART IMMOBILIER,"10 Rue Gambetta, 32000, Auch",http://www.gabrielartimmobilier.com/
978318087,GABRIELE IMMOBILIER,"48 Avenue Vincent Picareau RESIDENCE L'IMPERIA BAT C, 83140, SIX FOURS LES PLAGES",http://www.gabriele-immobilier.fr/
381427996,GAILLARD IMMOBILIER,"23 route de la baraque, 63870, Orcines",http://www.gaillard-immobilier.com/
910117738,GALA IMMOBILIER,"5 rue Guiraut Riquier, 11100, Narbonne",https://gala-immobilier.fr/
984511279,Galaxiim,"14 Allée des Aigrettes, 35760, Saint-Grégoire",http://www.galaxiim.com/
838553261,GALEA IMMOBILIER,"3 Avenue de Louvignies, 59570, Bavay",https://www.galeaimmobilier.fr/accueil-gal%C3%89a-immobilier-agence-immobiliere-bavay
838791507,GALLICE IMMOBILIER,"place des grands hommes, 33000, Bordeaux",http://www.galliceimmobilier.com/
835267923,GALLO IMMOBILIER,"5 Rue Jules Valles, 38090, Villefontaine",https://gallo-immobilier.fr/
923136626,GALLYS IMMOBILIER,"Rue des Myotis, 57970, Yutz",http://www.gallys-immo.fr/
351155668,GALYO,"4 Rue de la Charité, 69002, Lyon",https://www.galyo.fr/
493704613,Galé Immobilier,"45 avenue du Petit Chambord, 92340, Bourg-la-Reine",http://www.galeimmobilier.com/
339854366,GAMBETTA IMMOBILIER,"4 BD GAMBETTA, 06110, Le Cannet",https://www.gambetta-immobilier.com/fr/
423277789,GAMBETTA IMMOBILIER,"27 rue Gimelli, 83000, Toulon",https://gambetta-immobilier-83.fr/
880869581,GARNIER PATRIMOINE,"50 AVENUE DE DAX, 40150, Soorts-Hossegor",https://garnierpatrimoine.fr/nos-bons-plans/
883642894,GARONNE ET PATRIMOINE,"36 Q RUE DU BOUSQUET, 31650, Saint-Orens-de-Gameville",https://garonneetpatrimoine.fr/
449887728,GARONNE IMMO,"18 RUE MARECHAL JOFFRE, 47400, Tonneins",http://www.garonne-immo.com/
830221982,GASCON IMMOBILIER depuis 1989,"215 BD PAUL VALERY, 34000, Montpellier",https://www.gascon-immobilier.com/
833666340,Gasser Immobilier,"Centre commercial E.Leclerc, 67440, Marmoutier",http://www.stephaneplazaimmobilier.com/agence/161604___/stephane-plaza-immobilier-saverne.html
951723840,GATINAIS IMMOBILIER agence de MILLY LA FORÊT,"11, Grande rue, 91490, Milly-la-Forêt",https://gatinais-immobilier.com/
500801584,GATTY IMMOBILIER CONSEILS,"5 PLACE DE L ETOILE, 33510, Andernos-Les-Bains",http://www.giconseils.com/
922211420,GAUZE IMMOBILIER,"2 rue du colonnel betboy, 64530, Pontacq",http://gauzeimmobilier.com/
671880417,GB Immobilier,"26 Av. Pierre Bérégovoy, 58000 Nevers, 58000, Nevers",http://www.gbimmobilier.net/
838705374,GB Immobilier,"PARC EUREKA 256 RUE DE THOR, 34000, Montpellier",https://www.gb-immobilier.com/
751748674,GC Immobilier — Agence immobilière,"180 Av. de Béziers, 34370, Maraussan",http://www.gc34immobilier.com/
814064515,GC-IMMO FRANCO SUIISSE,"2 RUE LAFAYETTE, 39000, Lons-le-Saunier",https://www.gc-immofrancosuisse.com/
788930717,GCI Gestion Conseil Immobilier,"17 rue de hoenheim, 67207, Niederhausbergen",https://www.gci-gestion-conseil-immo.com/
841177827,GECOVAR,"17 RUE DANIEL MELCHIOR, 83000, Toulon",https://gecovar.fr/
984774604,GELAS IMMOBILIER,"19 Avenue de Lorraine, 32190, Vic-Fezensac",http://www.gelas-immobilier.com/
898490842,GEMILLI,"51 Rue Jacques Mugnier, 68200, Mulhouse",https://gemilli.fr/
948991005,GEMME IMMOBILIER,"75 LES PORTES DOMITIENNES, 34740, Vendargues",https://gemme.immo/
792644460,Genco corsica immobilier,"rue des rosiers lotissement magnificu, 20290, Borgo",https://genco-immobilier.com/
819355702,GENERALVALOR,"13 BOULEVARD DE LA REPUBLIQUE, 69410, Champagne-Au-Mont-D'Or",https://www.generalvalor.com/
900302928,GENERATION IMMO Pays d'Arles,"15 RUE DE LA REPUBLIQUE, 13200, Arles",https://www.alpilles-arles-immo.com/fr/
531473825,GENEVIEVE KANOUTE,"29 Quai Jean-Baptiste Simon, 69270, Fontaines-sur-Saône",https://www.harmonyimmo.fr/207/KANOUTE/mandataire/1
977561570,GENNARO ET ASSOCIES,,https://gennaro-associes.com/
911569853,GEOFFREY PENZA I IMMOBILIER,"27 rue de Villevert, 60300, Senlis",https://www.geoffreypenzaimmobilier.fr/
849643853,GERBAUD P.N IMMOBILIER,"17 rue des Terrasses/ 26 allée Edmond Rostand, 64250, Cambo-les-Bains",https://www.gerbaud-immobilier.com/
397972514,Gere Immo,"19 place du Trichon, 59100, Roubaix",https://www.gereimmo.com/
914840400,GERIMALP,"11 avenue d’Albigny, 74000, Annecy",https://www.gerimalp.fr/
948515010,GERIMM,"27 Boulevard des Alpes, 38240, Meylan",http://www.gerimm.fr/
310530308,GERMAIN IMMOBILIER,"21 QUAI ROUGET DE L ISLE, 84800, ISLES-SUR-LA-SORGUES",http://www.germain-immobilier.com/
990202384,GERONS-IMMO,"23 Rue des Olivettes, 44000, Nantes",https://www.gerons-immo.fr/
792995490,GERS IMMOBILIER,"14 Place Villaret Joyeuse, 32000, Auch",https://www.gers-immobilier.fr/
477679286,Gerzat Immobilier,"9 Pl. Dr Pommerol, 63360, GERZAT",http://www.gerzat-immobilier.fr/
792851867,GESBERT IMMOBILIER,"51 Bd Jean Moulin, 83780, Flayosc",https://www.gesbert-immobilier.com/
913919320,Gesloc,"10 b All. de Lanvaux, 35700, Rennes",https://www.ges-loc.fr/
810100149,GESPAC,"95 RUE BORDE -, 13008, Marseille",https://www.gespac-immobilier.com/
850409269,GEST AND LOC,,https://bee-immobilier.fr/
405197997,Gest'Imm Agence Gambetta,"39 RUE LOUIS SCOCARD, 91400, Orsay",http://www.agencegambetta.fr/
990877417,GEST'IMMO,"30 RUE JOSEPH BONNET BUREAU 2, 33100, Bordeaux",https://www.gestimmo-france.fr/
882638547,GESTIA SOLIDAIRE,"9 place Raspail, 69007, Lyon 7e Arrondissement",https://gestia-solidaire.com/
421457458,GESTIL,"2 rue Séré Depoin, 95300, Pontoise",http://www.gestil.com/
942259623,GESTILOC,"5 place Anatole France, 42000, Saint-Etienne",https://www.google.com/url?sa=t&source=web&rct=j&opi=89978449&url=https://www.gesti-loc.fr/&ved=2ahUKEwj38pSu6euPAxWlR6QEHUG2IOwQFnoECBQQAQ&usg=AOvVaw3jqZM5azPuxQ0ywDOROuvW
527665897,GESTIMM,"91 RUE DE LA STATION, 95130, FRANCONVILLE LA GARENNE",http://www.gestimm-immobilier.fr/
807710132,GESTIMMLOC,"567 bd Frédéric Mistral Résidence le Mistral, 83510, Lorgues",https://www.syndic-de-copropriete-draguignan.fr/
847816519,GESTIMMO,"2955 route de Baduel, 97300, Cayenne",https://www.gestimmo.biz/
504552084,GESTIMMO 94,"36 rue Pierre Dulac, 94120, Fontenay-sous-Bois",https://www.gestimmo94.com/
989983713,GESTIMMOPRIME,"108 avenue eugene varlin, 77270, Villeparisis",http://www.gestimmoprime.com/
522741529,GESTIOM IMMOBILIER,"3 RUE DU MOULIN, 66680, Canohès",http://www.gestiom.com/
791877632,GESTION CASA IMMOBIILIERE,"GALERIE DU PONT NEUF 49 RUE GIOFFREDO 06000 NICE, 06000, NICE",http://gestion-casa-immo.com/
990262503,GESTION IMMOBILIERE RHONE SAONE,"596 BOULEVARD ALBERT CAMUS, 69400, VILLEFRANCHE-SUR-SAONE",https://villefranche.pietrapolis.fr/
513033712,GESTION IMMOBILIERE S. MARCOUX,"3 et 5 Rue Des Arches, 42600, Montbrison",http://www.regie-marcoux.fr/
341715472,GESTION IMMOBILIERE VARAGNAT,"28 rue Tupinerie, 42600, Montbrison",http://www.varagnat.fr/
492007000,Gestion Immobilière Sud Azur,"268 Route Nationale 97, 83210, Solliès-Ville",https://www.sudazur.net/
421109042,GESTION LOC ACTIVE,"22 cours pierre puget, 13006, Marseille",https://www.gestionlocactive.com/
398386524,GESTION LOUBATIERES ET CASTELA,"12 rue Porte d'Amont, 09500, MIREPOIX",http://www.gestion-loubatieres-castela.fr/
518713854,GESTISSIMMO,"3 Avenue Henri Rochier, 26110, Nyons",http://www.gestissimmo.com/
844341297,GESTY HOME,"99 avenue Achille Peretti, 92200, Neuilly-sur-Seine",https://www.gesty.fr/
501020663,gfp gestion immobilière,"21 rue de la République BP 30105, 31800, ST GAUDENS",http://www.gfp-immo.fr/
752772426,GGL Montpellier,"111, Place Pierre Duhem - BP 84, 34935, Montpellier - Cedex 9",https://www.ggl-amenagement.com/
835018185,GH IMMO,"22 Cours Voltaire, 13400, Aubagne",https://www.greenhomeimmobilier.fr/
951371095,GHITTI IMMOBILIER,"20 AV DU DRAPEAU, 21000, DIJON",https://www.ghitti-sas.com/
995077310,GHOST CAPITAL,"11 rue hingres, 59100, Roubaix",http://www.ghostcapital.fr/
912071974,GHROOM Immobilier - Agence immobilière Chartres,"34 Rue des Petites Filles Dieu, 28000, Chartres",https://www.ghroom.fr/
793702358,GHT IMMO,"78 Rue de Reims, 94700, Maisons-Alfort",https://www.ghtimmo.fr/
510752454,GHT immobilier Besançon,"130 rue de Dole, 25000, BESANCON",https://www.ghtimmo.com/
852784420,GIANELLA IMMOBILIER,"2C rue de la Dame Noire, 42330, Saint-Galmier",http://www.gianella-immobilier.fr/
308820083,GIBERT IMMOBILIER,"17 AVENUE GEORGES CLEMENCEAU, 43000, Le Puy-En-Velay",http://www.gibert-immobilier.fr/
790200901,Giboire Immobilier Vannes,"8 Rue Thiers, 56000, Vannes",https://www.giboire.com/recherche-achat/
311551337,GICR,"4 avenue du Carignan, ZA du Cap Dourats, 66190, Collioure",https://www.sa-gicr.fr/
320564859,Gimcovermeille,"19 AVENUE DU CEP, 78300, Poissy",https://www.gimcovermeille.com/content/15/agence-gimcovermeille-poissy.html
879828325,GIMS Immobilier,"2 PLACE DU COMMANDANT BOIDOT, 58500, Clamecy",http://www.gims-immobilier.fr/
531572451,GINA IMMOBILIER,"4 RUE DES VIOLLIERES, 69630, Chaponost",https://www.gina-immobilier.fr/
504902859,GIORDANO IMMOBILIER,"1 ROUTE DE TARBES, 31170, TOURNEFEUILLE",http://www.giordano-immo.com/
698502200,GIPA,"5 rue Icare, 67960, Entzheim",http://www.gipa-immobilier.fr/
802446252,GIPSE,"9 rue des Vignes, 88700, ROMONT",https://www.gipse.net/
808337117,Girardi Immobilier,"25 Quai Vauban,, 90000, Belfort",http://www.girardi-immobilier.com/
903509677,GIRAULT-POINTET IMMOBILIER,"30 Rue Carnot, 90300, Valdoie",http://www.giraultimmobilier.com/
413583964,GIT IMMO,"3 RUE DRAGON, 13006, Marseille",http://www.gitimmo.fr/
901557504,Givern immobilier,"24 Rue de la Chaumière, 56240, Plouay",https://www.givernimmobilier.com/
403937170,GIX IMMOBILIER,"9 AV MAL RANDON, 38000, Grenoble",https://www.gix-immobilier.fr/
947952206,GL IMMO PLUS,"324 ROUTE DEPARTEMENTALE 925, 73200, MONTHION",http://www.glimmoplus.fr/
344230289,GL IMMOBILIER,"20 Rue Gambetta, 30800, Saint-Gilles",http://www.immobilier-saint-gilles.com/
918734591,GLCD Immobilier - Vente et Conciergerie,"RUE PRINCIPALE, 67870, BISCHOFFSHEIM",https://glcdimmobilier.fr/
513171231,GLIERES IMMOBILIER,"113 RUE ST FRANCOIS DE SALES, 74570, Thorens-Glières",https://www.glieresimmobilier.fr/
821270527,Global Immobilier,"-------, 99999, FRANCE",https://www.globalimmobilier.immo/
102719960,GLOBALIS IMMO,,http://www.agence-globalis.com/
790994198,Globe Immobilier – Agence Immobilière à Biarritz,"17 rue des Halles, 64200, Biarritz",https://agence-immobiliere-biarritz.com/
519759641,GM AMENAGEMENT,"13 RUE DE TICHEMONT, 57255, Sainte-Marie-aux-Chênes",https://www.gm-amenagement.com/
892045196,GM IMMOBILIER,"22 Place de l'Europe, 17700, Surgères",https://www.gmimmobilier.com/
917985517,GMC IMMOBILIER,"12 BOULEVARD DE LA LIBERTE, 34230, PAULHAN",https://www.gmc-immobilier.fr/
501341358,GNN FRANCE,"32 RUE PONCELET, 75017, PARIS 17",http://www.gnnfrance.com/
881197800,GO IMMO,"14 Allée des Primevères, 97490, Sainte-Clotilde",https://www.go-immo.fr/
899909147,Gold Cervus Immobilier,"23 rue de Gambetta, 22970, Ploumagoar",https://immobilier.gold-cervus.fr/
107141756,GOLD IMMOBILIER,"138 Avenue Victor Hugo, 75016, Paris",https://goldimmobilier.com/fr/
911109817,GOLDEN TRANSACTION,"35 Quai du Drac, 38600, Fontaine",https://www.golden-transaction.fr/fr
522233477,GOLF ET PATRIMOINE,"52 AVENUE GEORGES CLEMENCEAU, 34500, Béziers",http://www.golf-patrimoine.fr/
894390863,GOLF IMMO,"233 route de Cannes, 06130, Grasse",http://www.golf-immo.com/
909990863,Gonin Immobilier,"28 Rte du Port, 01150, Lagnieu",https://gonin-immobilier.com/
902307149,GONORD IMMOBILIER,"2 rue Gambetta, 79300, Bressuire",https://www.gonord-immobilier.fr/fr/ventes
951669027,GOODLINK IMMOBILIER,"40 rue du Cerf Volant, 77240, Cesson",https://www.goodlink-immo.fr/
351981444,GOUR IMMOBILIER,"14 rue César Campinchi, 20200, Bastia",https://www.gour-immobilier.com/programmes-neufs
479906901,GOURDON IMMOBILIER,"4 Place Joffre, 86170, Neuville-de-Poitou",http://www.gourdon-immobilier.fr/
804998185,GOUTEY IMMOBILIER,"5 Rue Beaulieu, 42300, Roanne",http://www.goutey-immobilier.fr/
950771402,GOUVERNEUR IMMOBILIER,"48 RUE MAGUELONE, 34250, Palavas-les-Flots",http://www.gouverneurimmobilier.com/
888021581,GOYARD ET ASSOCIES REAL ESTATE NICE,"2 Rue des Lilas, 06100, Nice",http://www.goyardrealestate-nice.com/
881715130,GP Immobilier Reims,"1 Rue des Templiers, 51100, Reims",https://www.gpimmoreims.com/
421374711,GR GROUPE,"11 chemin des petites brosses, 69300, Caluire-et-Cuire",http://www.grgroupe.com/
319861183,Graillat Immobilier,"50 avenue du Comte Vert, 73000, Chambéry",https://www.graillatimmobilier.com/
940973233,GRAMOZ Shala,"------------, 74380, CRANVES-SALES",https://www.yautimmo.fr/
809029176,GRAND CENTRAL IMMOBILIER,"rue Lançon, 69100, Villeurbanne",https://www.grandcentralimmobilier.com/
662620079,GRAND DELTA HABITAT,"3 Rue Martin Luther King, 84000, Avignon",https://mondelta.fr/
824926638,GRAND LYON IMMOBILIER,"25 rue vauban, 69006, Lyon",http://www.grand-lyon-immobilier.fr/
819559477,GRAND PARIS IMMO-TRANSACTIONS,"5 RUE HOCHE, 93500, Pantin",http://www.grandparisimmo.com/
320254386,GRAND SIECLE IMMOBILIER,"3 RUE DE L ECOLE DES POSTES, 78000, Versailles",http://www.grandsiecleimmo.com/
848783221,GRAND SITE IMMOBILIER,"21 RESIDENCE CHANTOVENT, 62164, Ambleteuse",http://grand-site-immobilier.fr/
410431266,Grand Sud Immobilier,"1 BOULEVARD GEORGE 5, 33000, Bordeaux",http://www.grand-sud-immobilier.com/
439893868,GRAND SUD IMMOBILIER,"10 rue vanini, 31400, Toulouse",http://www.grandsud.immo/
432089290,GRAND TOULOUSE IMMOBILIER,"48 AV DE COURREGE, 31400, Toulouse",http://www.grand-toulouse-immobilier.com/index.php
922721972,GRANDE RUE IMMOBILIER,"5 Grande Rue, 53000, Laval",http://www.granderue-immobilier.com/
888236593,GRANIER DAVID & ASSOCIES IMMOBILIER,"66 Rue de la République, 47200, Marmande",https://www.adroit-immo.com/
528298250,GRAPHITE Immobilier by Marcy immo,"814 AVENUE JEAN COLLOMB, 69280, Marcy-L'Étoile",http://www.graphite-immobilier.com/
424899052,GRASSET IMMOBILIER,"89 RUE ANATOLE FRANCE, 01100, Oyonnax",http://www.grasset-immobilier.com/
934124579,GRASTEAU IMMOBILIER,"59 Avenue nationale, 72650, La Bazoge",https://www.grasteau-immobilier.fr/
592039705,GRATADE,"80 Rue Anatole France, 92300, Levallois-Perret",https://www.gratade.com/
822940789,GRAVELIN IMMO,"30 RUE BANNELIER 21000 DIJON, 21000, Dijon",http://gravelin-immo.com/
520826355,GRAVELINES IMMOBILIER,"10 RUE LEON BLUM, 59820, GRAVELINES",http://www.gravelines-immobilier.fr/
952198596,GRAVITY IMMOBILIER,"6 AVENUE DE LA PLAINE, 74970, Marignier",https://www.gravityimmo.fr/
531099265,Greem by migneaux immobilier,"1 rue de l'Arbalète, 51100, Reims",https://greem.immo/
918176504,GREEN CITY RESIDENCES,"83 Rue de Bercy, 75012 Paris, France",https://www.greencityimmobilier.fr/
891481301,Green Key Immo,"1 Rue Mondésir, 44000, Nantes",https://greenkeyimmo.com/
499284065,GREENSTONE,"44 Avenue de la Forêt-Noire, 67000, Strasbourg",https://www.green-stone.fr/
927851162,GREGOIRE IMMOBILIER,"Villa Domitia 10 Rue Paul Cézanne, 84120, Pertuis",https://www.gregoire-immo.fr/
523780203,Gregoire Immobilier / Agence de Montigny,"34 AVENUE DE LA GARE, 77690, Montigny sur Loing",http://www.agencedemontigny.fr/
924947377,GREGORI METGE IMMOBILIER,"151 Rue jacques bounin , Espace entreprise La piscine, 34070, Montpellier",https://www.gregorimetgeimmobilier.com/
532928348,GRIET IMMO,"35 CHEMIN DE LA CHAPELLE, 38114, ALLEMOND",http://www.grietimmo.com/
494340110,GRIFFE Christophe,"1120, route de Gémenos, 13400, AUBAGNE",https://agentimmoprovence.com/
815246780,GRIFFON CHOLOUX IMMOBILIER,"37 RUE DES MAUGES, 49600, Beaupréau",http://www.griffon-choloux-immobilier.com/
798160412,GROUPE 123 IMMO MIGENNES,"59 AVENUE JEAN JAURES, 89400, Migennes",http://www.groupe123immo.com/
386220032,GROUPE ADIS,"26 ALLEE DE LA GUINGUETTE CS50063, 07200, Aubenas",https://www.gie-adis.fr/
500419254,GROUPE BABYLONE IMMOBILIER,"42 avenue de villiers, 75017, Paris",https://www.groupebabylone.fr/
790288146,Groupe BAMA,"56 Avenue Jean Jaurès, 30900, Nîmes",https://groupe-bama.fr/
890313372,Groupe Blaizot Gestion,"164 Rue du Faubourg Saint-Honoré, 75008, Paris",https://www.groupeblaizot.com/
793364670,GROUPE BLOT IMMOBILIER,"93 AVENUE HENRI FREVILLE, 35200, Rennes",http://www.blot-immobilier.fr/
422962258,GROUPE BSI OGIPA,"41 RUE BAYEN, 75017, Paris",https://www.bsi-ogipa.com/
795340819,Groupe Ceris,"91 RUE DU FAUBOURG SAINT-HONORE,, 75008, Paris",https://www.cerisimmobilier.fr/
993376029,GROUPE CGI,"145 Rue de la Première Ecluse, 34970, Montpellier",https://cgipromotion.com/
397486937,Groupe CIF,"3 rue Basse Porte, 44000, Nantes",http://www.groupecif.com/
498291905,GROUPE CONCEPT IMMOBILIER,"2 RUE DES CONSUL - MARINA DEL REY, 34970, Lattes",http://www.groupeconceptimmo.com/
447575705,GROUPE COUTANT FINANCES,"121 RUE ANDRE DESSAUX, 45400, Fleury-Les-Aubrais",http://www.groupe-coutant-finances.com/
947982666,GROUPE DALBADE IMMOBILIER,"6 RUE DES COUTELIERS, 31000, Toulouse",http://www.groupe-dalbade-immobilier.fr/
904399581,Groupe Demain Immobilier,"------, 49220, Le Lion-d'Angers",http://www.groupedemainimmobilier.com/
531728889,Groupe Edouard Denis,"2 Rue Ferdinand, 35000 Rennes, France",https://edouarddenis-immobilier.com/
670801430,GROUPE FG,"22 RUE MAURICE FONVIEILLE, 31000, Toulouse",http://www.groupe-fg.fr/
791637358,GROUPE FH Immobilier,"41 LES PRADEAUX, 13850, Gréasque",http://www.fhimmobilier.fr/
834562035,GROUPE FONCIER DE FRANCE,"3 place octogonale, 77700, Chessy",https://www.groupe-foncier-de-france.fr/
353923733,Groupe Foncier Foch,"3 place Puvis de Chavannes, 69006, Lyon",http://groupefoncierfoch.com/
502811144,GROUPE GTI,"22 RUE JEAN JAURES, 42700, Firminy",http://www.gti-immobilier.fr/
911419117,Groupe H-Immo Agence Immobilière,"11 Boulevard Clémenceau, 38100, Grenoble",https://h-immo.fr/
812683357,GROUPE IMMO PARTNERS,"11 AVENUE DE BOUVINES, 75011, PARIS 11",http://www.groupepartners.com/
832685705,GROUPE IMMOGLISS,"PRA LOUP D ORPRA, 04400, Uvernet-Fours",https://immogliss.fr/
837837640,GROUPE KISS,"11 rue de la montagne, 68100, MULHOUSE",https://groupe-kiss.com/
801358763,GROUPE LANCELOT IMMOBILIER,"38 GRANDE RUE, 69110, Sainte-Foy-Lès-Lyon",http://www.lancelot-immo.com/
318248093,GROUPE LEVILLAIN,"67 AVENUE CONSTANT COQUELIN, 77860, Couilly-Pont-aux-Dames",http://www.immobilier77.com/index.php
909975641,GROUPE LIFE IMMOBILIER,"35 Rue de la Télématique, 42000, Saint-Etienne",http://www.groupelifeimmobilier.fr/
790830129,GROUPE LJ,"1 passage des Acacias, 75017, Paris",https://www.groupe-lj.fr/
984092601,GROUPE MANSUY IMMOBILIER,"3 Avenue du Colonel Driant, 55100, Verdun",http://www.mansuy-immobilier.fr/
707150157,GROUPE MAS PROVENCE AIX-GALICE,"22, route de Galice, 13090, AIX EN PROVENCE",http://www.masprovence.com/
819702911,GROUPE MIRCO IMMOBILIER,"23 CRS DU CHAPEAU ROUGE, 33000, Bordeaux",https://groupemirco.com/
900567884,Groupe O.S.H. & CO,"70 avenue du général de gaulle, 72000, Le Mans",http://www.groupe-osh.fr/
878349075,Groupe Ometim,"78 rue de la chapelle, 78630, Orgeval",http://ometim.com/
328694856,Groupe PATRINUM,"4 RUE FERDINAND DE LESSEPS, 66280, Saleilles",https://groupepatrinum.fr/
432296234,GROUPE PICHET,"63 Avenue du Général Leclerc, 72000, Le Mans",http://www.pichet-adb.fr/
943145383,GROUPE PLACID,"6 IMPASSE ROBERT NAPIAS, 40000, Mont-de-Marsan",https://www.transactions-placid.com/
404950487,GROUPE RAMBIER IMMOBILIER,"232 AVENUE DES MOULINS, 34000, Montpellier",http://www.immobilier-rambier.com/
850292731,Groupe RD IMMO,"2 rue des glières, 74000, Annecy",https://groupe-rdimmo.fr/
318291838,GROUPE ROSSETTO IMMOBILIER,"160 RUE JEAN NATTE, 83260, La Crau",http://www.bourseaurossetto-immobilier.fr/
428646061,GROUPE Sambre Avesnois Immobilier,"6 Rue de la Croix, 59600, Maubeuge",http://www.groupe-sai.fr/
889307245,GROUPE SERENITE IMMO,"17 Rue de Huningue, 68870, Bartenheim",https://www.serenite-immo.com/
522315076,Groupe SGE Bordeaux,"------------------------------------, 33370, Artigues-près-Bordeaux",http://www.groupesge.fr/
820413102,GROUPE SIGNATURE,"51 Avenue de Paris, 51000, Châlons-En-Champagne",http://www.groupesignature.immo/
439752270,GROUPE TERRES DU SUD,"3 Rue de la Bergerie, 34920, LE CRES",http://groupeterresdusud.com/
491763702,Groupe Thibon Immobilier,"77 AVENUE DES GLACIERS GALERIE DENTS BLANCHES, 74340, Samoëns",https://www.thibon-immobilier.com/achat-immobiliers-1228?d=les-gets
820572147,GROUPE TOLOSAN - CARAMAN,"54 CRS ALSACE LORRAINE, 31460, CARAMAN",http://www.groupe-tolosan-immobilier.com/
843242017,GROUPE TRENTA IMMOBILIER,"4 Boulevard Denfert Rochereau, 38500, Voiron",https://www.trenta-immobilier.fr/
690800024,Groupe Valophis NOTRE MAISON,"10 RUE DES ARTS, 31000, TOULOUSE",http://www.valophis-notremaison.fr/
949481873,Groupe VIVES IMMOBILIER LESPIGNAN,"14 PLACE DE LA BASCULE, 34710, LESPIGNAN",http://www.vivesimmobilier.fr/
934959396,GS IMMOBILIER,"1 PLACE DE LA REPUBLIQUE, 47700, Casteljaloux",https://www.gs-immo.fr/
488965914,GS Leclerc Immobilier,"25 rue des Fontaines, 94370, Sucy-en-Brie",https://www.gsleclercimmo.fr/
492092325,GT IMMO,"7 Rue des Serruriers, 67600, Sélestat",https://gtimmo.fr/
852825686,GT IMMOBILIER,"24 boulevard de la Marine, 66510, Saint-Hippolyte",https://sites.google.com/view/gt-immobilier?fbclid=IwZXh0bgNhZW0CMTAAYnJpZBExWEZuRXRRbTUyb0dGNkpHTHNydGMGYXBwX2lkEDIyMjAzOTE3ODgyMDA4OTIAAR4qF7Tp-JCCJiwbUokehnvqFf-Urh6mAJwr3a3K2AjeIItx4ffUCutLKFFzxg_aem_yyDWCJ4M1pgd0eEQZjbolg
494860802,GTC IMMO,"Zac de Campo Vallone Lot 5, 20620, Biguglia",https://gtcimmo.fr/fr/
100619535,GTEC IMMOBILIER,"2 rue Delambre, 80000, Amiens",https://gtec-immobilier.com/
419346226,GTL,"2 impasse Rudolf Diesel, 33700, Mérignac",http://www.gtl.fr/
488147364,GTSI,"7 boulevard du jardin zoologique, 13004, Marseille",http://www.gtsi.fr/
533987293,GUBERNATIS IMMOBILIER,"11 Bis RUE GUBERNATIS, 06000, Nice",http://www.gubernatis-immobilier.com/
411916737,GUCHENS IMMOBILIER,"1, impasse du Louradou, 31180, ROUFFIAC TOLOSAN",http://www.guchens.fr/
914976287,GUETALI IMMOBILIER,"44, avenue du Général de Gaulle, 97425, Les Avirons",https://www.guetali-immolier.com/
330336322,Guillerm Aménagement,"5 Rue du Gueven, 29420, Plouvorn",https://guillerm.fr/
537416968,GUILLERME IMMOBILIER Dardilly,"4 BIS RUELLE DES SOEURS, 69570, Dardilly",https://www.guillerme-immo.fr/
813686144,GUIMONT PROMOTION IMMO,"4 Rue de Pineau, 49300, Cholet",https://www.guimontpromotion.immo/
999894348,GUINOT IMMO,"7 Place Carnot, 76170, Lillebonne",http://www.guinot-immo.fr/
841262777,GUYLENE BERGE IMMOBILIER,"1 AVENUE DES ANCIENS COMBATTANTS, 30470, Aimargues",http://www.berge-immo-gard.com/
921197828,GUYON IMMOBILIER,"138 Avenue de Bourgogne, 01851, Marboz",https://www.guyonjanin-immo.fr/
398974121,GWENOLA JEHANNO IMMOBILIER ET PROMOTION,"10 Place Maurice Marchais, 56000, Vannes",https://jehanno-immobilier.com/
443025671,Géronimmo,"7 PLACE FAIDHERBE, 62450, Bapaume",http://www.geronimmo.fr/
827973546,H & I PATRIMOINE,"4 RUE DE LA CROIX BLANCHE, 86000, Poitiers",https://www.hi-patrimoine.fr/fr
829892173,H&C PARTNERS,"28 boulevard waldeck Rousseau, 22000, SAINT-BRIEUC",https://www.hcpartners.fr/
930900154,H&M IMMOBILIER,"11 Rue de l’Anjou, Résidence Jardin de l’Anjou, 97490, Sainte Clotilde",https://hetmimmo.com/index.php
752518688,HABASQUE IMMOBILIER LANDERNEAU,"40 QUAI DE LEON, 29800, Landerneau",https://www.habasque.com/ville_bien/Landerneau_1___/immobilier-landerneau.html
456503556,HABILIANS,"46 RUE DES FUSILLES, 59493, VILLENEUVE-D'ASCQ",https://www.habilians.fr/
931695399,HABIT'ICI,"58 RUE DE MONCEAU, 75008, Paris",http://www.habitici.fr/
443070933,Habitalys Agen,"1080 Av. du Midi, 47003, AGEN CEDEX",http://www.habitalys.com/
351401500,HABITAT 08,"22-24 AVENUE DES MARTYRS DE LA RESISTANCE, 08000, Charleville-Mézières",http://www.habitat08.fr/
342119724,HABITAT 44,"3 Boulevard Alexandre Millerand BP 50432, 44200, Nantes",https://www.habitat44.org/
399606185,HABITAT 70,"26 RUE FLEURIER BP 70309, 70006, Vesoul Cédex",http://www.habitat70.fr/
277700019,HABITAT 77,"10 Avenue Charles Péguy, 77000, MELUN",http://www.habitat77.net/
909083586,HABITAT COMTOIS,"6 Allée Jean Moulin, 25150, Pont-de-Roide",https://www.habitat-comtois.com/
528361314,Habitat Concept Aulnay sous Bois,"6 Rue Jules Princet, 93600, Aulnay-sous-Bois",https://www.habitatconcept.fr/
537497547,HABITAT CONSEIL I-MMOBILIER,"56 RUE DU GENERAL GIRAUD, 71100, Chalon-Sur-Saône",http://www.hci-mmobilier.fr/
849523220,HABITAT CONSEIL IMMOBILIER,"120 chemin de l'étoile, 38330, Montbonnot-Saint-Martin",https://hc-immobilier.fr/
435881222,HABITAT DAUPHINOIS,"10 BOULEVARD DE LA REPUBLIQUE, 07100, Annonay",http://www.habitat-dauphinois.fr/
488281841,Habitat de Caractère,"19 QUAI ROMAIN ROLLAND, 69005, Lyon",http://www.habitatdecaractere.com/
778770198,HABITAT DE L'ILL,"7 RUE QUINTENZ, 67400, Illkirch-Graffenstaden",https://habitatdelill.com/appartements-a-vendre/
278600010,HABITAT DE LA VIENNE,"33 RUE DU PLANTY BP 27, 86180, Buxerolles",http://www.habitatdelavienne.fr/
276200029,Habitat du Littoral,"30 - 32 Avenue Charles de Gaulle, 62200, Boulogne-Sur-Mer",http://www.habitat-du-littoral.com/
890385792,HABITAT ET METROPOLE,"19 Rue Honoré de Balzac, 42000, Saint-Étienne",https://www.habitat-metropole.fr/
434059192,HABITAT EURELIEN,"6 rue Jean Perrin, 28300, Mainvilliers",http://www.habitat-eurelien.fr/
752989715,HABITAT FONCIER,"43 B PROMENADE DE LA COTE VERMEILLE, 66140, CANET EN ROUSSILLON",http://www.habitatfoncier.fr/
661750067,HABITAT HAUTS-DE-FRANCE ESH,"520 BOULEVARD DU PARC D AFFAIRES CS 50111, 62903, Coquelles",http://www.habitathdf.fr/
789338399,HABITAT SUD EST,"8 ZI RHONE VALLEE SUD, 07250, Le Pouzin",https://www.habitatsudest.com/
932629918,HABITAT VDB,"34 RUE TOUPOT DE BEVEAUX, 52000, CHAUMONT",https://www.mikit.fr/agence/MIKIT-Chaumont/
272500018,HABITAT25,"5 RUE LOUIS LOUCHEUR, 25000, BESANCON",http://www.habitat25.fr/
568501415,HABITATION MODERNE,"24 route de l'hôpital, 67100, STRASBOURG",http://www.habitationmoderne.org/
483755518,Habitats de Haute-Alsace,"73 RUE MORAT, 68000, Colmar",http://www.hha.fr/
515188696,HABITBOIS,"56, rue du terme la ville, 51460, Courtisols",https://habitbois.com/
853570901,HABITEA,"6 RUE CAMILLE DESMOULINS, 97420, Le Port",https://www.habitea.re/
831840111,HABITEE SCIC,"43 RUE DES HERIDEAUX, 69008, Lyon",https://habiteescic.com/
419541503,HABSIDE,"25 RUE DES PHOCEENS, 13002, Marseille",http://www.habside.fr/
832795876,HACQUIN IMMOBILIER,"30 Rue des frères Voirin, 54000, Nancy",https://www.hacquin-immobilier.fr/
840254775,HAKKASAN IMMO,"114, chemin de Fontvieille, 06320, La Turbie",https://www.hakkasan.immo/
325720258,HALPADES,"8 Avenue de Chambéry, 74000, Annecy",https://www.halpades.fr/
538096850,HAPI LOGIS / HACHA LOGIS,"19 rue d'Amérique, 88100, Saint-Dié Des Vosges",http://www.hapi-logis.com/
908105661,Happiness Conseils,"Route des hauts de Griauges, 26600, Mercurol-Veaunes",https://happinessconseils.fr/
811890987,HAPPYSSIMMO.COM,"7 BIS AVENUE GAMBETTA, 83400, Hyères",https://www.happyssimmo.com/
403234529,HAQUIN DAUVERGNE,"6 RUE DES SABLONS, 77300, Fontainebleau",https://www.hacquin-dauvergne.fr/
819577826,Hardy IMMOBILIER,"1 rue du docteur Laënnec, 95520, Osny",https://www.hardyimmobilier.com/
983280371,HARMONIE CONCEPTION,"15 Rue Marguerite Huré, 38340, Voreppe",https://www.batissimo-constructeur.fr/
868801523,Harmonie Habitat,"8 AVENUE DES THEBAUDIERES BP70344, 44816, SAINT HERBLAIN CEDEX",http://www.harmoniehabitat.org/
990845752,HARMONIE JOUY EN JOSAS,"1 Rue de Stockholm, 75008, Paris",https://harmonie-jouy-en-josas.fr/
880115415,Harmony Immo,"9 ter avenue de la république, Cran-Gevrier, 74960, ANNECY",http://www.harmony-immo.fr/
890484272,Harmony Immo,"SIEGE SOCIAL, 92160, Antony",http://www.harmonyimmo.fr/
898285333,HARRY,"86 Grande Rue - Cour des carmes - 1er étage, 25000, Besançon",https://harry-immobilier.fr/
790889307,HB IMMOBILIER,"5 rue Jean Jaurès, 42300, ROANNE",http://www.hb-immo.fr/
512025875,HB Propriétés,"9, boulevard d'Estienne d'Orves et 164, boulevard de Cabry, 83110, Sanary-sur-Mer",http://hbproprietes.com/
889502696,HBC Expert immobilier,"359 boulevard beauvillé, 80000, Amiens",http://www.hbcexpert.immo/
910221977,HBL IMMOBILIER,"8 Rue Honoré de Balzac, 37000, Tours",https://www.hblimmobilier.com/
424985992,HC Résidences,"1301 avenue de l’Europe, 38330, Montbonnot-Saint-Martin",http://hcresidences.com/
505048322,HCI Immobilier,"15, place du Maréchal LECLERC, 78980, BREVAL",http://www.hci-immobilier.fr/
351338660,HECTARE,"75 ZI LES PORTES DOMITIENNES, 34740, VENDARGUES",https://www.hectare.fr/
908370828,HECTOR IMMOBILIER,"14 avenue du Maréchal Foch, 19100, Brive-la-Gaillarde",https://www.hectorimmo.fr/
825367378,Hedone Immobilier,"place du capitole, 31000, Toulouse",http://www.hedone-immobilier.fr/
901926469,HEDONISTE IMMOBILIER,"57 route de Schirmeck, 67200, Strasbourg",http://www.himmo.fr/
979577038,HELENE LOUIS IMMOBILIER,"54 Rue du Maréchal Foch, 59211, Santes",https://www.helene-louis-immobilier.com/
812792646,Hem Immobilier,"13 Rue du Général Leclerc, 59510, Hem",https://www.hem-immobilier.fr/
789130051,HEMENGO IMMO,"5 bis rue Thiers, 64120, Saint-Palais",http://www.hemengo-immo.com/
833577224,HENRIOT IMMOBILIER,"49 rue Roger Salengro, 44600, Saint-Nazaire",http://www.henriot-immobilier.com/
515112977,HENRY IV IMMOBILIER,"56 ROUTE DU RIVET, 38330, Saint-Ismier",http://www.henry4immobilier.com/
898109590,HER-IMMO,"63 Rue Anatole France, 57390, Russange",https://www.her-immo.com/fr/
810238360,HERENCIA IMMOBILIER,"HERENCIA IMMOBILIER - 3 RUE VAUBAN, 16000, ANGOULEME",http://www.groupe-herencia.fr/
977672054,HERIAM,"46 AV. GAMBETTA, 74000, Annecy",http://www.heriam.fr/
949583967,HERRMANN IMMOBILIER,"16 RUE DU 22 NOVEMBRE, 67000, Strasbourg",https://www.goherrmann.fr/
379816655,HERSANT IMMOBILIER,"43 & 45 rue Jehan de Meung, 45130, Meung-Sur-Loire",http://www.hersantimmo.com/
987518917,HERVE FORTIN,"3 ROUTE DE NERAC, 47520, Le Passage",https://www.la-signature-agenaise.fr/
837572502,HESTI,"1 C Chemin de Brondeau, 33370, Pompignac",https://pompignac.mikit.fr/agence.html
451607055,Hestia,"7 rue SAINT FRANCOIS DE SALES, 74000, ANNECY",https://hestia-prestige.com/fr/
793842568,HESTIA CABINET IMMOBILIER,"1 C AVENUE DU GENERAL DE GAULLE, 33290, BLANQUEFORT",http://www.cabinethestia.immo/
815316617,HESTIA CONSTRUCTION,"36 RTE DE TARBES, 64320, IDRON",https://www.hestia-constructions.fr/hestia-construction/c/0
881969901,Hestia Gestion Immo,"37 Bis Rue des Bouchers, 59000, Lille",https://hestia-gestionimmo.fr/
921719126,HESTIA GESTION PRIVEE,,https://hestia-gestionprivee.fr/
831804109,HESTIA IMMO,"4 PLACE DEBELLE, 38340, Voreppe",https://immohestia.fr/
830029062,Hestia IMMO - Agence immobilière,"12 rue Louise Michel, 44240, LA CHAPELLE SUR ERDRE",https://www.hestiaimmo.fr/
907710818,HESTIA IMMOBILIER,"-------------, 51000, Châlons-en-Champagne",https://agence-hestia-immobilier.fr/fr/
919572396,HESTIA IMMOBILIER,"ANCIEN CHEMIN DE TOURVES, 83470, SAINT-MAXIMIN-LA-SAINTE-BAUME",https://hestia-transactions.com/fr/
984979450,Hestia Immobilier,"10 RUE DE LA LIBERTE, 21140, SEMUR-EN-AUXOIS",https://www.agence-hestiaimmobilier21.com/
914166046,HESTIA IMMOBILIER - REUNION,"27 AV DE BOURBON, 97460, Saint-Paul",https://hestiaimmobilier.re/
891636847,HESTIA IMMOBILIER LOUVIERS - GAILLON,"5 place du champ de ville, 27400, Louviers",https://immobilier-hestia.fr/
992994343,HESTORIA,"., 84330, Caromb",https://www.hestoria-immobilier.com/
353937782,HEUDES-LAINÉ,"3, Rue Général de Gaulle, 50300, Avranches",http://www.heudes-laine.com/
387739584,HEUZE IMMOBILIER,"22 PLACE JULES FERRY, 76600, Le Havre",http://www.heuze-immo.fr/
918164609,Hevrest,"72 RUE GEORGES DE MESTRAL, 74160, Archamps",https://hevrest.com/
948103239,HEXAGONE,"300 Chemin de la Vezerance, 69560, STE COLOMBE",http://www.hexagonehabitat.fr/
753506393,HEXAGONE PATRIMOINE,"49 rue d'Hauteville, 75010, Paris",https://www.hexagone-patrimoine.fr/
499771426,HEXTENSO,"LES TROIS CURES, 29870, COAT-MEAL",https://www.hextenso.com/
908956659,HEYOB Jérémy - Agence.Immo,"--------, 69800, Saint-Priest",http://www.jeremyheyob.fr/
941575060,HG Immo,"2 place des climenes, 83510, lorgues",https://www.hg-immo.fr/
793672791,HG PATRIMOINE,"59 rue Pierre Corneille, 69006, Lyon",https://www.ma-conciergerie-immo.fr/
484537857,Hidri Immoplus,"15 BOULEVARD DE L EUROPE, 38170, SEYSSINET PARISET",http://www.hidri-immoplus.com/
892572702,HISTOIRE IMMOBILIERE,"8 place Jack London, 29200, Brest",http://www.histoire-immobiliere.fr/
508751922,HISTOIRES D'HOME,"23 RUE DE PARIS, 77320, La Ferté-Gaucher",http://www.lafertegaucher.histoiresdhome.fr/
843635707,Histoires d'Immobilier BOIS-GUILLAUME,"3121 route de Neufchatel, 76320, Bois Guillaume",http://histoires-d-immobilier.fr/
941541807,HK Avenir Immobilier,"2C Rue du Hérisson, 49170, Saint-Léger-de-Linières",https://www.hk-avenir-immobilier.com/
529902892,HMC IMMOBILIER,"2 Bis rue des Jonquilles, 66210, BOLQUERE",http://www.hmc-immobilier.com/
977828797,HMI Sancy,"231 rue de besse, 63790, Murol",https://hmi-sancy.fr/
938128782,HOCHE IMMOBILIER,"8 BOULEVARD MARECHAL LYAUTEY, 38000, GRENOBLE",http://www.hoche-immobilier.com/
833291115,HOCLET Séverin,"------------, 06640, SAINT JEANNET",https://lesbaousimmo.systeme.io/home
879465862,HOLLYHOME,,http://www.hollyhome.fr/
821915477,HOLTZ & CONTAT IMMOBILIER,"726 ROUTE DES LUCHES, 74800, Saint-Sixt",http://www.hcimmo74.fr/
953022605,HOM GESTION,"2 Rue du Terrail (Place de la Victoire), 63000, Clermont-Ferrand",https://www.homtransactions.fr/
811166628,HOMAGA,"15 Rue Millet, 13480, Cabriès",http://www.homaga.fr/
840267942,HOME & ASSOCIES,"70 RUE SADI CARNOT, 76160, Darnétal",http://www.home-associes.fr/
850187592,HOME & COMPANY IMMOBILIER,"70 BIS RUE GAMBETTA, 17200, Royan",https://www.homeandcompany-immobilier.fr/
954037198,HOME & SEA,"202 chemin du vallon de l’Oriol, 13007, Marseille",http://www.homeandseaimmobilier.com/
818556201,HOME 18 IMMOBILIER,"13 bis route de Paris, 18110, Fussy",http://www.home-18.com/
888114493,HOME 40,"50 AVENUE DE LA COTE D'ARGENT, 40460, SANGUINET",http://www.immobilier40-sanguinet.com/
339601866,Home Agency,"30 RUE PRINCIPALE, 67300, Schiltigheim",http://www.home-agency.fr/
485125686,HOME AND CO,,https://www.homeandco.fr/
910050756,HOME BY IDEES DECO,"27 Bd André Malraux, 78480, Verneuil-sur-Seine",https://home-by-ideesdeco.fr/
851964734,HOME by N,"70 Rue Marie CURIE, 17138, Saint-Xandre",http://www.homebyn.fr/
485028096,HOME CLEFS PROPERTIES,"103, avenue Francis Tonner, 06150, Cannes la Bocca",http://www.homeclefsproperties.com/
881418362,HOME COLLECTION,"229 RUE PARADIS, 13006, Marseille",https://www.home-collection.fr/
814825634,Home Conseils 31 - Agence immobilière,"17 AVENUE DE TOULOUSE, 31270, Cugnaux",http://www.homeconseils31.com/
892710294,HOME Constructions,"ROUTE DU POUT, 33370, Loupes",http://home-constructions.fr/
818940314,HOME CREATION,"50B rue de l'Etang, 68170, Rixheim",http://www.homecreation.fr/
825216732,HOME DREAM Immobilier,"2685, AVENUE DU PRESIDENT JOHN KENNEDY, 83140, Six-Fours-Les-Plages",http://www.homedreamimmobilier.com/
753000199,HOME ET PATRIMOINE,"103 Route de Marignan, 74140, Sciez Sur Léman",http://www.home-patrimoine.com/
921441283,HOME EXPERTISE IMMOBILIER,"34 rue Raoul Dufy, 76600, Le Havre",https://www.homexpertises.com/
531171809,HOME FOLIES,"Imm. Market Center - Rocade Grand Camp, 97139, Les Abymes",http://www.homefolies.com/
528622772,HOME IMMO 06,"45 AVENUE REIBAUD, 06600, ANTIBES",http://www.home-immo06.com/
878030089,Home Immobilier,"1 Mnt de l'Hôtel de ville, 38440, Saint-Jean-De-Bournay",http://www.agencehome.fr/
433455094,HOME INVEST,"14 rue Emile Fourcand, 33000, Bordeaux",https://www.home-invest-france.com/vente
524160843,HOME INVEST FINANCE,"54 RUE DE L AUDIENCE, 13011, Marseille",http://www.homeinvest.fr/
751219080,HOME L'AGENCE VILLE-LA-GRAND,"16 RUE REVEREND PERE FAVRE, 74100, Ville-La-Grand",http://www.agence-home.fr/
508027950,HOME LINE,"15 avenue Jeanne d'Arc, 38100, Grenoble",https://www.home-line.fr/
889547535,HOME NEUF,"47 Rue André Bollier, 69007, Lyon",https://www.homeneuf.com/
802462614,Home Pass,,https://www.home-pass.lu/
822296158,HOME PEARL IMMOBILIER,"16 rue Foncet, 06000, Nice",http://www.homepearl.immo/
852928407,HOME PLUS,"06 rue de Verdun, 65110, Cauterets",http://www.homeplus-immo.com/
444847693,HOME READY Auchy-les-Mines,"66 ROUTE NATIONALE 41, 62138, Auchy-Les-Mines",http://www.homeready.fr/
925241614,HOME STEINER,"20 Route de Strasbourg, 67500, Haguenau",https://www.homesteiner.fr/
931536502,Home sun immobilier,"11 Montée Saint-Martin, 26200, Montélimar",https://www.homesun.immo/
824214381,HOME SWEET,"89 RUE BANNIER, 45000, Orléans",http://www.homesweet-immobilier.com/
807668793,Home Sweet Home Agence immobilière Angers,"2 RUE DES LICES ET 273 RUE SAUMUROISE, 49100, Angers",http://www.homesweethome-immobilier.com/
533301347,Home tyco,"6 Rue du Père Lebret, 35000, Rennes",https://www.hometyco.fr/
753985118,HOME'NEST IMMOBILIER,"269 avenue de Genève, 01220, Divonne-les-Bains",https://www.homenest.fr/
850533894,HOME'S IMMOBILIER,"11 Bis Allée Victor Hugo, 93340, Le Raincy",https://homesimmobilier.fr/
893679431,HOMECLIK,"29 Avenue Vercingétorix, 33000, Bordeaux",https://www.homeclik.fr/
991759143,HOMECLÉ,"130, Place de l'Eglise, 69830, Saint-Georges-de-Reneins",https://www.homecle.fr/
952912533,HOMEGA,"83a rue des alliés, 42100, Saint-Étienne",https://homegaimmo.fr/
490616281,HomeKare immobilier (Toulouse-Labège),"Siège : 80 Rue Pierre et Marie CURIE, 31670, LABEGE",http://www.homekare.fr/
885010603,HOMELIS,"34 rue du Général Leclerc, 67115, Plobsheim",http://www.homelis.fr/
813506342,HOMELOOP,"30 Rue Le Peletier, 75009, Paris",https://www.homeloop.fr/
843432220,HOMELY IMMOBILIER,"3 Grand Place, 13510, Eguilles",https://homely-immobilier.fr/
921488466,HOMENACH - Agence Immobilière,"27 Rue d'Italie, 38110, La Tour-du-Pin",https://www.homenach.com/
483454658,Homencia-Revidencia,"1080 CHEMIN DE LA CROIX VERTE, 38330, Montbonnot-Saint-Martin",https://www.homencia-revidencia.com/
988233995,Homency Immobilier,"2 allée de Roumanie, 38610, Gières",https://www.homency-immobilier.fr/
842241911,Homeos Immobilier,"64 RUE CHARLES ROBIN, 01000, Bourg-en-Bresse",https://homeos-immobilier.fr/
920350436,HOMES,"5, Rue Duviard, 69004, Lyon",http://www.homesgroup.fr/
829064534,HOMESIDE IMMOBILIER,"26 rue meynadier, 06400, Cannes",http://www.homeside.fr/fr/
500216841,HOMESQUARE Coye-la-Forêt,"13 Grande Rue, 60580, Coye-la-Forêt",https://www.homesquare.fr/
899576839,HomeVision,,https://www.home-vision.fr/
893377812,Homey | Agence immobilière & Conciergerie,"81 Rue de Genève, 74240, Gaillard",https://homeyimmo.com/
901245092,HOMILIE,"37 ALL DES PINS, 41400, Montrichard Val de Cher",https://www.homilie.fr/
838060911,Homki,,https://homki-immobilier.com/
992034199,Homlyf,"24 rue Pasteur, 44115, Basse-Goulaine",http://www.homlyf.fr/
915053938,"Hommi, l'immobilier pour votre bien","2 Rue du Souvenir,, 44850, Ligné",https://www.hommi-immobilier.com/fr
844753822,HONORÉ,"34 rue Capdeville, 33000, Bordeaux",http://www.honore.immo/fr
839963329,Hook Immo - Agence Immobilière PARIS 11e,"26 Avenue Parmentier 75011, 75011, République - Parmentier",https://www.hook-immo.fr/
904292174,HOP HOME Immobilier Laventie,"6 Rue Robert Parfait, 62840, Laventie",https://www.hop-home.fr/
879710150,HOPE IMMOBILIER,"200, Avenue de la Gare, 69380, Marcilly-d'Azergues",http://www.hope-immobilier.com/
505389353,HOQUET BUSINESS,"2 boulevard Jean Jaurès, 92110, CLICHY","https://www.hoquet-business.com/cabinet/cabinet-porte-de-paris-clichy-92110,8"
948568654,HORAE-TRANSACTIONS - spécialiste des biens ruraux,"Grande rue, 70000, Colombe-lès-Vesoul",https://www.horae-transactions.fr/
893011015,HORE IMMOBILIER,"1 square André Malraux, 92300, Levallois-Perret",http://www.hore-immobilier.com/
538332057,HOREN IMMOBILIER,"1 avenue de la chappelle, 80100, Abbeville",http://horenimmobilier.com/
884549213,HORIZON CAPITAL FRANCE,"22 rue lothaire, 57000, METZ",http://www.horizoncapitalfrance.com/
792117319,HORIZON FONCIER,"6 Rue Alexandre Castueil, 83400, Hyères",http://horizonfoncier.com/
341378842,HORIZON IMMOBILIER,"LES CYCLADES 74 AVENUE D ANDREZIEUX, 42340, Veauche",http://www.horizonimmo.net/
501204622,Horizon immobilier,"10 Pl. du Commerce, 29280, Plouzané",http://www.horizonimmo.com/
752963918,HORIZON IMMOBILIER,"1 rue Paul BERT, 95260, BEAUMONT SUR OISE",http://www.horizon-immo.fr/
888579596,HORIZON IMMOBILIER,"180 Rue du Centre, 01140, Saint-Didier-sur-Chalaronne",https://www.immohorizon.fr/
938823416,HORIZON IMMOBILIER,"1B Av. du Léman, 74200, Thonon-les-Bains",https://agencehorizon.fr/fr/
899544977,HORIZON INVEST,"26 allée de barcelone, 31000, Toulouse",https://horizon-invest.com/
489333963,HORIZON L’AGENCE DE LOISIR,"46, avenue de la Parée Préneau, 85270, Saint-Hilaire-de-Riez",http://www.horizon-adl.fr/
483495552,HORIZON-IMMOBILIER,"60 RUE LOUIS LEGRAND, 39140, BLETTERANS",https://www.horizonimmobilier.fr/
838653194,HOROS,"18 B rue du rhony, 30310, Vergèze",http://www.horos-immo.com/fr
949107197,HORUS SELECTION - Audrey Mazaltarim,"----, 29000, Quimper",https://horusselection.fr/
912497468,Hossegor Immobilier,"2264 Avenue de Bordeaux, 40150, Soorts-Hossegor",https://www.hossegorimmobilier.com/
930168463,Hossegor Villas,"10 impasse de la Lande, 40510, Seignosse",https://www.hossegor-villas.com/
401238654,HOSTE IMMOBILIER,"1 RUE NATIONALE, 59200, Tourcoing",http://www.hoste-immobilier.fr/
819675885,HOSTNFLY,"42 RUE MARGUERITE DE ROCHECHOUART, 75009, 9e Arrondissement",http://www.hostnfly.com/
920542941,HOUBRON IMMOBILIER,"134 GRANDE RUE, 26700, Pierrelatte",http://www.houbron-immobilier.com/
444954135,Housemartins Immobilier,"5 Rue de Châteaubourg, 91370, VERRIERES-LE-BUISSON",https://www.housemartins.fr/
841462963,HOUZING,"information.annonces@houzing.eu, 59110, La Madeleine",http://www.houzing.eu/
942079476,HOZ IMMO,"16 RUE MADAME RENE COTY, 76370, DIEPPE",https://www.hoz-immo.fr/
894904473,HP Immo-Conseils,"5 Rue de l'Océan,, 44810, Héric",https://www.hp-immo-conseils.fr/
410638167,HRD IMMOBILIÈRE DE L’ORANGERIE,"80 ALLEE DE LA ROBERTSAU, 67000, Strasbourg",http://www.hrd.fr/
497940551,HSE Rhone,,http://hse-rhone.fr/
845151406,HUET IMMOBILIER,"6 ALLEE DU VAU GAILLARD, 35170, Bruz",http://www.huetimmobilier.fr/
798688065,HUGO IMMOBILIER & ASSOCIES,"26 Cours du Chapeau Rouge, 33000, bordeaux",https://www.superimmo.com/agence/bordeaux-33000/hugo-immobilier-associes-xnfyi
527587778,HUGUES BOUTIN IMMOBILIER,"80 RUE DU VAUGUEUX, 14000, CAEN",http://www.boutin-immobilier.com/
828965236,HURBAIN,"35 rue Blatin, 63000, Clermont-Ferrand",https://www.instagram.com/hurbain.clermont/
824825137,HUVIG Immobilier,"47 Rue René Georges, 59300, Valenciennes",https://www.huvigimmobilier.fr/
977549781,HYPALLAGE IMMOBILIER,"15 Rue Frédéric Chevillon, 13190, Allauch",http://www.hypallage-immo.com/
819844317,Hélène IMMO,"956 RD 817, 64270, Puyoô",http://www.heleneimmo.fr/
949794135,Héron Immobilier Baisieux,"19 Rue de Lille, 59780, Baisieux",https://www.lemesnil-immobilier.fr/
943550160,HÉROS IMMOBILIER,"PARC DE LOISIRS HORIZON BLEU, RUE DES FLEURS,, 34350, VENDRES",http://www.heros-immobilier.com/
882600992,Hêtre Immobilier - Pays Basque,"124, route de Saint-Pierre d’Irube, 64990, Villefranque",https://hetreimmobilier.fr/
815178173,Hôpitaux Facultés Immobilier,"Ccial Sainte Odile - 250 route de mende, 34090, Montpellier",https://www.hopitauxfacultesimmobilier.com/
489807917,I COMME IMMO,"15 RUE DE BETHUNE, 62160, Aix-Noulette",http://www.icommeimmo.fr/
841308752,I WANT IMMO,"2 Rue des Ponts,, 49350, Gennes-Val-de-Loire",http://www.i-want-immo.fr/
480603844,I.C.O Immobilière de la Côte d'Opale,"Résidence Holiday Beach, Bd de Sainte-Cécile, 62176, Camiers",https://immobiliere-cote-opale.com/
522045350,I.N.C.I.T.I,"14 rue Manin, 75019, Paris 19e Arrondissement",http://www.inciti.fr/
978103836,I.NOVA TRANSACTIONS,"385 Grand Rue, 69640, Denicé",https://inovatransactions.fr/
389817446,IAC,"2 PLACE ABBE PIERRE, 69540, IRIGNY",http://www.g-immobilier.fr/
378575674,IB IMMOBILIER,"34 rue Grande, 77300, Fontainebleau",http://www.ibimmobilier.fr/
902342120,IBAIA IMMOBILIER,"36 RUE DE LA CHAPELLE, 97122, BAIE MAHAULT",https://ibaia.immo/
534950621,IBAY CLERMONT,"22B place du général Leclerc, 60600, Clermont",https://immobay.fr/lagence/
410354831,IBC IMMOBILIER,"8 rue Henri Maillard, 93220, Gagny",http://www.ibcimmo.com/
913019097,IBC IMMOBILIER,"residence face nord, Gourette, 64440, Eaux-Bonnes",https://ibcimmobilier.fr/
322531724,IBH Immobilier - Location - Gestion - Syndic,"152 RUE JEAN MERMOZ, 13008, Marseille",http://www.ibh-immobilier.com/
478497381,IBI IMMOBILIER Gestion locative - Vente - Location,"29 Rue Proudhon, 93210, Saint-Denis",https://www.ibi-immobilier.fr/
842030348,"IBM, Immobilier Bordeaux Métropole","127 RUE BLANQUI, 33000, Bordeaux",https://www.immobm.fr/a-vendre/1
830095790,IBS Transactions,"6 rue de l'annexion, 74000, Annecy",http://www.ibs-transactions.com/
447620725,IBT ASSOCIÉS,"22 rue Tronchet, 69006, Lyon",http://www.ibt-associes.com/
480090596,IC IMMOBILIER EGLY,"1 PLACE DE L EGLISE, 91520, Égly",http://www.ic-immobilier.fr/
877892182,IC PARTENAIRE,,https://icpartenaire.fr/
919942433,ICARE IMMOBILIER,"-------------, 68000, Colmar",https://icareimmobilier.fr/
904099322,ICEO,,http://www.iceo-habitat.fr/
304747835,ICF Habitat Amiens,"21, rue de la République, 80000, Amiens",http://www.icfhabitat.fr/
533764718,ICI DORDOGNE Immobilier,"32 PLACE JEAN JAURES, 24380, Vergt",https://www.icidordogne.fr/
791276033,Ici immobilier,"19 AVENUE DU BEARN, 64320, BIZANOS",https://www.immobilierici.com/
953067352,ICI LODGE,"48 rue du Blanc Mur, 54210, SAINT-NICOLAS-DE-PORT",https://www.icilodge.fr/
979650017,"ICI, DEMAIN !","1 PETITE RUE DE L INDUSTRIE, 67118, GEISPOLSHEIM",https://www.agenceicidemain.fr/
483791562,ICIMMO,"25 , AVENUE JEAN JAURES, 19360, MALEMORT",http://www.icimmo.fr/
789632007,ICL AGENCE IMMOBILIERE,"19 RUE POINCARE, 68700, Cernay",http://www.icl-agence-immobiliere.com/
411998024,ICOCC IMMOBILIER,"PL DU DOCTEUR GIRAUDET, 85460, L' Aiguillon-Sur-Mer",http://www.icocc.fr/
984158873,ICOM IMMOBILIER,"34 Place du Général de Gaulle, Bureau 3, 59000, Lille",https://www.icom-immobilier.fr/
843115312,ICOMI FRANCE,"78 rue richelieu, 29200, Brest",http://www.icomi-france.fr/
904290574,ICON Invest Immobilier,"Belfort, 90000, Belfort",https://www.iconinvest-immobilier.fr/
815356530,ID FONCIER,"87 AVENUE ARISTIDE BRIAND, 91420, Morangis",http://idfoncier.fr/
839771615,ID HOUSE CONCEPT,"15 Grande Rue St Blaise, 85500, Les Herbiers",https://idhouseconcept.com/
888427465,ID IMMO Chasseur Immobilier,"99 rue d amiens, 76000, Rouen",http://www.idiallo-immobilier.com/
413271719,ID IMMOBILIER,"24, rue du XXème CA, 57000, Metz",http://www.id-immobilier.com/
447929639,IDEA CONSEILS,"85 AVENUE DE BOIRARGUES, 34000, MONTPELLIER",http://www.ideaconseils.com/
904174273,IDEAL CONCEPT,"12 Rue de la Tour de Pocancy, 91510, Janville-sur-Juine",https://www.ideal-immo.fr/
453887424,IDEAL IMMOBILIER,"66 Boulevard Emile Zola 54 520 LAXOU, 54520, Laxou",http://www.ideal-immo.com/nos-agences.asp
977550003,IDEAL L'immobilier autrement,"7 Bld de Beaumont, 35000, Rennes",https://www.immobilier-ideal.fr/
849596697,IDEALOGIS,"1 PLACE DE LA MAIRIE, 86340, La Villedieu-Du-Clain",http://www.agenceidealogis.fr/
893003335,IDEEIMMO,"45 PROMENADE DE LA RAMBLA, 83270, SAINT CYR SUR MER",https://www.ideeimmo.fr/
349317610,IDEFIM,"8 rue Greffülhe, 92300, Levallois-Perret",https://www.idefim.fr/
875550295,IDEHA,"53, avenue Chabaud Latour, 25200, Montbéliard",https://www.ideha.fr/
777997214,IDEIS,"2 Rue Marc Leroux, 74000, Annecy",https://www.ideis.fr/
989245519,IDEMMO LORRAINE,"3 Boulevard Saint-Symphorien, 57050, Longeville-lès-Metz",https://idemmo.fr/
883063208,IDG immobilier,"720 avenue Villeneuve d'Angoulême, 34070, Montpellier",https://www.reseau-expertimo.fr/805/-agent-idg-immobilier/1
828347492,IDIMMO 31,"----, 31550, Cintegabelle",http://idimmo31.idimmo.net/
407716554,IDIMMO ALFONSI Jean-Pierre,"-------------------------, 68740, Fessenheim",https://alfonsi.idimmo.net/
897438545,IDRON IMMOBILIER,"Centre Boréal, 36 route de Tarbes, 64320, IDRON",https://www.idron-immobilier.com/fr
911924835,IDWAN,"17 Rue Océane, 44800, Saint-Herblain",https://www.idwan-immo.com/
443935523,IDZ,"78 A RUE DE SAINT LOUIS, 68220, Hésingue",http://www.idz-immo.com/
534634860,IFEA IMMO,"162 rue des Mines, 68270, Wittenheim",http://www.ifeaimmo.com/
440739431,IFERGANE IMMOBILIER,"5 Place Carnot, 46100, FIGEAC",https://iferganeimmobilier.fr/
800433757,IFF TRANSACTION,"32 rue Antoine de Bertin, 97434, LA SALINE LES BAINS",http://www.iff.re/
829168251,IFG Provence,"Centre commercial la Croix, 13590, Meyreuil",http://www.ifgprovence.fr/
439399338,IFI AMENAGEMENT,"27 bis Route du Mortier Vannerie - CS 52411, 44124, VERTOU Cedex",http://www.ifi-promotion-amenagement.fr/
507500346,IGOR IMMOBILIER,"8 Place Bon Accueil, 44590, Derval",http://www.igor-immobilier.com/
522543776,IHOME IMMOBILIER,"2 Place du Lycée, 49100, Angers",http://www.ihome.immo/
452436819,IK IMMOBILIER,"3 Rue des Fraises, 67500, Haguenau",https://www.agence-ik.fr/
889847893,iKome,"1 AVENUE NOCARD, 83400, Hyères",https://ikome-immo.fr/
500440474,ILEA IMMOBILIER,"12 Rue du Président Wilson, 24000, Périgueux",https://www.ilea-immobilier.fr/
790076079,ILL Immobilier Lotissements Loisirs,"41 Place Ducale, 08000, CHARLEVILLE MEZIERES",http://www.ill-immobilier.fr/
942031501,Illiz,,http://www.illiz.fr/
402179246,IM PLUS,"------, 88100, SAINT DIE",https://www.implus.fr/
751635855,IM Valoris,"73 RUE MARCEAU, 37000, Tours",http://www.imvaloris.fr/
434728853,IM'UBAYE - NELL IMMOBILIER,"60 RUE MANUEL, 04400, Barcelonnette",http://www.ubaye-immobilier.com/
272100017,IM-Ô,"10 place de la République, 21000, Dijon",https://www.im-o.fr/
850302571,IM2B Immobilier,"17 PLACE DE L'HOTEL DE VILLE, 77400, LAGNY-SUR-MARNE",https://www.im2b-immobilier.fr/
949087613,ima Immobilier | Agence immobilière Le Mans,"24 place de l'Eperon, 72000, Le Mans",https://www.ima-immobilier.fr/
442412680,IMAGIMMO MAUGUIO,"247 GRAND RUE F MITTERRAND, 34130, Mauguio",http://www.imagimmo-mauguio.com/
522531771,IMAGIMMO Vendargues,"1BIS AVENUE DE LA GARE, 34740, Vendargues",http://www.imagimmo-vendargues.com/
939878922,IMAGINE Immobilier,"2 avenue Victor Hugo, 81300, Graulhet",http://www.imagineimmobilier.fr/
493917652,IMAPRIM,"156 rue Amiral Gérard Daille, 73000, Chambéry",https://www.imaprim-promoteur.com/
894804582,IMAPRO,"Rue Hélène Boucher, 22190, Plérin",https://www.imapro.fr/
443350426,IMAX,"49 RUE DES BOURGUIGNONS, 92270, Bois-Colombes",http://www.imax.fr/
910154475,IMD IMMOBILIER,"13 B RUE FLAMMARION, 84000, Avignon",https://imdimmobilier.com/
849442439,Imko,"2, Rue De L'Abbé Lemire, 59700, Marcq-En-Baroeul",https://www.imko.fr/
823862784,IMM OLLIVIER,"20 Rue du Prieuré, 44760, Les Moutiers-en-Retz",https://www.immollivier.com/fr
535398903,IMM'02,"2 route de Bâle, 68000, COLMAR",http://www.imm-o2.fr/
793126806,IMM'AUBE,"25 GRANDE RUE SAINT LAURENT, 10400, Nogent-sur-Seine",http://www.immaube.com/fr/
452477359,IMM'GEST,"23 AVENUE DR LUCIEN STEINBERG, 26140, Saint-Rambert-D'Albon",http://www.imm-gest.fr/
482583820,Imm'horizon,"6 rue de Carnel, 56100, Lorient",https://www.immhorizon.immo/annonces/transaction/Vente.html
901245423,IMM'ODYSSEE,"86 Av. Georges Clemenceau, 94360, Bry-sur-Marne",http://www.immodyssee.fr/
845020163,IMM'OSSAU,"9 RUE DU BOURG NEUF ESCU, 64440, Laruns",http://www.immossau.fr/fr/
878061589,IMMALLIANCE,"PARC DE LA BUZINE BAT A 67 MTE DE SAINT MENET, 13011, Marseille",https://immalliance.fr/
838004729,Immersion Immobilier Pont d'Ain,"241 avenue du Grand Verger, 73000, Chambéry",http://www.immersionimmobilier.com/
837867803,IMMEUBLES & PATRIMOINE,"7 Rue de Penthièvre, 75008, Paris",https://www.immeubles-patrimoine.fr/immeubles-et-patrimoine/
892683038,Immino Pro,"Patio Alta Rocca, 13400, Aubagne",https://immino.pro/
431213974,IMMIUM,"2 allée de la Robertsau, 67000, Strasbourg",http://www.immium.com/
913505855,IMMO & CIE QUESNOY-SUR-DEÛLE,"28 RUE DE LA BELLE CROIX, 59890, QUESNOY-SUR-DEULE",http://www.immobilier-et-compagnie.fr/
908290604,Immo & Co,"port de Taverna, 20221, Santa-Maria-Poggio",https://www.immo-co.fr/
889464764,IMMO & CO Mickael Santiago,"21 RUE DES FRERES MONTGOLFIERS, 26000, Valence",http://www.immo-and-co.com/
488350661,IMMO & GESTION,"45 RUE THIERS, 33500, LIBOURNE",https://www.immoetgestion.fr/
942570698,IMMO - AM,"5 av Pierre-Georges Latécoère Bât B, 31520, Ramonville-Saint-Agne",http://www.immo-am.com/
447658303,IMMO 2B,"residence laniella, 20260, Calvi",https://www.immo2b.fr/index.php
514800614,IMMO 2J TAMAR CONSEIL,"28 rue Neuve Sainte Catherine, 13007, MARSEILLE",http://www.immo2j.fr/
431870443,IMMO 37,"BP 61003., 37000, Tours",https://immo37.net/
443842943,IMMO 46,"3 Place de la République, 46500, Gramat",http://www.immo46.com/
907652853,IMMO 5,"105 Avenue de la Résistance, 93340, LE RAINCY",http://www.immo5leraincy.com/
432073559,IMMO 5 LES PAVILLONS SOUS BOIS,"25 AVENUE VICTOR HUGO, 93320, Les Pavillons-Sous-Bois",http://immo5pavillons.com/
523310605,IMMO 5 NOISY LE GRAND,"28 Rue de Verdun, 93160, Noisy-le-Grand",https://www.immo5noisy.fr/notre-agence
527477301,IMMO 7,"30 GRANDE PLACE, 76640, JOUARRE",http://agenceimmo7.com/
421950809,IMMO 8 GESTION,"2 RUE DU DOCTEUR SCHWEITZER, 13006, Marseille",http://www.immo8.fr/
352092472,IMMO 97.1,"8 PLACE CREOLE MARINA, 97190, Gosier",http://immo971.com/
953419777,Immo Alienor - Agence immobilière Bordeaux,"18 Cours de Verdun, 33000, Bordeaux",http://www.immoalienor.fr/
888098696,IMMO AMANDINOIS,"22, rue du 2 Septembre 1944, 59230, SAINT AMAND LES EAUX",https://www.agence-immo-amandinois.com/
789698818,IMMO AMENAGEMENT,"10 All. de la Pépinière, 80480, Dury",https://www.immo-amenagement.fr/
933169815,IMMO BY SAGAT,"48 AVENUE DU SANCY, 63610, BESSE-ET-SAINT-ANASTAISE",https://immobysagat.fr/
852893353,Immo Capital,"43 chemin des azalées, 97470, Saint-Benoît",https://www.immocapital.fr/
949887210,IMMO CARRÉ,"38 Grande Rue, 77135, Pontcarré",https://agence-immocarre.fr/
383137866,IMMO CCI,"49 Route d'Agen, 47310, Estillac",http://www.boursedeslocaux.cci47.fr/
907531164,IMMO CELIA - Agence immobilière Aulnay-Sous-Bois,"1 Avenue Gaston Chauvin, 93600, Aulnay-sous-Bois",https://immocelia.com/
918145707,IMMO CENTER,"512 AVENUE DES SENES, 83210, Solliès-Pont",http://www.immo-center.fr/
918169830,IMMO CENTRE,"2 BIS RUE BAUDIN, 83000, Toulon",http://www.immo-centre.com/
514995414,IMMO CENTRE 61,"72 rue du Docteur Ernest Poulain, 61600, LA FERTE MACE",http://www.immocentre61.com/
844831917,IMMO CHARTON,"30 RUE CHARLES CABARET, 72000, Le Mans",https://www.immocharton.fr/
825145360,IMMO COEUR D'HERAULT,"25 BOULEVARD GAMBETTA, 34800, Clermont-L'Hérault",http://www.immocoeurdherault.com/
940986292,IMMO COMMERCE AGENCY,"14 rue Beffroy, 92200, Neuilly-sur-Seine",https://www.immocommerceagency.com/
847852001,IMMO CONCEPT,"241 rue de la République, 30290, Laudun-l'Ardoise",http://www.immoconcept.fr/
819277757,IMMO CONCEPT 44,"12 Rue de Nantes, 44830, Bouaye",http://www.immoconcept44.com/
942503269,IMMO CONCEPT 49,"7 Rue Louis Moron, 49320, Brissac-Quincé",https://www.ic49.fr/
904859105,IMMO CONNECTION,"15 Quai Edouard Serullaz, 01420, Seyssel",http://www.immo-connection.com/
807660378,IMMO CONSEIL,"23 Rue de la République, 26100, Romans-Sur-Isère",https://www.immo-conseil26.com/
424695203,IMMO CONSEIL DE VILLEPARISIS,"16 AVE ROGER SALENGRO, 77270, Villeparisis",http://www.immoconseilvilleparisis.com/
452299902,IMMO CONSEIL FINANCE,"1477 AVENUE DE L'EUROPE, 34170, Castelnau-Le-Lez",http://www.immocf.com/
900553603,Immo Conseil Privé,"9 RUE CYPRIEN QUINET, 62820, Libercourt",https://immoconseilprive.fr/
831474010,IMMO COTE D'OPALE,"18 RUE ALFRED LAMBERT, 62600, Berck",http://www.immocotedopale.com/
490986965,IMMO COUP DE COEUR,"12 Rue Viardin, 10000, Troyes",http://www.immocoupdecoeur3.fr/
789713377,IMMO D,"130 RUE D ALSACE, 88150, Thaon-les-Vosges",https://www.agenceimmod.fr/
821123387,Immo d'Aqui,"5 impasse Jean Giono, 66470, Sainte-Marie-la-Mer",https://www.immodaqui.fr/
414535575,IMMO D'ICI,"7 Avenue de la République, 06300, Nice",http://www.viager-europe.com/
933188930,IMMO DABI,"12 CHEMIN DE LA CROISETTE, 31860, Pins Justaret",http://www.immo-dabi.com/
341488815,IMMO DE CORSE,"15 BIS AVENUE PAUL DOUMER, 20220, L' Île-Rousse",http://www.immodecorse.com/
437705080,IMMO DE FRANCE NORMANDIE BOLBEC,"9, rue Jacques Fauquet, 76210, Bolbec",http://www.immodefrance-normandie.fr/
838769909,IMMO DE LOIRE,"23 rue du fourneau, 45370, Mézières-lez-Cléry",https://www.immodelo.org/
509548160,IMMO DECLIC BLOTZHEIM,"7 AVENUE DE LATTRE DE TASSIGNY, 68730, Blotzheim",http://immo-declic.com/
820749620,Immo Deco Savoie,"4 Chemin du Belvédère, 73000, Jacob-Bellecombette",https://immodecosavoie.com/
382310159,IMMO DEMAIN DE FRANCE (compte test Trade),"44 rue gambetta, 24310, Brantôme en Périgord",https://www.leboncoin.fr/
484379201,IMMO DES VALLEES VOSGIENNES,"11D Rue du Général de Gaulle, 88120, Vagney",http://www.immodesvallees.com/
488866385,IMMO DES VIGNES,"20 Rue Edmond Faulat, 33440, Ambarès-et-Lagrave",https://www.immobilier-ambares.com/
853008324,Immo Descamps Descamps Benjamin,"93 Grand'place, 59230, SAINT AMAND LES EAUX",http://www.immodescamps.com/
813495728,IMMO DEVELOPPEMENT,"5 Place du Château, 69380, Charnay",http://www.immo-developpement69.fr/
907760649,IMMO DIVIS,"7 Allées de Chartres, 33000, Bordeaux",http://immodivis.com/
403097033,Immo DL,"19 quai de la joliette, 13002, Marseille",https://www.immodl.com/
493757876,IMMO DM TRANSACTIONS IMMOBILIERES,"23 H AVENUE ALBERT 1 ER, 57100, Thionville",http://www.immodm.com/
492915954,IMMO DOUBS FINANCEMENT,"30 RUE PIERRE VERNIER, 25290, Ornans",http://www.immo-doubs-financement.fr/
991739756,IMMO DPI,"36 rue Vauban, 69006, Lyon",http://www.immodpi.fr/
919548784,IMMO DU 19 SEILHAC,"15 Avenue Nationale, 19700, Seilhac",https://www.immodu19.fr/
931510473,Immo Du Cap,,https://immoducap.fr/ville/agence-immobiliere-marseille/
894020387,IMMO DU FOREZ,"4 Rue Mi Carême, 42000, Saint-Etienne",http://immoduforez.fr/
501589683,Immo Du Parc,"31 route du plateau, 73340, Lescheraines",http://www.immo-parc.com/
837543818,Immo du Sud : La Chevroliere,"4 grand rue, 44118, LA CHEVROLIERE",http://immodusud.immo-facile.com/
480909076,IMMO DÔME,"5 allée de lavas, 63830, Nohanent",http://www.immodome.com/
843187618,IMMO EN SCENE,"3500 Route de Neufchâtel, 76230, Bois-Guillaume",https://www.immoenscene.fr/fr/
490905221,Immo en Somme,"80000, Amiens",https://www.immoensomme.com/
829721679,IMMO EVEN,"29 rue du martroy, 91610, Ballancourt-sur-Essonne",http://www.immoeven.fr/
351639125,IMMO EVOLUTION,"143, RUE DES MIMOSAS, 84100, Orange",https://www.immo-evolution.fr/
445207657,IMMO EXPRESS,"128 RUE DU CHEVALERET 75013 PARIS Île-de-France France, 75013, Paris",https://www.immoexpress-paris.com/
914778519,IMMO FACTORY,"3 rue Alsace Lorraine, 42300, Roanne",https://www.immofactoryroanne.com/
841160179,IMMO FRANCE,"9 RUE ARTHUR BOURDIN, 25300, PONTARLIER",https://www.immofrance.fr/
441680865,IMMO GEST 67,"17 route d'Eschau, 67400, Illkirch-Graffenstaden",http://www.immogest67.fr/
481503068,IMMO GEYER,"16 RUE DE LA GARE, 67700, Saverne",http://www.immo-geyer.com/
487430571,IMMO HA,"8 Rue des Farges, 63118, Cébazat",http://www.immo-ha.fr/
912281219,IMMO HELLO,"37 Avenue du Général de Gaulle, 18200, Saint-Amand-Montrond",https://www.immo-hello.fr/
798803409,IMMO INVEST 83,"27 RUE VICTOR MICHOLET, 83000, Toulon",http://www.immo-invest83.com/
912743564,IMMO J,"1 RUE ANATOLE FRANCE, 54230, Neuves-Maisons",https://www.infogreffe.fr/
348879800,IMMO JUIGNE - BRIOLLAY,"29 GRANDE RUE, 49610, JUIGNE SUR LOIRE",http://www.immobriollay.fr/
528536857,IMMO JUSTE,"3 rue du 11 novembre, 78690, Les Essarts-le-Roi",http://www.immojuste.fr/
407832682,Immo Karukera,"5 rue Lardenoy, 97100, Basse-Terre",https://www.immokarukera.fr/
539355768,IMMO LIBERTE,"113 Rue Henri Poincaré, L'oiseau de feu, 83000, TOULON",https://immo-liberte.com/fr/
812193571,IMMO LOC ARDECHE,"480 ROUTE DE SALAVAS, 07150, Vallon-Pont-d'Arc",https://www.immolocardeche.com/
513743021,IMMO LOCATION VENTE,"34 RUE DU BOURG, 62120, Aire-Sur-La-Lys",http://www.immolocationvente.fr/
310381421,IMMO M,"17 rue de Mulhouse, 67100, Strasbourg",http://www.immom.fr/
991611476,IMMO MALIN,"30, rue Basfroi, 75011, Paris",http://www.immo-malin.fr/
520802646,IMMO MONTARGIS,"133 avenue d' Antibes, 45200, AMILLY",http://www.immo-montargis.fr/
532265287,IMMO MOUSQUETAIRES TRANSACTION,"Parc de Tréville - Batiment 11, 91070, Bondoufle",https://www.mousquetaires.com/immo-mousquetaires/
817784549,IMMO NANTES,"15, rue Albert Calmette, 44300, Nantes",http://www.agence-immonantes.fr/
750321838,IMMO NORMANDIE BEAUMONT LE ROGER,"22 place de l'Eglise, 27170, Beaumont-le-Roger",https://www.immonormandie.fr/
902603935,IMMO PART,"19 Avenue des Lauriers, 44250, Saint-Brevin-les-Pins",https://www.immo-part.fr/
491825758,IMMO PARTENAIRES,"18 RUE SOURCE DE L'HOPITAL, 03200, VICHY",https://www.immopartenaires.fr/
839156114,IMMO PASS CONSEILS,"184 Avenue Paul Santy, 69008, Lyon",http://www.immopassconseils.fr/
491368031,IMMO PASSION,"47 chemin de Vassieux, 69300, CALUIRE",http://www.immobilierpassion.fr/
830630760,IMMO PBR,"3 RUE DE COURCY, 51450, Bétheny",https://www.immo-pbr.com/
497526822,IMMO PIERRE,"19 RUE JEAN MOREL, 42190, CHARLIEU",http://www.immopierre-bourgogne.com/
430167494,IMMO PLUS,"1 RUE SAINT JACQUES, 22000, Saint-Brieuc",http://www.immoplus-saint-brieuc.fr/
435225289,Immo Plus,"141 RUE SERGENT BLANDAN, 54000, Nancy",http://immoplusnancy.com/
510280571,IMMO PLUS,"36 RUE DE LA LIBERATION, 68870, Bartenheim",http://www.immoplus-alsace.com/
533145892,IMMO PLUS,"208 Avenue Louis Blanc, 80000, AMIENS",http://www.immoplus-amiens.com/
913925269,Immo Pour Pro,"Place Rihour, 59000, LILLE",https://www.immopourpro.fr/
519723670,IMMO PRO,"134 cours lafayette, 69003, LYON",http://www.immoprolyon.fr/
994273225,IMMO PRO,"9 Quai de Rotterdam, 68110, Illzach",http://www.immo.pro/
880715073,IMMO PRO - L'AGENCE D'OCCITANIE,"19 PL DU 8 MAI 1945 BP13, 32130, Samatan",https://www.immopro.fr/
304321037,IMMO PRO 49,"6 Rue Saint-Pierre, 49300, Cholet",https://www.immopro49.com/
518775515,Immo Pro A,"91 chemin Gaston Reynaud, 26000, Valence",http://www.immoproa.com/
510182314,IMMO PRO CONSULTANTS,"6 Rue Eric de Cromières, 63000, Clermont-Ferrand",https://www.immoproconsultants.fr/
983678426,Immo Pro Consulting,"284 rue Herzog, 76230, Bois-Guillaume",http://www.immopro-consulting.fr/
888938982,Immo Pro Nantes,"12 Rue Louis Pasteur, 44119, Treillières",https://www.immopronantes.fr/
880167770,IMMO PROLEMAN,"33 rue de Genève, 74100, Annemasse",http://www.immo-proleman.com/
935020313,IMMO RENO,"Rue d'Isigny 50500, 50500, Carentan-les-Marais",http://www.immoreno.com/
354033433,Immo Riviera Transactions,"11ter rue du congrès, 06000, Nice",http://www.immoriviera.fr/fr/
397843749,IMMO SAINT CYR,"1 RUE DU MONT D OR, 69450, Saint-Cyr-Au-Mont-D'Or",http://www.immosaintcyr.fr/
850633165,IMMO SALIGNAC,"1352 avenue de Lyon, 01960, Péronnas",https://www.immosalignac.com/
821370202,IMMO SELECT,"134 Allée de Paris, Centre d'Affaires MonBur'O, 83500, La Seyne-sur-Mer",http://www.immoselect83.fr/
909765596,IMMO SEPIA,"9 rue du Négoce, 34110, Frontignan",https://www.immo-sepia.fr/
917700908,IMMO SERV,"65 AVENUE COMTE DE BERTIER, 57100, Thionville",http://immoserv.fr/
404378275,IMMO SERVICE,"1 RUE DE L ARQUEBUSE, 51000, Châlons-En-Champagne",http://www.immoservices51.com/
749925400,IMMO SOCIETY,"17 RUE DU PRESIDENT ROOSEVELT, 27340, Pont-De-L'Arche",http://www.immo-society.fr/
902553288,IMMO ST GELY PAR ASPECT,"347 GRAND RUE, 34980, Saint-Gély-du-Fesc",https://www.immobilier-saint-gely-du-fesc.com/
513245506,Immo Sud +,"12 PLACE DE LA LIBERATION, 38450, Vif",http://www.immosudplus.fr/
949484091,IMMO SUD EST,"101 AVENUE DE PROVENCE, 26320, Saint-Marcel-lès-Valence",http://www.immosudest.fr/
879283174,IMMO SUD FWI,"Résidence Toussaint Louverture, 97122, Baie-Mahault",https://www.immosudfwi.com/
424763738,IMMO SUD GIRONDE PODENSAC,"1 COURS DU MARECHAL JOFFRE, 33720, Podensac",https://www.immobilier-sud-gironde.fr/
983481540,IMMO T PRO,"16 route de corbeil, 91700, Sainte-Geneviève-des-Bois",https://www.immotpro.com/
980703755,IMMO TD,"790 BD REPUBLIQUE-F MITTERRAND, 59240, Dunkerque",https://www.immotd.com/
400877866,IMMO VENDU,"12, Rue François Guisol, 06300, Nice",https://www.immo-vendu.fr/
812303519,IMMO VERDEAUX,"8 PLACE DES CARMES et 5 RUE CARNOT, 54300, Luneville",http://www.immoverdeaux.fr/
834395964,IMMO WZ,"16 ter rue des combattants de l'UF et de l'AFN, 33210, Langon",https://www.immo-wz.fr/
915064430,IMMO'AUTHENTIK,"1 RUE DE L'ETOILE DE MER, 34450, Vias",http://www.immothentik.fr/
908898711,IMMO'SO,"3 bis Allée des Lettres Persanes, 33650, La Brède",https://immoso.fr/fr/
832679419,Immo'trement,"77 Route du Liminaire, 42330, Saint-Bonnet-les-Oules",https://www.immotrement.fr/
840218150,IMMO'VALERIE,"7 rue Marcel Goulette, 88130, CHARMES",http://www.immovalerie.fr/
814567889,Immo'Yes - TRANSACTION & GESTION LOCATIVE,"2 impasse Luc Montagnier, 31270, Frouzins",http://www.immo-yes.fr/
812303600,immo'Z,"15 Place Porte de la Buisse, 38500, VOIRON",http://immo-z.com/
979338373,Immo-Dreams 83,"4 Chemin des Bancaous, 83210, Solliès-Pont",https://www.immo-dreams83.fr/
813689007,IMMO-E,"27 RUE DU GENERAL LECLERC, 77450, Esbly",http://www.immo-e.fr/
421940263,IMMO-FRANCE,"34 Rue du Theâtre, 08000, CHARLEVILLE-MEZIERES",https://www.immo-france.com/
794653188,IMMO-PROJET,"9 Rue des mûriers, 57100, Thionville",http://immo-projet.com/accueil.html
531317352,IMMO-TRANSACTIONS,"3 AVENUE JEAN MOULIN, 39000, Lons-Le-Saunier",http://www.immo-transactions.eu/
480445998,IMMO.D.AL,"205 avenue de l'Aube Rouge, 34170, Castelnau-le-Lez",http://www.immodal.fr/
447898073,immO2,"25 Rue de l'Arrivée, 95880, Enghien-les-Bains",https://www.agence-immo2.fr/
902876069,IMMO360,"5 place du Marché, 41100, VENDOME",https://www.immo360.immo/
420312902,IMMO3CONCEPT,"17 RUE DU FAUCIGNY, 74100, Annemasse",http://www.immo3concept.com/
533948584,IMMO3D,"17 rue stanislas, 54000, Nancy",https://www.immo3d-nancy.fr/
914538566,IMMO64,"28 avenue Lasbordes, 64420, Soumoulou",https://www.immo64.fr/
910783265,Immo99,"151 Impasse de la Sumerie, 06210, Mandelieu-la-Napoule","https://www.immo99.fr/contact,110"
840372684,Immoa Agence Immobilière,"24 RN2 Butor, 97470, Saint-Benoît",https://immoa.fr/
444393342,IMMOASSOCIES GESTION,"138 avenue de la Somme, 33700, Mérignac",https://www.immoassocies.com/
531093318,ImmoAvenir,"18 Rue du Docteur Camboulives, 81000, ALBI",http://www.immo-avenir.com/
925375016,IMMOB,"., 38260, Champier",http://www.immob.immo/
519441430,IMMOBAILLY,"1 avenue de Mont de Marsan, 33850, Léognan",http://www.immobailly.fr/
895183465,IMMOBILAC FRANCO-SUISSE CLUSES-SCIONZIER,"5 AVENUE DU MONT BLANC, 74950, Scionzier",https://www.immobilac-francosuisse.com/
432069557,IMMOBILERE DU PERREUX,"80 AVENUE LEDRU ROLLIN, 94170, LE PERREUX-SUR-MARNE",https://www.immobiliereduperreux.com/
317887412,IMMOBILIA,"310 AVENUE DE POMPIGNANE, 34000, Montpellier",http://www.immobilia.fr/
994938603,IMMOBILIAR,"4 Rue du Pré, 39200, Saint-Claude",https://www.immobiliar.fr/
341367829,Immobilier 12 Rouergue Agence,"24 AVENUE TARAYRE, 12000, Rodez",http://www.immobilier12.fr/immobilier
524150257,Immobilier 29,"40 rue Emile Zola, 29200, Brest",http://www.immobilier-29-brest.com/
503137622,IMMOBILIER 47,"3 AVENUE JEAN JAURES, 47360, PRAYSSAS",https://www.immobilier47.com/
508693959,IMMOBILIER ALAIN TRONCHET,"13 AVENUE DE CHAPOTON, 42170, Saint-Just-Saint-Rambert",http://www.tronchet-immobilier.fr/
942439217,IMMOBILIER by MJ,"Rue de Siam, 29200, Brest",https://www.immobilierbymj.fr/
481335446,IMMOBILIER CENTRE INVESTISSEMENT,"40 BIS RUE DE LA LIBERATION, 38300, Bourgoin-Jallieu",http://icif-immobilier.com/
492510433,IMMOBILIER CHASSAGNON,"1 RUE MATHIEU DE DOMBASLE, 03000, Moulins",https://immobilier-chassagnon.com/
453997462,IMMOBILIER CLAUDIE MILLIEN-AGENCE ICM,"111 BOULEVARD VICTOR HUGO, 62100, Calais",http://www.icm-calais.com/
815019625,IMMOBILIER Coeur de Bassin,"1 AVENUE JEAN SEBASTIEN BACH, 33510, Andernos-Les-Bains",http://www.immobiliercoeurdebassin.com/
394942080,IMMOBILIER CORSE DU SUD B&R,"BP 20031, 20129, BASTELICACCIA",https://immobilier-corse-du-sud.com/fr/
830878864,IMMOBILIER COTE VILLAGE,"112 BD DE GAULLE, 06340, La Trinité",http://www.immobilier-cote-village.com/
401377072,Immobilier Daniel Meindre,"21 Le Forum, Rue Saint-Antoine, 73300, Saint-Jean-de-Maurienne",http://www.gerlim.com/
879622835,IMMOBILIER DEPLAGNE,"116 Avenue du général De gaulle, 30380, Saint-Christol-lès-Alès",https://www.immodeplagne.fr/
504493446,Immobilier Des Alpes,"place de l’alpe de Venosc, 38860, Les Deux Alpes",http://www.immobilier-des-alpes.com/
987600210,IMMOBILIER DES BASTIDES (I.D.B),"10 Pl. de la République, 33540, Sauveterre-de-Guyenne",https://www.immobilierdesbastides.com/
491073946,IMMOBILIER DES COTEAUX,"9 PLACE DE LA BASCULE, 31810, Vernet",http://www.immobilierdescoteaux.com/
842464802,IMMOBILIER DES HALLES,"2 rue Victor Fourcault, 53800, Renazé",http://renaze.id-halles.fr/
422745471,IMMOBILIER DES LEGENDES,"---------, 29260, TREGARANTEC",https://www.reseau-expertimo.fr/2329-mandataire/1
842666364,immobilier des Monts d'Or - CHASSELAY IMMOBILIER,"PLACE DE LABBE RIVOIRE CHASSELAY, 69380, Chasselay",http://www.immobilierdesmontsdor.fr/
529731259,Immobilier Des Rocailles,"50 Rue du Môle, 74930, REIGNIER",http://www.immoroc.fr/
479049074,IMMOBILIER DES VALLONS DU LYONNAIS,"9 PLACE DUGAS, 69510, THURINS",https://www.immobilier-vallons.com/
790619266,IMMOBILIER DU CENTRE,"2, Rue Armand Caduc, 33190, La Réole",http://www.immobilier-agenceducentre.fr/
440706596,Immobilier du Chêne Lure,"53 Avenue de la République, 70200, Lure",http://www.immobilier-du-chene.com/
509643623,IMMOBILIER DU NIVOLET,"8 PLACE DE LA RÉPUBLIQUE, 38480, Le Pont-De-Beauvoisin",http://www.agencedunivolet.com/
952209690,IMMOBILIER DU PARC,"7 Faubourg de Montbéliard, 90000, Belfort",https://www.immobilierduparc.fr/index.php
752910943,Immobilier du Périgord,"49 rue Gambetta, 24310, Brantôme",https://immobilierduperigord.fr/accueil-agence-immobiliere-immobilier-du-perigord-brantome-en-perigord.html
882922487,Immobilier du Scorff,"Parc commercial Kerjean Zone commerciale Super U, 56620, Pont-Scorff",https://www.immobilierduscorff.fr/
434797247,IMMOBILIER DU SUD,"3 A ALLEE DE LA GARE, 30350, Lézan",http://www.immobilierdusud.com/
384310611,Immobilier et Conseil,"291 RUE SAUMUROISE, 49000, Angers",http://www.immobilieretconseil.com/
801831132,IMMOBILIER EVOLUTION,,http://www.evolution-immobilier.fr/
808680870,IMMOBILIER FIGUES,"50 AVENUE DE GENERAL DE GAULLE, 47230, Lavardac",https://agencefigues.fr/
918169962,Immobilier Flandin,"336 Rue de la Fée des Eaux, 69390, Vernaison",http://www.immobilierflandin.fr/
881515290,IMMOBILIER FRANCE OUEST,"23 rue Michel Vielle, 72300, Sablé-sur-Sarthe",http://www.immobilierfranceouest.com/
409591625,IMMOBILIER GESTION CONSULTANT,"90 AVENUE NAPOLEON BONAPARTE RESIDENCE VENDOME ROTONDE, 13100, Aix-en-Provence",http://www.nexity.fr/
420797110,immobilier jean louis vade,"30 RUE BOUCICAUT, 61130, BELLEME",https://www.maisonduperche.fr/
409778206,IMMOBILIER KEREBEL,"3 RUE DE LA MAIRIE, 29470, Plougastel-Daoulas",http://www.finistereimmobilier.com/
482845351,IMMOBILIER LE HYARIC,"44 rue léon gambetta, 40000, Mont-de-Marsan",http://www.immobilier-lehyaric.com/
441349081,IMMOBILIER LE PORGE,"12 B, Avenue de Bordeaux, 33680, Le Porge",https://www.immobilierlacanau.fr/
321155632,IMMOBILIER MAURICE GARCIN LOCATION,"1030 Avenue Saint Roch, 84200, Carpentras",https://www.maurice-garcin.fr/
792256760,IMMOBILIER MENTON CÔTE D'AZUR,"1 rue de la republique, 06500, MENTON",http://www.immobilier-menton.net/
419279690,Immobilier Mer et Campagne,"Avenue de la plage Résidence l'Orée du Bois, 44420, Mesquer",http://www.immobilier-mer-et-campagne.fr/
487721474,IMMOBILIER-CENTER,"28 rue Grande, 36200, ARGENTON SUR CREUSE",http://www.immobilier-center.fr/
308921436,IMMOBILIERE 113,"18 AVENUE HELION DE VILLENEUVE, 13480, Cabriès",http://www.immobiliere113.fr/
552141533,IMMOBILIERE 3F,"159 RUE NATIONALE, 75638, PARIS CEDEX 13",https://www.groupe3f.fr/
315201905,IMMOBILIERE 43,"71 RUE PANNESSAC, 43000, Le Puy-en-Velay",http://www.immobiliere43.fr/
752294892,IMMOBILIERE ANNECIENNE,"25 BOULEVARD TAINE, 74000, Annecy",http://www.aia-immo.com/
384784443,IMMOBILIERE AUCLAIR CHAMPEAU,"4 AVENUE DE LA PAIX, 87120, EYMOUTIERS",https://www.fralimo.com/fr/
847650678,IMMOBILIERE BACHER,"5 RUE DIETRICH, 67210, Obernai",http://www.bacher-immo.fr/
314868852,IMMOBILIERE BAUMANN,"34 Avenue de la Gare, 67120, Molsheim",http://www.agence-baumann.com/
852893627,IMMOBILIERE BERLIOZ,"7 a chemin des Prés, 38240, Meylan",https://immobiliere-berlioz.fr/
901433144,IMMOBILIERE BORIOS - IMMOBILIER CHALON SUR SAONE,"52 Av. Boucicaut,, 71100, Chalon-sur-Saône",http://www.immobiliereborios.fr/
343025987,IMMOBILIERE BRUN SALAT,"19 rue de Verdun, 24300, NONTRON",http://www.immobiliere-salat.com/
391886256,IMMOBILIERE CACIENNE,"13 RUE DU MARECHAL LECLERC, 45430, Chécy",http://www.immo-cacienne.com/
450939459,IMMOBILIERE D'HALLUIN,"59 RUE DE LILLE, 59250, Halluin",http://www.immobilieredhalluin.com/
485284277,Immobiliere de l'Olivier,"9 Rte Burkel, 67400, Illkirch-Graffenstaden",http://immo-olivier.fr/
493488969,IMMOBILIERE DE SAINT MAMERT,"23 ROUTE DE NIMES, 30730, Saint-Mamert du Gard",http://www.immobiliere-stmamert.com/
789648201,IMMOBILIERE DE TOUFFLERS,"2 BIS PLACE DE LA REPUBLIQUE, 59390, Toufflers",https://www.immobilieredetoufflers.fr/
449690593,IMMOBILIERE DEMOLIERE,"1 RUE MERCURE, 67120, Dorlisheim",https://www.demoliere-immo.com/
841721764,IMMOBILIERE DES 3 RIVES,"29 BD GASTON DUMESNIL, 49100, Angers",http://www.immo3rives.com/
903494524,IMMOBILIERE DES PYRENEES,"5 rue Aristide Maillol, 66120, Font-Romeu-Odeillo-Via",https://www.immobilieredespyrenees.com/
802334078,IMMOBILIERE DES ROHAN,"5 GRAND RUE, 67700, Saverne",https://www.immobilieredesrohan.fr/
753016443,IMMOBILIERE DU BETHUNOIS,"200 Boulevard Kitchener, 62400, Béthune",http://www.immobilieredubethunois.fr/
389989849,IMMOBILIERE DU CHATEAU,"35 Avenue d'Helvetie, 25200, MONTBELIARD",http://www.immochateau.fr/
315334730,IMMOBILIERE DU DOUAISIS,"162 rue de Paris, 59500, Douai",http://www.immobilieredudouaisis.fr/
487576415,IMMOBILIERE DU FER A CHEVAL,"79 RUE HOLDEN, 59170, Croix",https://www.immobiliere-fer-cheval.fr/
428658249,IMMOBILIERE DU HAUTMONT,"61 RUE FRANKLIN ROOSEVELT, 59420, Mouvaux",https://www.immobiliereduhautmont.fr/
418471868,IMMOBILIERE DU MORTAINAIS,"8 RUE DU BOURGLOPIN, 50140, Mortain",http://www.normandimmo.com/
312496326,IMMOBILIERE DU PALAIS,"8 RUE PEYRESC, 13100, AIX-EN-PROVENCE",http://immobilieredupalais.net/
753378983,IMMOBILIERE DU PALAIS,"1, Bd Giraud, 20200, BASTIA",http://www.immobilieredupalais.com/
494228794,IMMOBILIERE DU PARC,"71 BOULEVARD GILIBERT, 13009, Marseille",https://www.immobiliereduparc-marseille.fr/
485358311,IMMOBILIERE DU PAYS DE HANAU,"15 RUE DU CANAL, 67330, Bouxwiller",https://www.immo-hanau.com/
981614928,IMMOBILIERE DU PELEM,"15 rue Gabriel Péri, 22480, Saint-Nicolas-du-Pélem",http://immo-bretagne.com/
383717139,IMMOBILIERE DU ROCHER,"16 AVENUE JEAN MOULIN, 13127, Vitrolles",http://www.immobiliere-du-rocher.com/
501820732,IMMOBILIERE DU SORNIN,"18 RUE JEAN MOREL, 42190, Charlieu",http://www.immobilier-sornin.com/
813841525,IMMOBILIERE DU SUD EST,"52 RUE DES MONTS DU MATIN, 26300, CHATUZANGE LE GOUBET",http://www.immodusudest.fr/
378873335,IMMOBILIERE DU VAL,"165 route de Thonon, 74390, CHATEL",http://www.immoduval.com/
451831598,IMMOBILIERE DU VAL D'ALLIER,"9, rue philippe Thomas, 03000, MOULINS",http://www.agence-immobiliere-duvaldallier.fr/
350950069,IMMOBILIERE DU VALOIS,"84 RUE NATIONALE, 60800, CREPY EN VALOIS",https://www.immobiliereduvalois.com/
412128704,IMMOBILIERE DU VIEUX LILLE,"22 RUE DU QUAI, 59800, Lille",http://www.immobiliere-duvieuxlille.com/
417581758,IMMOBILIERE DU WALDHOF,"28 Faubourg du Capitaine d'Alençon, 67610, La Wantzenau",http://www.immo-waldhof.fr/
423489541,IMMOBILIERE DUCHESNE,"27 AVENUE DE BALE, 68300, Saint-Louis",http://www.immo-duchesne.com/
510836620,IMMOBILIERE EMMANUEL MANSON,"61 AVENUE JOLAIN, 54210, Saint-Nicolas-De-Port",https://www.immobiliere-manson.com/
382155513,IMMOBILIERE EURO FONCIERE AIX,"44 rue Tricoche Maillard, 10160, Aix-En-Othe",http://www.euro-fonciere.com/
881610265,IMMOBILIERE FORCA,"114 Route de Plappeville, 57050, Le Ban-Saint-Martin",http://www.immobiliereforca.fr/
412435745,IMMOBILIERE FUTURA,"8 PLACE DE L EUROPE, 67610, La Wantzenau",http://www.futura-immobilier.fr/
350851598,IMMOBILIERE GAY,"17 RUE DU CHATEAU, 21200, Beaune",http://www.immobourgogne.fr/
530969104,IMMOBILIERE JEANLINE,"8 Rue du Puits de Têt, 21160, Marsannay-la-Côte",https://www.masson-jeanline.fr/
447921016,IMMOBILIERE JEANNE D' ARC,"36 boulevard du Roi, 78000, Versailles",http://www.immojeannedarc.com/
408836427,IMMOBILIERE LA BERRICHONNE,"23 RUE JEAN JACQUES ROUSSEAU, 36000, CHATEAUROUX",http://www.immo-laberrichonne.com/
410099394,IMMOBILIERE LA CONCA D'OR,"466 BD LEON SAUVAN, 06690, Tourrette-Levens",http://www.laconcador.com/
347954810,IMMOBILIERE LANDIS,"3 RUE PAUL DEROULEDE, 67600, Sélestat",https://www.immo-landis.fr/
834407785,IMMOBILIERE LE CANNET,"42 Boulevard Sadi Carnot, 06110, Le Cannet",https://www.immobilierelecannet.com/
417991056,IMMOBILIERE MARSEILLE NORD,"134 AVENUE DE SAINT LOUIS, 13015, MARSEILLE",http://www.immobiliere-marseille.nord.fr/
811160191,IMMOBILIERE MERGER,"28 A BOULEVARD D'ANVERS, 67000, Strasbourg",https://www.immobiliere-merger.com/
751589946,IMMOBILIERE NAPOLEON,"22 rue Sainte Claire, 68100, Mulhouse",https://www.immobiliere-napoleon.fr/
307720441,IMMOBILIERE OCEANE,"11 Place GEORGES CHEDRU, 76280, Criquetot-L'Esneval",http://www.immobiliere-oceane.fr/
503917270,IMMOBILIERE OLIVIER,"10 AVENUE ARISTIDE BRIAND, 38520, Le Bourg-D'Oisans",http://www.immobiliere-olivier.fr/
393840244,IMMOBILIERE OTT,"30 RUE DE LA REPUBLIQUE, 67800, Hoenheim",https://www.immo-ott.com/
411070915,IMMOBILIERE PETIT,"61 avenue Gallieni, 94340, Joinville-le-Pont",https://www.immobiliere-petit.fr/
056808868,IMMOBILIERE PUJOL,"7 RUE DU DOCTEUR JEAN FIOLLE, 13006, Marseille",http://www.immobiliere-pujol.fr/
421466707,IMMOBILIERE REIBEL,"11 RUE DU GENERAL DE GAULLE, 67230, Benfeld",http://www.immo-reibel.com/
305392128,IMMOBILIERE REMANGEON,"23, avenue de l'Hôtel de Ville, 41600, Lamotte-Beuvron",http://www.immo-remangeon-sologne.fr/
454021874,IMMOBILIERE SAINT HILAIRE,"119 AVENUE DU BAC LA VARENNE ST HILAIRE, 94210, Saint-Maur-des-Fossés",https://www.immosthilaire.com/
812879690,IMMOBILIERE SAINT-GEORGES,"1 Rue Bordenave d'Abère, 64000, Pau",https://www.isgpau.com/
791255482,Immobiliere Saint-Roch,"20 AVENUE DE FONTAINEBLEAU, 77310, ST FARGEAU PONTHIERRY",http://www.immobiliere-saint-roch.fr/
448875179,IMMOBILIERE SAVOIE LEMAN,"165 Avenue des Marais, 74350, Allonzier-la-Caille",https://www.isl-promoteur.com/
521114256,IMMOBILIERE SCARPONAISE,"20Bis AVENUE DU GENERAL DE GAULLE, 54380, Dieulouard",http://www.immoscarponaise.fr/
443685821,IMMOBILIERE ST AMANDOISE,"7 Rue Henri Barbusse, 18200, ST AMAND",http://www.immobiliere-saint-amandoise.fr/
322250671,IMMOBILIERE STRAUSS HAGUENAU,"4A RUE DE LA MODER, 67500, HAGUENAU",http://www.immo-strauss.com/agence-haguenau.html
391709227,IMMOBILIERE SUD ATLANTIQUE,"37 rue Lucien Faure, 33000, Bordeaux",https://www.immobiliere-sud-atlantique.fr/
344406848,IMMOBILIERE TARIOT,"24 RUE NEUVE SAINTE CATHERINE, 13007, Marseille",https://www.immobilieretariot.fr/
493029193,IMMOBILIERE THOMAS DEPRESLE,"27 Avenue du Général de Gaulle, 94420, Le Plessis-Trévise",https://immobilierethomasdepresle.com/fr/
850524695,IMMOBILIERE TOLOSANE,"15 rue François Oulié, 31500, Toulouse",http://www.immo-tolosane.fr/
492826508,IMMOBILIERE VENITIENNE,"21 QUAI JEAN BAPTISTE KLEBER, 13500, MARTIGUES",http://www.la-venitienne-immo.fr/
392581740,IMMOBILIERE VICTOR HUGO,"6 COURS BERRIAT, 38000, Grenoble",http://www.agence-immovictorhugo.com/
853719904,IMMOBILIERE WEHREY,"1 rue Alfred Hartmann, 68140, Munster",https://www.immo-wehrey.fr/
890005101,Immobilière Cannes Marina,"150 Avenue de la Marine Royale, 06210, Mandelieu-la-Napoule",https://www.cannes-marina.com/
415044114,IMMOBILIÈRE DE MEREVILLE,"1 bis avenue de la république, 91660, Méréville",http://www.idemimmo.com/
818999211,Immobilière de Roncq,"465 BIS RUE DE LILLE, 59223, Roncq",http://www.immobilierederoncq.com/
790971634,Immobilière des 2 Lacs - Annecy,"17 Faubourg Sainte-Claire, 74000, Annecy",http://www.immobilieredes2lacs.com/
941028326,IMMOBILIÈRE DES HAUTS-DE-BARBIEUX,"41 Avenue Gustave Delory, 59100, Roubaix",http://ihbimmobilier.fr/
881012140,IMMOBILIÈRE DU BERNSTEIN,"2 Rue Louis Pasteur, 67220, Villé",https://www.alsace.immo/
808632541,Immobilière du Château et Imagine Immobilier,"10, place Mireille Morvan, 77090, COLLEGIEN",http://www.immoduchateau-imagine.fr/
344524111,IMMOBILIÈRE DU FORUM,"AV SIMON GOUIN IMMEUBLE LE FORUM, 13960, Sausset-Les-Pins",http://www.immoforum13.com/
483551693,Immobilière Heckmann Dachstein,"4 BIS RUE DE LA CHAPELLE, 67120, DACHSTEIN",http://www.immo-heckmann.fr/
880475173,Immobilière LONCHAMP,"13 BOULEVARD MONTRICHER, 13001, Marseille",https://www.gi-longchamp.com/
353822679,Immobilière P.A.C.A,"18 Boulevard de la République, 13410, Lambesc",http://www.immobiliere-paca.com/
422512574,IMMOBILIÈRE ROSELAND,"44 BOULEVARD NAPOLEON III, 06200, Nice",https://www.immobiliereroseland.fr/
792035016,Immobilière Saint Bernard,"103 Rue de Jouvence, 21121, Fontaine-lès-Dijon",https://www.isb-21.fr/
539128843,IMMOBRESSE,"19 GRANDE RUE, 01340, Montrevel-En-Bresse",http://www.immo-bresse.fr/
834892077,IMMOBY ME,"4 Rue des Passerelles, 74960, Annecy",https://www.immoby.me/
985160936,IMMOCAD,"1 Rue Marcel Thil,, 51100, Reims",http://www.cad.immo/
451809305,IMMOCARRE,"130 FAUBOURG DE ROUBAIX, 59000, Lille",http://www.immocarre.com/
453317786,IMMOCENTER,"2 avenue carnot, 06500, menton",http://www.immocenter-france.com/
799022793,Immocenter,"11 route de marseille, 38150, CHANAS",http://www.agence-immocenter.com/
447500737,IMMOCENTRE,"9 Place Kléber, 67000, Strasbourg",https://www.immocentre.net/
931535082,IMMOCLEF,"78 rue du président Georges POMPIDOU, 59110, La Madeleine",https://www.immoclef.fr/
752792093,IMMOCOEUR,"36B rue de Frace, 17290, Aigrefeuille-d'Aunis",http://immocoeur.fr/fr/
538401845,IMMOCONCEPT,"41 rue de l Alma, 92400, Courbevoie",http://www.immoconcept-france.fr/
981859010,ImmoConnect,"..., 69110, Sainte-Foy-lès-Lyon",https://www.immo-connect.fr/
522912633,IMMOCONSEIL,"Cc l'étoile carrefour blanchard rond point de la marina, 97110, Pointe-À-Pitre",http://www.immobilier-en-guadeloupe.com/
934975962,ImmoCoral,"48 T Rue Albert Thomas, 93350, Le Bourget",https://www.immocoral.fr/
939421889,IMMOCRAFT,"5 RUE MARTHE PINEAU, 17000, La Rochelle",http://www.immocraft.fr/
894467794,IMMOCRATE,"47 rue Jules Guitton, 49100, Angers",https://www.agenceimmocrate.fr/
494810948,Immodec,"42 Avenue Gantin, 74150, Rumilly",http://www.immodec.fr/
939591798,Immodem,"7 RUE DES CHEVALIERS, 67118, Geispolsheim",https://www.immodem.fr/
987379245,IMMODERN,"84 Rue Paul Bert, 62300, Lens",https://www.immodern.fr/
509376976,ImmoDesPros,"Rond-point des Ravennes, 59910, Bondues",https://immodespros.fr/
827947680,IMMODEX,"24 COURS JEAN BAPTISTE LANGLET, 51100, REIMS",https://immodex.fr/
891138513,IMMODICI,"27 GRANDE RUE, 01140, THOISSEY",http://www.immodici.net/
327004453,IMMODPRO,"147 Avenue des Canadiens, 76200, DIEPPE",http://www.immodpro.com/
793887886,IMMODREAM,"3 RUE DU CHATEAU D EAU, 45380, Chaingy",http://www.immodream.fr/
843271271,IMMODULEZ,"1348 AVENUE RAYMOND DUGRAND, 34000, Montpellier",http://www.transactertiaire.fr/
322479460,IMMOFAB MONTAMER,"avenue fouque-immeuble l'étrave, 13960, SAUSSET-LES-PINS",http://www.agencemontamer.com/
434851861,IMMOFIDES,"3 rue Pache, 75011, Paris",https://www.immofides.fr/
450566609,IMMOFLORE,"9 RUE DE LA MOUILLÈRE, 25000, Besançon",http://www.immoflore.com/index.php
810018747,IMMOGENE,,https://immogene.com/
451845648,IMMOGEST,"13 rue du stade, 57155, MARLY",http://immogest57.com/index.php?page=1
794556191,IMMOGEST-68,"65 rue du Général de Gaulle, 68400, RIEDISHEIM",https://www.immogest-68.fr/fr
510007206,IMMOGEST.WEB,"12 PLACE DU MARECHAL LECLERC, 60530, Neuilly-En-Thelle",http://www.immogestweb.com/
900653551,IMMOINVEST,"4 rue des charseix, 87000, Limoges",http://www.immoinvest87.com/
481523900,IMMOJAIME,"6, Boulevard Maillol, 66750, Saint-Cyprien",http://www.immojaime.fr/
810914119,IMMOJEUNE,,https://www.immojeune.com/
815161591,IMMOJOY,"8 Avenue Jean Pierre d'Assezat, 31810, Venerque",http://www.immojoy.com/
809034952,ImmoJuriste.com,"61 RUE PIERRE ET MARIE CURIE, 87000, Limoges",http://immojuriste.com/
818716318,IMMOKA,"16 rue du Maréchal de Lattre de Tassigny, 59800, Lille",https://immoka.fr/
103016465,IMMOKAP,"-------, 74350, Allonzier-la-Caille",http://www.immo-kap.com/
448656991,IMMOLENS,"14 rue du Maréchal Leclerc, 62300, LENS",https://www.immolens.net/
408344752,IMMOLIAISON Aurélie MIRIBEL,"-------------, 38330, MONTBONNOT SAINT MARTIN",https://www.immoliaison.fr/
482776010,IMMOLOC 49,"3 rue Comte Hector, 49310, LYS-HAUT-LAYON",https://www.immoloc49.com/
790877138,ImmoLou-3%,"23 Clos du Henin, 57935, Luttange",http://immolou.com/
900201534,Immolouge - Les Prades immobilier,"450 Avenue du Rouergue, 12350, Lanuéjouls",https://www.immolouge.fr/
440057008,IMMOLYS BESANCON,"22 bis rue de Dole, 25000, Besançon",http://www.immolys.fr/
830988846,IMMOMAD,"21 RUE RAYMOND POINCARE, 55210, Vigneulles-Lès-Hattonchâtel",http://www.immomad.fr/
879878775,IMMOMANN,"42, rue de la République 67800 HOENHEIM, 67800, Hoenheim",https://www.immomann.com/
884205022,IMMOMANS,"60 RUE NATIONALE, 72000, LE MANS",http://www.immomans.fr/
483926341,ImmoMAPI,"122 RUE DE LANTISSARGUES, 34970, Maurin",http://www.immomapi.fr/
444753776,IMMONATEL,"36 avenue de la libération, 13870, Rognonas",https://www.immonatel.fr/
978983336,Immonaute,"2 Avenue Charles de Gaulle, 26200, Montélimar",http://www.immonaute.fr/
810689745,IMMONEA,"Immeuble BUROPOLIS Bâtiment A – RDC - 150 rue Nicolas Louis Vauquelin, 31100, Toulouse",http://www.immonea.com/
492353297,IMMONEW,"18 RUE DE LA DIVISION LECLERC, 50740, Carolles",http://www.immonew.net/
821918091,IMMONEXT,"----------, 57330, Kanfen",http://www.immonext.fr/
909721516,IMMONOR,"256 RUE DU GENERAL DE GAULLE, 59139, Wattignies",http://www.immonor.fr/
935103754,ImmoNova,"11 Place de la République, 63500, Issoire",http://www.immobiliernova.fr/
827501545,IMMOPHARE,"Centre Commercial Carrefour Contact Route de la Plage, 11370, Leucate",https://www.immophare.com/fr
432241206,Immoplus,"34 Avenue de la Maveria, 74000, Annecy",http://www.immoplus.com/
520275629,IMMOPLUS REUNION,"88, Rue Alexis De Villeneuve, 97400, Saint-Denis",http://www.immoplusreunion.com/
442324901,IMMOPLUS29.COM,"10 quai de l'Odet 29000 QUIMPER, 29000, QUIMPER",http://www.immoplus29.com/
492076740,IMMOPOLIS INVESTISSEMENT,"61 allées Jean Jaurès, 31000, Toulouse",http://www.immopolis-investissement.com/
833262322,IMMOPRO CONSEIL,"729 Av. du Général Leclerc, 47000, Agen",https://www.arthur-loyd-agen.com/
842027872,IMMOPRO.AI,"12 rue blanche, 75009, Paris",https://www.immopro.ai/
753911759,ImmoProLink,"LES PATTARIS, 46250, FRAYSSINET-LE-GELAT",http://www.immoprolink.fr/
834695512,IMMORBIHAN,"81 Rue nationale, 56300, Pontivy",http://imorbihan.com/
344801139,IMMOREECHT,"63 FAUBOURG DE BESANÇON, 90000, BELFORT",http://www.immoreecht.com/
918169988,Immoreen,"382 Boucle de Font Vert, 83140, Six-Fours-les-Plages",http://immoreen.com/
497591768,IMMOREV.COM,"1 RUE DES PONTS ET CHAUSSEES, 27320, La Madeleine De Nonancourt",http://www.immorev.com/
435402292,IMMOROYANS,"6. SQUARE DU 29 JUIN, 26190, Saint-Jean-en-Royans",https://www.immoroyans.com/fr/
498696491,IMMOSENS,"5 PLACE DE STRASBOURG, 59000, Lille",http://www.immosens.fr/
434940557,IMMOSERVICES,"211 rue de Savoie, 73590, Notre-Dame-de-Bellecombe",https://www.immoservices.net/
888341385,IMMOSHOP FRANCE,"161 Route des Trois Lucs à la Valentine, 13011, Marseille",https://www.immoshopfrance.com/
892109927,IMMOSOLUTIONS,"695 avenue de toulouse, 33140, Cadaujac",https://immosolutions.fr/nos-agences/cadaujac
521737643,IMMOSOPHIE,"-------------, 06610, LA GAUDE",https://www.immosophie.com/
488685488,IMMOSQUARE CROLLES,"103 avenue Joliot Curie, 38920, Crolles",http://www.immosquare.fr/agence-immobiliere-grenoble-immobilier.html
508290913,IMMOSQUARE LYON,"14 AVENUE PAUL SANTY, 69008, Lyon",http://www.immosquare.fr/agence-immobiliere-lyon.html
829865310,IMMOSTAINS,"1 AVENUE JULES GUESDE, 93240, Stains",http://www.immostains.fr/
791706518,IMMOSTORE,"1 RUE DU 20 NOVEMBRE, 68220, Hésingue",http://www.immostore-alsace.fr/
520592742,ImmoSurmesure,"16 rue des veaux, 67000, Strasbourg",http://www.immosurmesure.fr/
880212337,IMMOTECH PARTNERS,"38 RUE PAUL LAFARGUE, 93160, Noisy-le-Grand",https://immotechpartners.fr/
951671817,IMMOTEP,"16, rue Jacquemart, 26100, Romans-sur-Isère",http://www.agenceimmotep.fr/
890173743,IMMOTHEP,"18, rue Dr Mazet, 38000, Grenoble",https://immothep.fr/
979598869,IMMOTILIA,"Place des Buttes, 77480, Bray-sur-Seine",https://imm-otilia.la-boite-immo.com/?preview=1
803579317,IMMOTION,"LE GRAND MARAIS LOCAL B5 PA DES GRANDS MARAIS, 80350, Mers-les-Bains",https://www.agencimmotion.com/
490689262,IMMOTIONS,"24 BD RIONDEL, 38160, Saint-Marcellin",http://www.agenceimmotions.com/
509383865,IMMOTIS POLE GESTION,"55 RUE DE LA HALLE, 17450, FOURAS",https://www.immotis.fr/
898014436,Immotiv - Agence immobilière Locmaria Plouzané,"2 Rue de l'Arvor,, 29280, Locmaria-Plouzané",https://www.immotiv.bzh/accueil-immotiv-agence-immobiliere-locmaria-plouzane
528585755,IMMOTRAM,"999 AVENUE DE LA REPUBLIQUE, 59700, Marcq-en-Baroeul",http://www.immotram.fr/
819860172,IMMOUEST FRANCHISE,"183 BD LAFAYETTE, 62100, CALAIS",https://www.agences-immouest.fr/
778846279,IMMOVAL,"3 Place Saint-Pierre le Jeune | 73 route du Polygone | 7 avenue d'Alsace, 67000, Strasbourg",https://www.immoval.com/
839159688,IMMOVAL 81,"7 RUE JACQUES LIMOUZY, 81100, CASTRES",http://www.immoval81.fr/
753131598,IMMOVANCE,"55 avenue Clément Ader, 34170, CASTELNAU LE LEZ",http://www.immovance.fr/
890023013,IMMOVEA,"6 Rue Du Sauvignon, 34490, Lignan-sur-Orb",https://www.agence-immovea.fr/
501788871,IMMOVERSIA,"27 rue Bonnabaud, 63000, Clermont-Ferrand",https://immoversia.fr/
491384178,ImmoVienne Ligugé,"36 Grand Rue, 86240, Ligugé",https://www.immovienneliguge.fr/
879822435,IMMOXALIS,"3 Rue de la Champagne, 25300, Houtaud",https://immoxalis.fr/
101371243,IMMOYA,,http://immoya.fr/
943785279,IMMOZAP - L'immobilier réinventé,"7 rue de Metz, 03500, Saint-Pourçain-sur-Sioule",https://immozap.fr/
513504498,Immprove COMMERCE,"40 rue du Louvre, 75001, Paris",https://www.immprove.fr/
838822328,IMMÖÖ,"181 Place du Général de Gaulle, 76480, Duclair",http://www.groupeimmoo.fr/
912811205,IMOAVI,"50 AVENUE DE SEGUR, 75015, Paris",http://imoavi.com/fr/
803978477,IMOBOOK,"63-65 GRAND RUE MARIO ROUSTAN, 34200, Sète",https://www.imobook.fr/
523482875,IMOGROUP - AGENCE DU GOLF,"33 RUE DU PRÉSIDENT ROOSEVELT, 03120, LAPALISSE",http://www.imogroup-lapalisse.com/
424842631,IMOGROUP TOURNUS,"1 RUE JEAN JAURES, 71700, TOURNUS",http://www.imogroup-tournus.com/
699200051,IMOJA,"60 avenue du Canada, 35200, Rennes",https://www.imoja.fr/
532290590,IMONET Immobilier - Bussy-Saint-Georges,"11 AVENUE JACQUES CARTIER, 77600, Bussy Saint Georges",https://www.imonet.fr/
890760572,IMONYA,"7 RUE JEANNE D'ARC, 76000, Rouen",https://www.imonya.fr/transaction-immobiliere/
844296434,IMOP,"67 RUE SAINT-JACQUES, 75006, PARIS 06",http://www.imop.fr/
538320169,IMOV'IMMO,"3 bis avenue du marché, 30700, Saint-Quentin-La-Poterie",http://www.imovimmo.fr/
832910988,IMOZEN,"64 Chemin de La Capellane, Parc Burotel, 83140, Six-Fours-les-Plages",http://www.imozen.fr/
952727279,IMPACT IMMO PUTEAUX 92800,"59 Boulevard Richard Wallace, 92800, Puteaux",https://www.impact-immo.com/
385348834,IMPACT IMMOBILIER,"380 GRANDE RUE, 01570, FEILLENS",https://impactimmobilier01.fr/
478403850,IMPACT IMMOBILIER,"38 rue du Maréchal Foch, 59120, Loos",http://www.impact-immobilier.fr/
513791772,Impact Immobilier,"1 Place de la Barre, 18000, Bourges",https://impact-immobilier18.fr/
909506842,IMPAKT IMMOBILIER,"4 IMPASSE DU CHARME, 90300, SERMAMAGNY",http://www.impakt-immo.com/
069802106,IMREP,"76 BD STE MARGUERITE, 13009, Marseille",http://www.imrep.fr/
515060606,IMTERVAL,"75 RUE CUVIER, 69005, Lyon",https://www.imterval.fr/
983844077,IMWEST,"3, avenue Germaine Tillion, 35136, Saint-Jacques-de-la-Lande",https://www.imwest.fr/
334685930,IN SITU,"12 Rue Alsace Lorraine, 30240, Le Grau-du-Roi",http://www.insitu-immobilier.fr/
893526632,IN SITU CONSTRUCTEUR,"2 Rue de la Blanchisserie, 69220, Belleville-en-Beaujolais",https://in-situ-constructeur.fr/
495194953,IN VESTISS FRANCE,"268 chemin de Crépy, 60700, Pontpoint",https://www.investissfrance.fr/
802909895,IN'SITOM,"91 avenue d'Espagne, 64600, ANGLET",https://www.insitom.com/
911263804,In-Cessio,"36 Rue du Levant, 72100, Le Mans",http://www.in-cessio.com/
832165963,Inati,"2, rue Pierre Gilles de Gennes, 64140, Lons",http://www.inati.fr/
775584519,INCITE,"101 COURS VICTOR HUGO, 33000, bordeaux",https://www.incite-bordeaux.fr/
790613046,INDEPIMMO,"11 AVENUE MICHELET, 49300, Cholet",http://www.indepimmo.fr/
312577422,INDIGO NEO,"48 AVENUE DU GENERAL DE GAULLE, 92800, Puteaux",https://www.indigoneo.fr/fr
814763728,INDIVIS IMMOBILIER,"4, rue des Bas Rogers, 92800, Puteaux",https://www.indivis.fr/
799883921,INDUSTRIMMO SAS,"10 RUE GUADET, 33000, Bordeaux",http://www.industrimmo.com/
500944012,INEDIT IMMOBILIER,"23 place du marechal leclerc, 59000, Lille",http://www.inedit-immobilier.com/
448464602,Ingui Consultant,"6 avenue Ariane, 33700, Merignac",https://www.ingui-consultant.fr/
798990685,INITIAL IMMOBILIER,"Rue Anna et Gaston DUBOIS, 37360, ROUZIERS DE TOURAINE",http://www.initial-immobilier.com/
829608421,INITIATIVE IMMOBILIER,"6 A RUE DU CHEMIN DE FER, 67760, Gambsheim",https://initiative.immo/
880324751,INNEO PROMOTION,"4 Impasse Forlen, 67118, Geispolsheim",https://inneo-promotion.fr/
833406408,Innov Immo,"6, Rue des Echeneaux, 73170, Yenne",http://www.innov-immo.fr/
801433699,INNOV IMMOBILIER DIJON,"13 RUE CHARRUE, 21000, Dijon",https://www.innov-immobilier-dijon.fr/
919395574,INNOV IMMOBILIER SAINT MARCEL,"2a Rue du Jeu d'Arc, 71380, Saint-Marcel",https://www.innov-immobilier71.fr/
979028958,Innov immobilier Saint-Vit,"11 Rue de Besançon, 25410, Saint-Vit",https://www.innovimmobilier25.fr/
842892838,INNOVE IMMO Le Chesnay,"24 rue Pottier, 78150, Le Chesnay-Rocquencourt",http://www.innove-immo.com/
912236940,INNOVEO,,https://www.agence-innoveo.fr/
810774224,INNOVILLA TRANSACTION,"15 RUE DE LA POSTE, 31140, MONTBERON",http://groupeinnovilla.fr/transaction
824385868,Innovimmo Strasbourg,"1 Rue de Belfort, 67100, Strasbourg",http://www.innovimmo-strasbourg.fr/
780705703,INOLYA,"7 place foch, 14010, CAEN",http://www.inolya.fr/
839734001,INOVA,"19 Rue de la Chalotais, 35000, Rennes",https://www.inova-immo.com/
950476028,INOVISTA,"15 Rue Jules Thirel, 97460, Saint-Paul",https://www.inovista.re/
523335578,INOVY,"6 rue de Molina ""Le 912"", 42000, Saint-Etienne",https://inovy.fr/
453317760,INSCITY -LOTICENTRE,"34 rue du gué verthamont, 87000, Limoges",http://www.inscity.fr/
952782829,INSPIRE IMMO,"69 RUE D'AUSTERLITZ, 59200, Tourcoing",http://www.inspireimmo.com/
510507783,INSPIRIMMO,"10 Rue des Gaudines 78100 Saint-Germain-en-Laye, 78100, Saint-Germain-en-Laye",http://www.inspirimmo.fr/
884141888,INSTANT IMMOBILIER,"20 rue René Leynaud, 69001, Lyon",http://www.instant-immo.com/
929043909,INSULA IMMOBILIER,"3 rue Jacques Faggianelli, 20200, Bastia",https://www.insula-immobilier.com/
830534046,INSULAE,"4 PLACE DE LA TRINITE, 44190, Clisson",https://www.insulae-construction.com/
488169004,INTENCITY,"31 rue de Reuilly, 75012, Paris",https://www.intencity.fr/
880425285,INTENDANCE ET SERVICES IMMOBILIERS,,http://inetse-immo.fr/
509988754,Intens'Immo,"18 COURS PIERRE DIDIER, 26100, Romans-Sur-Isère",http://www.intensimmo-drome.com/
937684942,INTERCAB IMMO,"14 RUE DES ELUS, 51100, Reims",https://www.intercabimmo.com/
884853417,INTERFACE Food & Business,"45 RUE GAMBETTA, 64200, BIARRITZ",https://interface-commerces.octissimo.com/
845337260,INTERFAS,"26 Chemin Hautbois, 97417, Saint-Denis",https://interfas.re/fr/
403525405,Interplages Le Havre,"98 Bd Clemenceau, 76600, Le Havre",https://www.interplageslehavre.com/
832340624,INTUITION,"13 rue des Etats-Unis, 06400, Cannes",https://www.intuition.immo/
941985475,INV'EST IMMOBILIER,"27 Rue de Remiremont, 88000, Épinal",https://inv-est.fr/
802650481,INVEST IMMO,"85 avenue de la republique, 93150, Le Blanc-Mesnil",http://www.agenceinvestimmo.fr/
890530314,INVEST IMMO,"37 Rue Mathurin Renaud, 93000 Bobigny, France",https://www.agenceinvestimmo.fr/
479451916,INVEST'IMMO GARD,"32, GRAND RUE, 30230, Bouillargues",https://www.investimmogard.fr/
845081769,INVESTIMMO,"23 rue Roger Salengro, 62230, OUTREAU",http://www.agence-investimmo.fr/
473200590,INVESTIMO,"6 BIS CR DE GOURGUE, 33000, Bordeaux",http://www.investimo.fr/
450120423,Investir Immobilier,"34 bis Rue de Bellevue, 63400, Chamalières",https://investir-immobilier.fr/
832050124,INVESTIR L'AVENIR,"9 RUE ROBERT DOUINEAU, 44230, Saint-Sébastien-Sur-Loire",http://www.investir-lavenir.fr/
505142984,INVESTISSEUR IMMO FR,"1 Grande allée du 12 février 1934, 77186, Noisiel",http://www.investisseur-immo.fr/
808101497,INVESTOR,"54 AVENUE DE SAXE, 69006, Lyon",https://www.investorimmobilier.com/
452465552,Investoria,"21 Rue Jean Bertin, 26000, Valence",http://www.investoria.fr/
828685859,Invictus Patrimoine,"1O1 Rue Lamarck, 75018, Paris",https://www.invictuspatrimoine.com/
932886757,INVOGUE REALTY,"9 Rue François Dezort, 78490, Méré",https://www.invoguerealty.com/
821414430,IPSL IMMO,"21 AVENUE CHARLES MONIER, 77240, Cesson",https://www.ipsl-immo.fr/
911005585,Ipso Immobilier,"-------------, 69002, Lyon 2e Arrondissement",https://www.ipsoimmobilier.com/
527905954,IRIA IMMOBILIER,"17 rue Pierre Trappier, 74300, Cluses",http://www.iria.fr/
910791896,IRIA IMMOBILIER,"12 bis boulevard du Canigou, 66240, Saint-Estève",https://www.iriaimmobilier.com/?fbclid=IwY2xjawLPJKNleHRuA2FlbQIxMABicmlkETFTSW9VWUdHRVBMN0E3Yms0AR5TF9Y4cUxAXaHIZtSEb_Fn3t5cNw8CHLNCHEyGbcGLMKclRCaqBpE
339311060,IROISE IMMOBILIER.,"27 RUE VICTOR EUSEN, 29200, Brest",http://www.iroiseimmo.fr/
899192389,IRS IMMOBILIER Ardèche,"8 Place Paul Mercier, 07110, Largentière",https://www.irs-immobilier.com/
841612120,ISA IMMO,"21 avenue de la Prairie, 60360, Crèvecoeur-le-Grand",http://isa-immo.com/
508493798,Isabelle Château Immobilier,"166 rue d'Aguesseau, 92100, Boulogne-Billancourt",https://www.icimmobilier.com/
491717799,ISAUTIER IMMOBILIER,"52 RUE AUGUSTE BABET, 97410, Saint-Pierre",https://www.isautier.re/
998318711,ISERE HABITAT,"10bis avenue de Francs-Tireurs et Partisans Français- Bâtiment PIXEL, 38432, ECHIROLLES CEDEX",http://isere-habitat.fr/
982580144,ISIA IMMO,"40 RUE DE STRASBOURG, 44000, NANTES",https://www.isia-immo.com/
395326408,ISIS IMMOBILIER,"RESIDENCE LES PLAGES BAT D, 66470, Sainte-Marie",https://www.isisimmo.com/
891921413,ISLE DOUBLE IMMO,"13 B RUE FOIX DE CANDALE, 24700, Montpon-Ménestérol",https://www.isledouble-immo.com/
317528255,ISP,"18 AVENUE ROGER CHAUDON, 13290, Aix-en-Provence",http://www.isp-immobilier.com/
483422663,ISR,"78 RUE REAUMUR, 75002, Paris",http://isrimmo.com/
877701763,ISSOUDUN IMMOBILIER,"13 PLACE DE LA POTERIE, 36100, Issoudun",http://www.issoudun-immobilier.fr/
488333972,ITA - BITZ Immobilier,"21B ROUTE DE LA WANTZENAU, 67800, HOENHEIM",http://www.ita-immobilier.fr/
342394277,ITC IMMOBILIER,"17 BD DU PORTALET, 30500, Saint-Ambroix",http://www.itc-immobilier.com/
435331475,ITINERIS BUILDING TRANSACTION,"171 BOULEVARD LAFAYETTE, 63000, Clermont-Ferrand",http://www.itineris-building.fr/
524328820,Itinéraire Immobilier,"50 Rue Alphonse Leroy, 59800, Lille",https://www.itineraireimmobilier.com/
838876514,IVACO,"12 Place de La Madeleine, 56000, Vannes",http://www.maisons-ivaco.com/
931795371,IVEC Immobilier,"5 rue Charles de Wendel, 67118, GEISPOLSHEIM",http://www.agence-ivec.com/
888683810,IvyNest - Coliving,"3 avenue Saint Maur, 59110, La Madeleine",https://ivynest.fr/
528370570,J B S REALISATIONS,"1 rambla de Pau I Treva, 66350, Toulouges",http://www.jbs-realisations.fr/
844029454,J&S Immo,"65 AVENUE DE LA REPUBLIQUE, 16260, Chasseneuil-Sur-Bonnieure",https://www.jsimmo.fr/fr
890264047,J'HACHETTE,"23 RUE DES JACOBINS, 60000, Beauvais",https://jhachetteimmobilier.fr/
805200334,J.S.B. IMMOBILIER,"13 RUE POISSONNIERE, 75002, PARIS",http://www.jsbimmo.com/
384113445,J.V.I Immobilier,"10 RUE DU DEPART, 95880, Enghien-les-Bains",http://www.jvi.fr/
440012284,J2T IMMOBILIER,"J2T IMMOBILIER - 15 RUE DE LA CHAUMIÈRE, 28700, Auneau",http://www.j2t-immobilier.fr/
894333236,JAAM IMMO,"234 Chemin des Mûriers, 01090, Montmerle-sur-Saône",https://www.jaam-immo.fr/
818249880,JACP INVEST,"11 Rue du Commandant Arnould, 33000, BORDEAUX",https://jacpinvest.fr/
839430493,JACQUEMARS IMMOBILIER,"61 rue Jacquemars Giélée, 59000, Lille",https://www.jacquemarsimmobilier.fr/
323285817,Jacquemart Immobilier,"15 rue de L'Horloge, 03000, Moulins",http://www.jacquemart-immobilier.fr/
881128722,JADERO IMMOBILIER,"78Bis Route de Paris, 76240, Le Mesnil-Esnard",https://www.jaderoimmobilier.com/
435303664,JADORE IMMOBILIER,"16 rue de la prairie, 88100, Saint-Dié-des-Vosges",http://www.jadore-immobilier.fr/
902170745,JADORETZ IMMOBILIER,"13 RUE DU BON PORT, 44580, Villeneuve-en-Retz",https://www.jadoretz-immobilier.fr/
883014458,JAFFRE Sophie,"-------------, 26230, CHANTEMERLE-LES-GRIGNAN",https://www.reseau-expertimo.fr/1531-mandataire/1
488680711,JAGU Maxime,"-------, 20230, SAN NICOLAO",https://www.reseau-expertimo.fr/2212-mandataire/1
952425791,JAUDE IMMOBILIER,"46 Place de Jaude, 63000, Clermont-Ferrand",https://www.jaudeimmo.fr/
854080439,JAULY IMMOBILIER,"33 rue des frères Lumière, 77100, Meaux",https://www.jauly.com/
985065390,Jausiers Immobilier,"45 Grand Rue, 04850, Jausiers",https://www.jausiers-immo.com/
788674638,JAXED,"8 rue Henri Becquerel, 49070, Beaucouzé",https://www.jaxed-accession.fr/
437581291,JAYER ET DUMAS TRANSACTIONS,"46 RUE MICHELET, 71100, Chalon-Sur-Saône",http://www.immobilier-jayerdumas.com/
822488730,JB Immobilier,"18 place de le République, 80800, Corbie",http://www.jbimmobilier.fr/
348713793,JB transactions,"2 place du Livradois, 63600, AMBERT",http://www.jb-transactions.fr/
403290570,JBM IMMOBILIER,"10 RUE CHARLES DE GAULLE, 95270, Luzarches",http://www.jbmimmobilier.com/
327423810,JBM MAISONS INDIVIDUELLES,"74 D Avenue d'Andrézieux Bouthéon Les Quatre Routes, 42340, Veauche",http://www.maisons-jbm.com/
808989727,JC IMMO,"92 Chemin du Névon, 84800, L'Isle Sur La Sorgue",http://www.jc-immo.com/
818816993,JC IMMOBILIER,"12 rue Sainte Anne, 78730, Saint-Arnoult-en-Yvelines",https://www.jcimmobilier.fr/
413909524,JCB IMMOBILIER,"10, PLACE SAINT SERNIN, 31000, Toulouse",http://www.jcbimmo.fr/
991312570,JCI IMMOBILIER,"1 bis Bd Cotte, 95880, ENGHIEN-LES-BAINS",http://www.jci-immobilier.fr/
834684771,JCM Immobilier,"110 bis Boulevard de Courtais, 03100, MONTLUCON",http://jcmimmobilier.com/
840508493,JD IMMOBILIER,"5 rue de Lattre de Tassigny, 85260, L'Herbergement",http://www.jd-immobilier.com/
500876164,JDC CONSEIL IMMOBILIER,"12 RUE DE VANVES, 92140, CLAMART",http://www.jdc-conseil-immobilier.fr/
488706052,JDV GESTION Agence Immobilière,"rue porte au rupt, 55200, COMMERCY",http://www.agence-immobiliere-gestion.fr/
450005475,JEAN IMMOBILIER,"10 BIS BOULEVARD YVES GUILLOU, 14000, Caen",http://www.jean-immobilier.fr/
483609194,JEAN-FRANCOIS SCHINDLER IMMOBILIER,"13 PLACE DU GENERAL DE GAULLE, 90110, Rougemont-Le-Château",http://www.schindler-immobilier.fr/
823931332,Jean-François Orhant Immobilier,"3 allée Pierre Bouguer, 56000, Vannes",https://immobilier-orhant.fr/fr/
883493165,JEAN-PHILIPPE CASSAN IMMOBILIER,"5 avenue Gambetta, 15000, Aurillac",http://www.cassan-immobilier.fr/
829532936,JEANNE IMMO,"12 B quai Charles Vallet, 90000, Belfort",http://www.jeanne.immo/
532116662,JENNIFER & JEROME,"77 BIS RUE DES CHESNEAUX, 95160, Montmorency",http://www.jdi95.com/
492992433,JEROME GENEVOIS IMMOBILIER,"GRANDE RUE, 01560, Saint-Trivier-De-Courtes",http://www.imogroup-saint-trivier.com/
885373084,Jessica Immobilier,"18 RUE DU COLONEL DRIANT, 10000, Troyes",https://www.jessicaimmobilier.com/
790969729,Jestocke.com,"Siège social, 33000, Bordeaux",https://www.jestocke.com/
809950470,JF Immobilier Albertville,"5 place de la Croix de l'Orme, 73200, Albertville",http://www.jf-immobilier.com/
880412671,JF LEGENDRE IMMOBILIER,"4101 ROUTE DE LA MIDOUZE, 40400, Carcarès-Sainte-Croix",https://www.jflegendreimmobilier.fr/
810227348,JFM INTERNATIONAL,"8 rue Emile Zola, 66750, Saint Cyprien",http://www.jfm-international.com/
897564092,JINVESTY IMMOBILIER,"12 rue de Clisson, 56100, Lorient",https://www.jinvesty-immobilier.com/
378948319,JJC INTERNATIONAL,"27 Boulevard Albert 1 er, 06600, Antibes",https://jjc-international.com/fr/
505069096,JJP IMMOBILIER,"25 BIS PLACE BARBIER, 60210, Grandvilliers",http://www.jjp-immo.com/
103741005,JK IMMOBILIER,"3 Montée de la Servy, 13119, Saint-Savournin",https://www.jk-immobilier.fr/
824802649,JL IMMOBILIER,"406 AVENUE DE LA JUSTICE DE CASTELNAU, 34090, Montpellier",http://www.jl-immobilier.com/
822368783,JL PARTNERS,"8 Avenue de Terrefort, 33520, Bruges",https://jlpartners.fr/
507983401,JLV IMMOBILIER,"16 RUE DE LA REPUBLIQUE, 59430, SAINT POL SUR MER",http://www.jlv-immobilier.fr/
509478384,JLW GESTION,"36 BIS RUE NICOLAS LEBLANC, 59000, Lille",http://www.jlw-immobilier.fr/
753999838,JLW IMMOBILIER,"1 PLACE PHILIPPE LEBON, 59000, Lille",http://www.jlw.fr/
991486374,JM IMMOBILIER,"31 Rue du Souvenir Français, 34190, Ganges",https://www.jmimmobilier-immo.fr/fr/
501234991,JM IMMOBILIER CABINET JOUBERT GESTION,"15 Rue Paul Lorillon, 95440, ECOUEN",http://www.jmimmobilier.fr/
920337656,JMA IMMO,"154 rue Victor Hugo, 76600, Le Havre",https://www.jmaimmo.com/
479600660,JMB IMMOBILIER,"48 PLACE BOMPAIRE, 12100, Millau",https://www.jmb-immobilier.com/
437583016,JMJ IMMOBILIER RANTIGNY,"centre commercial du relais de poste BP23, 60290, RANTIGNY",http://www.jmj-immobilier.com/
942126459,JMM IMMOBILIER,"12 rue Lalande, 01000, Bourg-en-Bresse",https://jmm-immobilier.fr/
909431116,JMS IMMOBILIER,"77 RUE D ALLIER -, 03000, MOULINS",https://www.jmsimmobilier.fr/
893980581,Jo Immobilier,"10 RUE DE LA RETRAITE, 67115, Plobsheim",https://www.joimmobilier.com/
494104599,JOCELYN PLESSIET - Agence Conseil en Immobilier,"7 RUE D ARRAS, 62450, Bapaume",http://www.jocelynplessiet.com/
901394650,JODY IMMOBILIER,"3 Rue de l'Hôtel de ville, 38260, La Côte-Saint-André",http://www.jodyimmobilier.fr/
880468038,JOHN & CIE,"VITROLLES, 13127, Vitrolles",http://www.johncie.com/
443821467,JOIN IMMOBILIER,"69 RUE DE LA BARRE, 76200, Dieppe",http://www.join-immobilier.com/
887924405,JOLY HOME,"1418 Route du Col des Aravis, 73590, La Giettaz",https://www.jolyhome.com/
935233445,"JORAN IMMOBILIER - Vente, location, syndic","41 CHEMIN DU COTEAU DES FINS, 74350, Andilly",http://www.joran-immobilier.fr/
841503501,Joseph Immobilier,"23 BOULEVARD LAZARE CARNOT, 31000, TOULOUSE",http://www.joseph-immobilier.com/
505132589,JOUAN IMMOBILIER,"17 COURS DE LA REPUBLIQUE, 03800, Gannat",http://www.immocentrefrance.fr/
848437737,JRDU Immobilier,"210 AVENUE PIERRE SEMARD, 84200, Carpentras",http://www.jrdu-immobilier.gnimmo.com/
523391019,JS HABITAT,"1 Rue de Walbourg, 67300, Schiltigheim",http://www.jshabitat.com/
948026398,JSB IMMO,,https://jsbimmo.fr/fr/
527994412,JT IMMOBILIER - Chateaudun Patay Immobilier,"15 RUE DE LA REPUBLIQUE, 28200, Châteaudun",http://www.chateaudun-immo.fr/
918507039,JULIE IMMOBILIER,"20 Rue Lagarrigue, 81500, Lavaur",https://www.julieimmobilier81.com/
888750064,Julien Droulez,"----, 42450, Sury-Le-Comtal",https://www.juz-immobilier.com/
810549576,JULIEN IMMO,"13 Rue de Belfort, 68200, Mulhouse",http://www.julien-immo.fr/
354500316,JULLIEN ET ALLIX,"34 PLACE DE L'HOTEL DE VILLE, 76600, LE HAVRE",http://www.jullien-allix.fr/
481650281,JUM IMMO,"25 AVENUE ANATOLE FRANCE, 93500, PANTIN",http://www.jumimmo.com/
930620497,JUND IMMOBILIER,"43 RUE DES MOUTONS, 67500, Haguenau",https://www.jundimmobilier.fr/
951567718,JUNE IMMOBILIER,"3 route de Marennes, 69970, Chaponnay",https://www.june-immobilier.com/
803416791,JUNGLE IMMOBILIER,"78 route de Paris, 76240, Le Mesnil-Esnard",http://jungleimmobilier.com/
891207912,JURISTIMMO,"150 COURS DU MIDI, 84850, Camaret-sur-Aigues",https://www.agence-juristimmo.com/
843672288,Just in Home | L'immobilier sur-mesure à Bayeux,"18 RUE DES CUISINIERS, 14400, Bayeux",http://www.just-in-home.fr/
538954017,JUST'IMMO,"4 AV PIERRE BROSSOLETTE, 10000, Troyes",http://www.just-immo.fr/
919790766,JUSTAGER,"23 Rue Du Lautaret, 44220, Couëron",https://www.justager.fr/vendre-en-viager/
981534415,Justine Bertola - L'agence immo,"288 Rue Francois Mitterrand, 01630, Saint-Genis-Pouilly",https://www.lagenceimmo01.fr/
893175968,JUSTUNTOIT,"11 Rue Amiral Troude, 29200, Brest",https://www.justuntoit.fr/
851164913,Jérome Toulon Immobilier,"28 avenue de la République, 17420, Saint-Palais-sur-Mer",https://www.jtimmobilier.fr/
908564537,Jérémy AUTIÉ / J.A Immobilier,"29 montée de l'arpasse, 06670, Levens",https://jeremy-autie-immobilier.com/
838370203,Jérôme Richard Immobilier,"19 Bd Victor Hugo, 44110, Châteaubriant",http://www.jerome-richard-immobilier.fr/achat-location-immobilier-chateaubriant-loire-atlantique-44
520597980,K&P IMMOBILIER,"17 PLACE DE L EGLISE, 69420, Ampuis",http://www.kpimmobilier.fr/
521173435,K-HOME,"3 rue de l'Epine, 67000, STRASBOURG",https://www.k-home.fr/
980081657,K-Ré IMMOBILIER,"11 Place de la Gare, 95250, Beauchamp",https://www.kreimmo.com/
881866305,K.L&D - IMMO,"49 Grande rue, 69390, Millery",https://kld-immobilier.fr/
840769889,Kahûte,"86B Av Lanessan, 69410, Champagne-au-Mont-d'Or",https://kahute.fr/
492876958,KALELITHOS,"355 RUE VENDEMIAIRE, 34000, Montpellier",https://www.kalelithos.fr/
753000405,Kali Immobilier,"3 PLACE SAINT HERBOT, 29490, Guipavas",http://www.kali-immobilier.fr/
938492956,KALIA IMMO,"8A Rue Principale, 25320, Busy",https://www.kalia-immo.fr/
909615353,Kaliact Immobilier 62,"31 Place Jules Senis, 62400, Béthune",https://kaliact.com/etude/selarl-kaliact-62/
938444486,KALIGONE IMMOBILIER,"41 Rue de Guebwiller, 68260, Kingersheim",https://www.kaligone.immo/
750828444,KALIMO CONCEPT,"42 LE LUCANDREAU, 33114, Le Barp",http://www.kalimo.fr/
492388863,KALLISTÉ CONSEIL - Agence immobilière,"12 boulevard Fred Scamaroni, 20000, Ajaccio",https://kallisteconseil.fr/
943492132,Kaméléon Immobilier,"49 rue Masséna, 69006, Lyon",http://www.kameleon-immobilier.fr/
891801102,KARIKA IMMOBILIER,"CHEMIN DES VERNEDES - Bâtiment espace Vernèdes 7, 83480, Puget-sur-Argens",http://www.karika.fr/
879650885,KARIN ARNAUD IMMOBILIER,"2 Rue Voltaire, 38000, Grenoble",http://karinarnaudimmobilier.fr/
792076283,KARIN IMMOBILIER,"RUE NEUVE, 34390, Olargues",https://www.immobilierhautlanguedoc.fr/
513155028,Karine DUSSUD,"---------------, 69440, SAINTE CATHERINE",https://karine-dussud.capifrance.fr/fr
829523075,Karine Marotel-MeilleursBiens Immobilier,"----------, 88000, EPINAL",https://www.reseau-expertimo.fr/2496-mandataire/1
810389379,Kate BROWN E.I.,"--------, 40510, Seignosse",https://katebrownimmobilier.com/
500035357,KATEL IMMO,"LES RUES FRESNEL, 35160, Monterfil",http://www.katelimmo.com/
952666592,KATIA IMMOBILIER,"61 rue Mail, 49100, Angers",https://www.katiaimmo.com/
479289233,Kaufman & Broad,,https://www.kaufmanbroad.fr/
849182225,KAYZO Invest,"39 rue Jean Lecanuet, 76000, Rouen",https://www.kayzo.fr/
752542183,KAZE REUNION IMMOBILIER,"103 RUE DU GENERAL DE GAULLE LOCAL 1, 97400, Saint-Denis",http://www.kaze-immobilier.fr/
843818386,Kazeo,"Villa Kazaloge Quartier Bac, 97224, Ducos",https://www.kazeo.immo/
953468220,KB IMMO 31,"4 PLACE PIERRE RICHARD, 31320, Castanet-Tolosan",http://www.kbimmo31.fr/
941729816,KB IMMOBILIER,"1 Grand Rue, 07000, Privas",https://www.kb-immobilier.fr/
921198073,KD IMMOBILIER,"21 Rue Charles Nedelec, 13110, Port-de-Bouc",https://www.kd.immo-conciergerie.fr/
951513779,KEASE,,https://keaserealty.com/
833263999,KEGO,"10 Rue Leitersperger, 67100, Strasbourg",http://www.kego.fr/
537481954,KEISER Nicolas,"64 route de Tyrosse, 40150, Angresse",https://www.landesimmo40.com/
903357317,Kenavhome,"34 places des lices, 35000, Rennes",https://kenavhome.com/
490899705,Kennedy Immobilier,"534 AVENUE DU PRESIDENT JOHN KENNEDY, 83140, SIX FOURS LES PLAGES",https://www.kennedy-immobilier.com/
442333852,KEOPS,"24 av Bunau Varilla, 11000, CARCASSONNE",http://www.keops-carcassonne.com/
477537294,KEOPS IMMOBILIER,"5 ALLEE JACQUES BREL, 34470, Pérols",http://www.agenceimmo34.com/
699200523,KEREDES PROMOTION,"110 BOULEVARD GEORGES CLEMENCEAU, 35200, Rennes",https://keredes.coop/
380301747,KERENTREE IMMOBILIER,"1 rue de Kérentrée, 29120, Pont-l'Abbé",https://www.kerentree-immobilier.fr/
441028073,Kerhuon immobilier,"7 Rue de la Mairie, 29480, Le Relecq-Kerhuon",https://kerhuonimmobilier.com/
983653395,KERMINE Immobilier,"4 RUE des Bains, 35400, Saint-Malo",http://kermine-immobilier.com/
878563972,Ketzinger International Realty,"91 Rue du Faubourg Saint-Honoré, 75008, Paris",http://www.ketzinger.fr/
889022950,Keymex Synergie,"590 rue Jean Renoir, 60230, Chambly",https://www.keymex.fr/agence-immobiliere/l-isle-adam/
933349615,Keymojo,"2 Rue de la Mabilais, 35000 Rennes, 35200, Rennes",http://www.keymojo.fr/
844744284,KEYS CONSULTING,"24 rue de Bussière, 67000, Strasbourg",https://www.keysconsulting.fr/
940930035,KEYSTONE IMMOBILIER,"3 Rue Adolphe Guiol, 83000, Toulon",https://www.keystoneimmobilier.com/
902137439,KFJ EXPERT HOME,"6 rue de meaux, 77580, Sancy",https://kfjexperthome.fr/
944613116,KG IMMOBILIER TRANSACTION,"5 rue GUERRIER DE DUMAST, 54000, NANCY",https://kgtransaction.fr/
982696320,KHAN Immobilier,"53 rue lafaurie de monbadon, 33000, bordeaux",https://www.khan-groupe.com/
910419753,KHEOPS INVESTISSEMENT,"23 Rue du Cirque, 75008, Paris",https://kheops-investissement.com/
800506685,Ki BUZZ immo,"5, impasse d'en Guillou, 31450, Ayguesvives",http://www.kibuzzimmo.fr/
844088658,KIC IMMOBILIER,"88 avenue du Général Leclerc, 11000, Carcassonne",http://www.kervran-immobilier.com/
984928549,KIIZE,"379 Chemin de Cabestany À Bompas, 66000, Perpignan",https://agence-kiize.fr/fr/
949076822,KINDI IMMOBILIER,"25 Rue Pierre de Coubertin, 33700, Mérignac",https://www.kindimmobilier.fr/
485304802,KL IMMO,"30, rue de la 1ere armée française, 68000, Colmar",http://www.klimmobilier.fr/
832868400,Klassic Immo ️ Agence Immobilière Tourcoing,"4 PLACE NOTRE DAME, 59200, Tourcoing",http://www.klassic-immo.com/
513795286,KLEIN IMMOBILIER,"-------------, 38000, GRENOBLE",https://www.gn.immo/
980024152,Kléo Immobilier - AJACCIO,"5 AV EUGENE MACCHINI, 20000, Ajaccio",https://www.kleo-immobilier.com/
792293839,KM CREATION,"66, 68 Avenue des Pyrénées, 31600, Muret",https://www.facebook.com/KMCreationKMConstruction/?locale=fr_FR
385142757,KORINE OLIVIER,"105 Avenue de BREDASQUE, 13090, AIX EN PROVENCE",http://www.korineolivier.com/
829917145,KORN IMMOBILIER COMMERCIAL,"89 B AVENUE DES TERNES, 75017, PARIS",https://korn-immo.fr/
422490086,KOTE MAISON ALENCON,"42 rue saint blaise, 61000, Alençon",http://www.kotemaison.com/
450670880,KOYTCHA IMMO,"45 RUE ALEXIS DE VILLENEUVE, 97400, Saint-Denis",https://www.koytchaimmo.re/
799709787,KP IMMOBILIER,"18 boulevard Yvan pelissier, 11590, Cuxac D'aude",http://www.kpimmobilier.com/
500853734,KP PROMOTION 2,"340 Rue de l'Eygala, 38430, Moirans",https://kp-habitat.fr/
817926777,KRC IMMO,,https://www.krcimmo.fr/
103024154,KRC Immobilier & Finances,"1 Rue du Commandant Marceau, 30240, Le Grau-du-Roi",http://www.krcimmobilier.com/
750898298,Kris’Immobilier,"85 BIS RUE JEAN JAURES, 77440, Lizy-Sur-Ourcq",https://krisimmobilier.com/
817956279,Krystel Niero - Univers City Immo,"23 Rue de Nantes, 44840 Les Sorinières, France",http://www.univers-city-immo.fr/
493487094,KRYSZKE Frédéric,"------------, 59274, MARQUILLIES",https://www.reseau-expertimo.fr/2416-mandataire/1
439834441,KS IMMO SERVICE,"15 RUE DU REMPART, 68000, COLMAR",http://www.ksimmo-service.fr/
922063672,KUBE IMMOBILIER,"43 rue des Romains, 57580, Rémilly",https://www.kube-immo.com/
885279240,KUBIMMO,"Avenue Jacques Cartier, 77600, Bussy-Saint-Georges",http://www.kubimmo.com/
983102229,KYROS,"Boulevard Ampère, 44470, Carquefou",https://kyros.immo/
832359418,Kévork Immobilier,"56 RUE CLAUDE BERNARD, 26500, Bourg-Lès-Valence",http://www.kevork-immobilier.com/
500328422,L & F IMMOBILIER,"RUE DE LA CHAPELLE, 83270, SAINT CYR SUR MER",https://www.st-cyr-immobilier.com/fr
919624726,l AGENCE BAUDOIN,"2 rue du Bois aux Moines, 28210, Bréchamps",http://www.lagencebaudoin.fr/
481706950,L AGENCE D AIX EN PROVENCE,"6 COURS MIRABEAU, 13100, AIX EN PROVENCE",http://www.agenceaixenprovence.com/
507611424,L AGENT IMMOBILIER,"36 RUE VENDOME, 69006, Lyon",http://www.lagentimmobilier.fr/
912728227,L et N Immobilier,"8 All. George Sand, 26000, Valence",https://www.l-n-immobilier.fr/
887545952,L EVIDENCE IMMOBILIERE,"2 avenue du gulf stream, 44380, Pornichet",https://www.levidence-immobiliere.fr/
817536907,L IMMOBILIER AUTREMENT,"10 place Georges Clémenceau, 83920, La Motte",http://www.immobilier-a-la-motte.fr/fr
482000270,L IMMOBILIER DE L ORANGERIE,"35/37 AVENUE DE VERDUN 79000 Niort, 79000, Niort",http://www.immobilier-orangerie.fr/
537910689,L IMMOBILIER DES FONTAINES,"164 AVENUE CHARLES DE GAULLE, 84210, PERNES LES FONTAINES",http://www.immobilierdesfontaines.fr/
820145084,L IMMOBILIER PAR REMI SERAIS,"2 rue de vire, 14110, Condé-Sur-Noireau",http://www.remiserais-immobilier.fr/
448908061,L IMMOBILIERE Bernard LACOSTE,"9 bis Bd Jules Ferry, 75011 Paris, 75011, Paris",https://www.limmobiliere-bl.com/
884676602,L IMMOBILIERE BETHUNOISE,"182 rue Sadi Carnot, 62400, Béthune",https://www.immobiliere-bethunoise.fr/
868200098,L IMMOBILIERE COULON LOCATIONS,"34 AVENUE JULIEN - BP 410, 63000, Clermont-Ferrand",https://agence-immobiliere-coulon.fr/
801132051,l immobiliere des calanques,"19 rue alexandre gervais, 13260, Cassis",https://www.immocal-13.com/
501288245,L IMMOBILIERE DU LOISON,"3 BIS AVENUE ANATOLE FRANCE, 54000, Nancy",http://www.immobiliereduloison.com/
329631618,L IMMOBILIERE DU PARC,"18 PLACE DU COMTE HAYMON, 91100, Corbeil-Essonnes",http://www.immobiliere-du-parc.fr/
839092079,L IMMOBILIERE MORANCAIS,"2255 ROUTE DE NEUFCHATEL, 76230, Isneauville",http://www.morancais.fr/
804821825,L&A Commerces,"4 Place Jean Jaurès, 37000, Tours",https://la-ie.fr/
930727573,L&A IMMOBILIER ASSOCIES,"28 rue de la République, 27500, Pont-Audemer",http://www.la-associes.immo/
449036409,L&B immobilier,"4 Avenue de Verdun, 06000, Nice",http://www.lb-immobilier.fr/
921425864,L&LA,"50 cours sextius, 13100, Aix-en-Provence",https://www.lla-international.com/
790331979,L&S Immobilier,"77 avenue du Général Leclerc, 95250, Beauchamp",https://www.agencelsimmo.com/
811243823,L' AGENCE,"10 Place Henri Cordesse, 48100, Marvejols",https://immobilieragence.fr/accueil-agence-immobiliere-lagence-marvejols.html
905398491,L' AGENCE,"12 PLACE DES CORDELIERS, 07100, Annonay",http://www.lagenceannonay.com/
891999583,L' AGENCE DU COMMERCE,"11 Rue Labie, 75017, Paris",https://lagenceducommerce.fr/
999665292,L' AGENCE JULIE IMMOBILIER,"2-3 rue du dr Pramayon, 13690, Graveson",http://www.lagence-julieimmobilier.com/
894935527,L' Agence Numéro 1,"39 route d'oulins, 28260, Anet",https://www.lagence-numero-un.fr/
937892461,L' AGENCE PYRENEES,"25 Chemin de l'Ensoureyado, 64230, Sauvagnon",https://lagencepyrenees.com/
928863208,L' Agence ô Carré,,https://www.lagenceocarre.com/
980590327,L' Ancre Immobilière,"55b Avenue du Port, 83270, Saint-Cyr-sur-Mer",https://www.lancreimmobiliere.fr/
891928012,L'A2GENCE,"17 AVENUE DES SALADELLES, 13140, MIRAMAS",https://la2gence.fr/
948252259,L'ADJUST IMMOBILIER,"54 Rue de France, 77300, Fontainebleau",https://www.ladjust.com/
519110753,L'AFFICHE IMMOBILIERE,"-------------, 31600, Eaunes",http://www.lafficheimmobiliere.fr/
441234119,L'Agence,"9 place de la république, 14000, Caen",http://www.lagenceimmobilier.com/
450192513,L'AGENCE,"9 RUE DES ARQUEBUSIERS, 67000, Strasbourg",http://www.immobiliere-agence-strasbourg.fr/
510684400,L'AGENCE,"2 RUE EMILE JAMAIS, 30900, Nîmes",https://www.lagence-nimes.com/
538938929,L'Agence,"31 rue des Chênes, 88100, Sainte-Marguerite",http://www.lagenceimmobilier.fr/
801967381,L'AGENCE,"6 AVENUE DU DOCTEUR JEAN JACQUES PERRON, 83400, Hyères",http://www.lagencehyeres.com/
979525862,L'AGENCE,"3 Rue Bernard Palissy, 54300, Chanteheux",https://www.lagencesasimmo.com/
980698740,L'AGENCE,"1 Boulevard du Port, 66420, Le Barcarès",http://www.lagence-barcares.com/
912437811,L'agence & Co.,"4 Rue de Val d'Ize, 35500, Vitré",http://www.lagence-and-co.fr/
948802962,L'Agence & Vous,"13 Rue Tristan Corbière, 56600, Lanester",http://www.lagencetevous56.bzh/
812983716,L'Agence (Vienot Associés),"131, rue du Château, 92100, Boulogne-Billancourt",https://www.lagencedeboulogne.com/
531621910,l'agence - L'immobilier autrement,"Rue René Robin, 63200, Mozac",http://www.lagence-autrement.com/
885054247,L'Agence 27Rue,"15 Avenue du Cimetière, 31500, Toulouse",https://www.27rue.com/
821068715,L'AGENCE 31,,https://www.lagence-31.com/
832772602,L'agence 33,"9 impasse jules hetzel, 33700, Mérignac",https://www.lagence33.com/
949070981,L'agence Autrement,"680 Promenade du Général Charles de Gaulle, 83140, Six-Fours-les-Plages",https://www.lagence-autrement.fr/
917864795,L'agence Azuréenne,"157, avenue de Nice, 06800, Cagnes-sur-Mer",https://www.lagenceazureenne.com/
315129064,"L'agence BENET, une autre idée de l'immobilier","RESIDENCE FONT DU ROY LE LIORAN, 15300, Laveissière",http://www.benet-immobilier.com/
395241284,L'AGENCE BLEUE,"19 Boulevard Roger Salengro, 95190, GOUSSAINVILLE",http://www.immocontact.fr/
798050324,L'Agence Bleue,"3 Rue Adolphe le Bail, 22190, Plérin",https://www.lagencebleue.com/
948650312,L'Agence BOLBEC Immobilier,"1 RUE DE LA REPUBLIQUE, 76210, Bolbec",https://www.facebook.com/p/LAgence-100090064451306/
512483769,L'AGENCE Braine,"42 B RUE DU MARTROY, 02220, Braine",http://www.lagence-immobilier.fr/
389477365,L'Agence by Duho - Agence Immobilière à Thionville,"1 PLACE MARIE LOUISE, 57100, Thionville",https://www.lagencebyduho.fr/l-agence-by-duho-agence-immobiliere-a-thionville/
913304804,L'AGENCE BY IMWEST,"3 RUE DES QUATRE FRERES LEROY QUERET, 56260, Larmor-Plage",https://www.groupe-imwest.com/?jsf=jet-engine&meta=surface_habitable!range:NaN_348
835117649,"L'AGENCE by L.B, Agence Immobilière de la Plaine","129 Rue Commandant Charcot, 69110, Sainte-Foy-lès-Lyon",http://www.lagencebylb.com/
809540016,L'AGENCE BY TOLMAR,"39 AV DU MEDOC, 33320, Eysines",https://www.agencetolmar.fr/
532564309,L'Agence Centrale,"102 Av. Victor Hugo, 93300, Aubervilliers",https://www.agencentrale.fr/
877608315,L'AGENCE D,"8 rue Alexandre Roche, 42300, Roanne",https://www.lagenced.com/
880269659,L'Agence du Centre,"50 Rue Claude Monet, 78955, Carrières-sous-Poissy",https://www.lagenceducentre.fr/
106169071,L'AGENCE DU CHAPUS,"91 Avenue Jean Jaurès, 17560, Bourcefranc-le-Chapus",https://agenceduchapus.com/
899457717,L'Agence du Coin - Saint Hippolyte du Fort,,https://www.agence-du-coin.fr/
949536817,L'agence du Cotentin,"1 RUE URSULA HANS, 50430, Lessay",https://www.lagenceducotentin.immo/annonces/transaction/Vente.html
421780016,L'AGENCE DU GOLF,"1193 BOULEVARD EDMOND LABRASSE, 62780, STELLA",http://www.stella-plage.com/
380027334,L'Agence Du Littoral Agence immobilière PORNIC,"12 QUAI DU 11 NOVEMBRE 1918, 44210, Pornic",https://www.facebook.com/share/1AafqqQXXf/
885069955,L'AGENCE DU LMNP,"21, route de Vienne, 69007, Lyon",http://www.agence-lmnp.com/
979198926,L'AGENCE DU MORVAN,"------------------, 58120, CHATEAU-CHINON (VILLE)",http://www.agencedumorvan.fr/
753579846,L'agence du neuf,"424 Avenue des Digues centre d'affaires Lindgren, 14123, Fleury-sur-Orne",https://www.lagenceduneuf.fr/
983881194,L'AGENCE DU PALAIS,"5 Rue du Palais, 41000, Blois",https://www.agence-palais.fr/
802521187,L'agence du pic St loup,"1005 AVENUE DU CLAPAS, 34980, Saint-Gély-Du-Fesc",http://www.lagencedupicstloup.fr/
447491432,L'AGENCE DU SOLEIL,"3, Avenue Saint-Sébastien - Le Clos Saint-Sébastien, 83136, La Roquebrussanne",http://www.lagencedusoleil.fr/
801631359,L'AGENCE DU VALLON,"4407 Route de Conques, 12330, Salles-la-Source",http://agenceduvallon.fr/
453484024,L'AGENCE DU VILLAGE,"2 RUE DE L ECOLE, 60175, Villeneuve-Les-Sablons",http://www.agvillage.fr/
880237938,L'AGENCE DU VILLAGE,"Rond point des 4 chemins RD 562, 83830, Figanières",http://www.agenceduvillage-immo13.fr/fr/
989009543,L'Agence FMD,"13 RUE LEON BLUM, 54290, Roville-devant-Bayon",https://www.lagencefmd.com/
853452399,l'agence GAYA,,https://www.gaya-immobilier.com/fr
935104380,L'agence Hestia,"26B Avenue de la Feuillade, 26200, Montélimar",https://www.lagencehestia.fr/
523284594,L'AGENCE IMMO,"44 RUE DES FRERES ROUSSEAU, 44860, Saint-Aignan-Grandlieu",http://www.lagenceimmo44.fr/
531362317,L'AGENCE IMMO,"14 ALLEE DE L ESPLANADE, 34570, Montarnaud",http://www.lagenceimmo.eu/
810697292,L'AGENCE IMMO,"6 Grand Rue, 81580, SOUAL",http://www.immosoual.com/
824965818,l'Agence Immo,"150 rue Faventines, 26000, Valence",https://lagence-immobilier.com/
831960968,L'AGENCE IMMO,"-------------, 13500, MARTIGUES",http://www.agenceimmomartigues.com/
908027212,L'Agence Immo,"112 Rue Théophille Roussel, 48200, Saint-Chély-d'Apcher",https://www.immolozere.fr/
920194578,L'agence immo,"77 RUE DU CONNETABLE, 60500, Chantilly",https://www.lagence.immo/
104334354,L'agence IMMO 53,"91 Avenue Robert Buron, 53000, Laval",http://www.lagenceimmo53.fr/
988291175,L'agence IMMO du lac,"1775 Rte d'Albertville, 74320, Sévrier",https://www.lagenceimmodulac.com/
884378035,L'AGENCE IMMOBILIERE BEUZEVILLE,"46 Place du Général Leclerc, 27210, Beuzeville",https://www.lagence-beuzeville.com/
944750686,L'AGENCE IMMOBILIERE DE TIGY,"12 PLACE DE L EGLISE, 45510, Tigy",http://www.lagence-tigy.fr/
801542655,l'Agence Immobilière d'Orgeval,"52 rue de la Chapelle, 78630, Orgeval",https://declevesimmobilier.com/
498936392,L'agence immobilière Immotop,"3 RUE DU DOCTEUR PESQUE, 93300, AUBERVILLIERS",https://www.immotop.fr/
887956787,L'Agence Invest,"11B rue de Paris, 62300, Lens",http://www.lagence-invest.net/
449277532,L'agence Jacquemot lombardo,"1 AVENUE GEORGES POMPIDOU, 13380, Plan-de-Cuques",http://www.jacquemot-lombardo-immobilier.com/
994075430,L'AGENCE JK IMMOBILIER vous accompagne,"1 rue du Maréchal Foch, 78250, Meulan-en-Yvelines",https://www.agencejkimmobilier.fr/
450332036,L'AGENCE LACROIX IMMOBILIER,"110 ROUTE DE RIVES, 38140, Apprieu",https://www.immobilier-lacroix-meilland.com/
812344109,L'Agence Locale,"5 Rue du 11 Novembre 1918,, 44120, Vertou",https://lagencelocale.com/
813035862,L'agence Lorient Larmor-plage,"1 Boulevard de port-maria, 56260, Larmor-Plage",https://www.lagence-larmorplage.com/
890717424,L'Agence M,"19 Boulevard Victor Hugo, 06000, Nice",http://www.lagencem.immo/
893250449,L'Agence M.,"8 place de Cerdagne, 66350, Toulouges",https://www.lagence-m.fr/
802240184,L'agence MARTEL Immobilier,"14 bis rue de la préfecture, 49100, Angers",https://martel-immo.fr/
919515387,L'agence MC Immo,"22 RUE FONTENELLE, 76600, Le Havre",https://www.lagence-mcimmo.fr/
812801058,L'AGENCE OYA,"31 Rue Carnot, 74800, La Roche-sur-Foron",http://www.agenceoya.fr/
794139667,L'AGENCE PARTICULIERE,"16 ALLEE DES DEMOISELLES, 31400, TOULOUSE",https://www.agenceparticuliere.fr/
943395350,L'AGENCE PICTAVIENNE,"120 RUE DU PORTEAU, 86000, Poitiers",https://www.lagence-pictavienne.fr/
921237038,L'AGENCE POUR VOUS,"295 Avenue du Château d'Ô, 34090, Montpellier",https://www.lagencepourvous.com/
492651583,L'AGENCE PRO,"29 RUE ALPHONSE DAUDET, 82000, Montauban",http://www.lagencepro.com/
752222885,L'AGENCE QUIMPER,"8, rue du Parc, 29000, QUIMPER",http://www.lagence-quimper.com/
893683995,L'Agence Real Estate Bereldange Immolor,,http://www.lagencerealestate.fr/
949548994,L'AGENCE ROOFTOP,"29 RUE LOUIS RICARD, 76000, Rouen",https://www.rooftop-immo.fr/
904140712,L'Agence Sablaise,"58 Promenade Georges Clemenceau, 85100, Les Sables-d'Olonne",https://www.lagencesablaise.fr/
849323985,L'Agence Saint Roch,"15 RUE DES SOEURS NOIRES, 34000, Montpellier",http://www.agence-saint-roch.fr/
795004969,L'Agence Smith - Agence immobilière à Rouen,"78 rue Jeanne d'Arc, 76000, Rouen",http://www.agence-smith.com/
492918636,L'agence Souchez Immobilier,"79 rue carnot, 62153, Souchez",https://www.souchezimmobilier.com/
880653571,L'AGENCE TOULOUSAINE IMMOBILIER,"14 Route de Revel, 31400, Toulouse",https://www.lagencetoulousaine.fr/
802514224,L'AGENCE TOULOUSE IMMOBILIER,"32 ROUTE DE BLAGNAC, 31200, TOULOUSE",http://www.agence-ti.fr/
948136940,L'Agence Vauban,"2 avenue Lemeray, 06600, Antibes",https://lagencevauban.fr/fr/
531089365,L'Agence à Part,"23 bis rue de la monaco, 37210, Vouvray",http://www.lagenceapart.com/
821825072,L'AGENCERIE,"229 AVENUE COLONNEL TEYSSIER, 81000, Albi",https://www.lagencerie.fr/albi/agence-immobiliere-albi/
878387430,L'AGENT EXCLUSIF IMMOBILIER,"6 AVENUE GUILLABERT, 06600, Antibes",http://www.lagent-exclusif.com/
849326400,L'Alliance Immobilier,"135 Rue Faidherbe, 59810, Lesquin",https://www.lalliance-immobilier.fr/
433745106,L'ALLOGHJU,"Galerie marchande de l'Allegria, Tiuccia, 20111, Casaglione",http://www.alloghju.com/
539420059,L'AMIRAUTE BEZONS,"89 rue Edouard Vaillant, 95870, Bezons",https://www.lamiraute-immobilier.com/
810442418,L'ANNEXE,"76 RUE PIERRE BOUVIER, 69270, Fontaines-Sur-Saône",http://www.lannexe-immo.fr/
893194571,l'aparté immobilier,"103 rue sainte, 13007, Marseille",https://www.laparte-immobilier.fr/
985106772,L'appart Immo,"48 rue Louis pasteur, 42320, La Grand croix",http://www.lappartimmo.com/
817580285,L'APPARTEMENT,"20 rue Theodore Ozenne, 31000, Toulouse",http://www.lappartement-immobilier.com/
537714701,L'Aribout Immobilier,"33 Rue Grande, 36200, argenton sur creuse",https://www.laribout-immobilier.fr/
850948811,L'ART 2 VENDRE IMMOBILIER,,https://www.lart2vendreimmobilier.com/
495329864,L'ARTISAN DE L'IMMOBILIER,"1 rue de pont péan, 35230, ORGERES",http://lartisandelimmobilier.com/
838069813,L'ARTISTE IMMOBILIER ROUEN,"3 rue dufay, 76100, Rouen",http://www.lartiste.immo/
499896702,L'AS DE L'IMMOBILIER,"63 Rue NATIONALE, 59200, Tourcoing",http://www.asdelimmobilier.fr/
942745290,L'associé immobilier,"19 rue Maurice Barrès, 54000, NANCY",http://lassocieimmobilier.com/
339469603,L'Atelier : Créateur d'habitat,"1054 AVENUE NICOLAS BREMONTIER, 40160, Parentis-en-Born",https://www.maisons-lacaze.com/
840618367,L'Atelier de l'Immo - Agence Immobilière Auxerre,"24 rue de la Draperie, 89000, Auxerre",https://www.latelier-immo.com/
881418230,L'ATELIER DES CHASSEURS IMMOBILIERS,"38 rue de la République, 84100, Orange",https://latelierdeschasseurs-immo.fr/
833595598,L'Atelier des Patrimoines,"40 avenue de limoges, 87260, Saint-Paul",http://www.latelierdespatrimoines.com/
882498942,L'ATELIER FONCIER IMMOBILIER,"place Nelson Mandela, 24750, Boulazac Isle Manoire",https://www.latelierfoncierimmobilier.com/
821160322,L'ATELIER IMMO,"17 Rue Vincent Mir, 65170, SAINT LARY SOULAN",http://www.latelierimmo.com/
888682002,L'ATELIER IMMO,"6 Boulevard de la Paix, 51100, Reims",https://www.latelierimmo.fr/
537898900,L'Atelier Immobilier,"1 rue tellier freres, 78750, Mareil-Marly",http://latelier-immobilier.fr/
903120467,L'ATELIER IMMOBILIER,"13 Allée de la tour carrée, 44250, Saint-Brevin-Les-Pins",http://www.atelier.immo/
941598245,L'ATELIER IMMOBILIER,"72 AVENUE DU 8 MAI 1945, 83210 SOLLIES-TOUCAS France, 83210, SOLLIES-TOUCAS",https://www.atelier-immobilier.fr/
995248028,L'ATELIER IMMOBILIER,,https://www.latelierimmobilier-dijon.com/
948810908,L'AV'immo,"26 rue Marechal De Lattre de Tassigny, 01190, Pont-de-Vaux",http://www.l-av-immo.fr/
843294794,L'AVENUE - Agence Immobilière du Grand Albigeois,"2 rue François Arago, 81000, Albi",http://www.avenue-grandalbigeois.fr/
404767915,L'ECHAPPEE BLEUE IMMOBILIER,"106 BOULEVARD DE LA MARINE, 83400, Hyères",http://www.echappeebleue.com/
852509660,L'Effet Immo - Agence Immobilière Guebwiller,"5 Place de l'Hôtel de Ville, 68500, Guebwiller",https://www.effet-immo.fr/
753793108,L'EMPLACEMENT CABINET IMMOBILIER,"81 rue Boecklin, 67000, STRASBOURG",https://lemplacement.com/
918096405,L'ENSEIGNE LIBRE,"19 rue Cambacérès, 75008, Paris 8e Arrondissement",https://www.enseignelibre.com/
920635752,L'enseigne parisienne,"11 rue de Caumartin, 75009, Paris",https://www.lenseigneparisienne.com/
792328601,L'entreprise immobilier,"455 Promenade des Anglais ARENICE, 06200, Nice",http://www.entreprise-immobilier.com/
479737686,L'EQUIP'IMMOBILIER,"1 rue henri Servain, 22000, Saint-Brieuc",https://www.lequip-immobilier.com/
878863281,"L'EQUIPE IMMO, agence immobilière","46 boulevard Carnot, 32600, L' Isle-Jourdain",https://www.lequipe-immo.com/
801873936,L'EQUIPE IMMOBILIERE,"139 rue Juliette Dodu, 97400, Saint-Denis",https://www.lequipe-immobiliere-reunion.com/
942452632,L'ERE IMMOBILIERE,"4 Rue Jean Marie Lehn, 67560, Rosheim",http://www.lere-immobiliere.com/
538518911,L'ESPACE IMMOBILIER,"59 rue du Général Leclerc, 62370, AUDRUICQ",http://www.lespace-immobilier.fr/
499389005,"L'Esprit du Sud, agence immobilière","3 PLACE AUGER GAILLARD, 81800, Rabastens",http://www.immobilier-lespritdusud.com/
100806702,L'esprit immobilier,"20 Rue de la République, 57380, Faulquemont",https://www.lespritimmobilier.com/
104777636,L'EST IMMO,"10 Rue des Acacias, 57230, Bitche",http://www.lest-immo.com/
821592318,L'ETAPE IMMOBILIERE,"3 PLACE DU COMMERCE, 85150, Sainte-Flaive-Des-Loups",http://www.letapeimmobiliere.com/
502704349,L'ETUDE,"28, rue Camille Maumey, 33112, Saint-Laurent-Médoc",http://www.letude33.com/
809862121,L'ETUDE IMMOBILIERE,"44 rue François René de Châteaubriand, 44470, Carquefou",https://www.etude-immobiliere.com/
810622662,L'ETUDE IMMOBILIERE,"98 BOULEVARD JEAN JAURES, 53000, Laval",http://www.letude-immobiliere.fr/
824497648,L'Etude immobiliere Saint Paul,"14 rue du Grenache ZAE les tannes basses, 34800, Clermont-L'Hérault",http://www.etude-immobiliere-saintpaul.fr/
907456560,L'Etude Immobilière,"39b, rue du Général Marulaz, 57430, Sarralbe",https://www.etude-immo.fr/
980751044,L'EXCELLENCE IMMOBILIERE,,https://www.lexcellenceimmobiliere.fr/
531127629,L'EXCEPTION,"Boulevard Joseph Bédier, 49000, Angers",https://www.lexception.fr/
440438158,l'Expert Immobilier,"8 rue de l'ASPIC, 34270, Saint-Mathieu-de-Tréviers",https://www.immobilierlecres.com/
880836390,L'EYRE DU BASSIN,"6 avenue de la République, 33380, Mios",http://www.leyre-immobilier.fr/
911202737,L'IMMO BY CARO,"817 Route du Château, 12850, Onet-le-Château",https://www.limmobycaro.fr/agenceimmobiliererodez
879688141,L'IMMO CHEZ VOUS,"36 RUE MARIE CHAUBART, 77520, Donnemarie-Dontilly",https://limmochezvous.fr/
933378325,L'immo De Lea,"3 chemin de la sablière, 37500, Ligré",https://www.limmodelea.fr/
905185013,L'IMMO DU BOIS,"13, route de Valence, 38150, Roussillon",http://www.limmodubois.fr/
750306425,L'IMMO DU PALAIS,"19 Square des Frères Ambrogiani, 13008, Marseille",http://www.immodupalais.net/
488559550,L'IMMO DU PARTICULIER,"108 COURS DE LA RÉPUBLIQUE, 84120, Pertuis",http://www.pertuis-immo-du-particulier.com/
499870970,L'IMMO DU PARTICULIER,"1005 avenue Jean Monnet., 13127, Vitrolles",https://www.immoduparticulier.com/
833698954,L'IMMO DU SUD,"52 RUE ROGER BRUN, 13005, Marseille",https://www.limmodusud.com/
930641790,L'IMMO DU VAL,"20 Avenue Charles de Gaulle, 25500, Morteau",http://www.limmoduval.com/
403247240,L'IMMO Près De Chez Vous,"Centre commercial Casino 13112 LA DESTROUSSE, 13112, La Destrousse",http://www.perottino.com/
422797894,L'IMMOBILIER AUTREMENT,"13 avenue des Muriers, 13790, PEYNIER",http://www.limmobilierautrement.fr/
503867376,L'Immobilier Autrement,"11 Pl. de la Libération, 29480, Le Relecq-Kerhuon",https://www.immobilier-kerhuon.com/
851206920,L'IMMOBILIER AUTREMENT,"25 rue des Moulettes, 27130, Verneuil d'Avre et d'Iton",https://www.limmobilierautrement.com/
533791968,L'immobilier Autrement 68,"164c Rue du Ladhof, 68000, Colmar",http://www.ia68.fr/
499901817,L'IMMOBILIER D'ANTOINE,"41 rue Francisque Bonnier, 38200, VIENNE",http://www.immobilierantoine.fr/pud.htm?kw=immobilier+Vienne&gclid=CMfUi9brvc0CFawp0wodgyYJTw
853875300,L'Immobilier d'Eustache - Responsable & Solidaire,"6/8 place de Stalingrad, 75010, Paris",https://www.eustache-immobilier.com/
943880971,L'IMMOBILIER DE CARACTERE,"5 sente des jardins nouveaux, 78510, Triel-sur-Seine",https://www.immodecaractere.com/
881557870,L'immobilier de la Baie : Agence immobilière ERQUY,"28 Rue Foch, 22430, Erquy",https://www.immobilierdelabaie.fr/
835242298,L'Immobilier de la place,"3 PLACE FERNAND MARQUIGNY, 02200, Soissons",https://www.stephaneplazaimmobilier.com/agences/soissons/
828066522,L'IMMOBILIER DE PAULINE,"14, Place Charles De Gaulle, 26100, Romans-Sur-Isère",http://www.limmobilierdepauline.com/
535304810,L'IMMOBILIER DES 4 CHEMINS,"7 RUE DE METZ, 24000, Périgueux",https://www.immobilierdes4chemins.fr/
901911594,L'IMMOBILIER des Landes,"4 Bis Rue du Lavoir, 40230, Saint-Geours-de-Maremne",https://limmobilierdeslandes.fr/
830921029,L'immobilier des volcans,"Place Georges Pompidou, 15700, Pleaux",http://www.immobilierdesvolcans.com/
503633372,L'IMMOBILIER DU BONHEUR,"42 Avenue de Grugliasco, 38130, Echirolles",https://www.immobilierdubonheur.com/
811166321,L'IMMOBILIER DU CHAI,"1 RUE DE PARIS, 22000, Saint-Brieuc",http://www.immobilier-du-chai.fr/
522996339,L'IMMOBILIER DU MINERVOIS,"1 place Général Bousquet, 11160, Rieux-Minervois",https://immo-minervois.com/
810393298,L'IMMOBILIER EN GASCOGNE,"1, rue d'Etigny, 32000, AUCH",http://www.limmobilier-en-gascogne.com/
502490386,L'IMMOBILIER GAGNANT,"9 RUE DE LA PORTE DE CHARTRES, 28320, Gallardon",http://www.immobiliergagnant.eu/
885172601,L'IMMOBILIER PAR CHARLY,"5 rue de l’Evangile (marché de l’Olive), 75018, Paris",https://www.limmobilierparcharly.com/fr
752185611,L'IMMOBILIER PONTISSALIEN METABIEF,"37 RUE DU VILLAGE, 25370, Métabief",http://www.immo-pontissalien.fr/
902842160,L'immobilier pour tous,"35 Avenue Du Général Leclerc, 72000, Le Mans",https://limmobilierpourtous.fr/
538950239,L'immobilier proactif ®,"50 boulevard Haussmann, 75009, Paris",https://www.herez.fr/
430258491,L'IMMOBILIER ROCHELAIS,"15 BIS RUE ALBERT 1ER, 17000, La Rochelle",http://www.immobilier-rochelais.fr/
501252894,L'IMMOBILIER TOULOUSAIN,"2 Rue Saint-Laurent, 31270, Villeneuve-Tolosane",http://www.immobiliertoulousain.com/
819203456,L'IMMOBILIERE CUISERY,"21 ROUTE DE L'ANCIENNE GENDARMERIE ( En face de la Mairie), 71290, CUISERY",https://www.immo-bresse.com/
392093670,L'IMMOBILIERE D'ILE DE FRANCE,,https://www.immobiliereidf.fr/
538691387,L'IMMOBILIERE DE BOURBON,"3 CHEMIN DES ECOLIERS BUREAU 10 ETAGE 2 QUARTIER MOU, 97490, Sainte-Clotilde",http://www.limmobilieredebourbon.com/fr
499051480,L'IMMOBILIERE DE FOURNES,"1102 Rue Faidherbe, 59134, Fournes-en-Weppes",https://limmobilieredefournes.fr/
528215312,L'IMMOBILIERE DE HAUTE PICARDIE,"15 AVENUE ARISTIDE BRIAND, 80320, Chaulnes",http://www.immobiliere-de-haute-picardie.com/immo/
438543860,L'IMMOBILIERE DE L'ILE,"18 RUE SAINTE MARIE, 97400, Saint-Denis",http://www.idi.re/
529088064,L'IMMOBILIERE DE LA HALLE,"45 rue de Metz, 31000, TOULOUSE",http://www.immobilieredelahalle.fr/
533549796,L'IMMOBILIERE DE LA TOUR GENOISE,"Pinarello, 20144, Zonza",https://limmobilieredelatourgenoise.com/
482060423,L'IMMOBILIERE DE MAINTENON,"20, PLACE NOE ET OMER SADORGE, 28130, MAINTENON",http://www.maintenonimmobilier.com/
797899770,L'IMMOBILIERE DE RIQUET,"28 BOULEVARD RIQUET, 31000, Toulouse",https://www.immobilierederiquet.fr/
888642329,L'IMMOBILIERE DE SAINT PAUL,"52 route de savanna, 97460, SAINT-PAUL",http://idsp.re/
799267240,L'IMMOBILIERE DE VALMONT,"6 Chemin des Fins Sud,, 74000, Annecy",http://www.valmont74.fr/
824075907,L'IMMOBILIERE DES VIGNES,"PLACE MARCEL VAYSSIERE, 33650, Martillac",http://www.immobilieredesvignes.fr/
904728201,L'IMMOBILIERE DU BOURG,"RTE DES NATIONS UNIES, 97115, SAINTE-ROSE",http://www.immobilieredubourg.com/
441742483,L'IMMOBILIERE DU CHATEAU,"7 PLACE BOUCAUMONT, 58290, Moulins-Engilbert",https://www.immo-chateau.fr/
988994448,L'IMMOBILIERE DU GOLF,"10 AVENUE CESAR BOY, 13011, MARSEILLE",https://immogolf.fr/fr/
494832793,L'IMMOBILIERE DU PARC,"20 R DU PARC, 29000, Quimper",http://www.immoparc.fr/
488955022,L'IMMOBILIERE DU VIAUR,"11 boulevard Eugène Viala, 12800, Naucelle",https://www.viaurimmo.com/
888018769,L'IMMOBILIERE FOCH,"14 AV MAL FOCH, 13004, MARSEILLE 4",https://www.limmobilierefoch.fr/
800806473,L'IMMOBILIERE FRANCO-SUISSE,"29B rue de Genève, 39150, Saint-Laurent-En-Grandvaux",http://www.immobiliere-francosuisse.fr/
887661841,L'IMMOBILIERE GHIRI,"6 RUE LAFAYETTE, 13001, Marseille",https://www.limmobiliereghiri.com/
445353519,L'IMMOBILIERE GUIGNARD ARGENTON,"9 RUE GAMBETTA, 36200, Argenton-Sur-Creuse",http://www.limmobiliere-guignard.com/
849843248,L'IMMOBILIERE KATHLEEN T,"29 PLACE DU CHAMP DE MARS, 38300, BOURGOIN JALLIEU",http://www.immobiliere-kathleen-t.com/
503368037,L'IMMOBILIERE PAUVERT,"30 ROUTE DE TOULOUSE, 09100, Pamiers",https://www.limmobilierepauvert.fr/
408963213,L'IMMOBILIERE plus,"26 rue des Fontaines, 56100, LORIENT",http://www.immobiliereplus.com/
487513814,L'IMMOBILIERE STEPHANOISE,"7 rue voltaire, 42100, SAINT-ETIENNE",http://www.immobiliere-stephanoise.com/
812444750,L'IMMOBILIERE TONNAY CHARENTE,"1 RUE DE VERDUN, 17430, Tonnay-Charente",http://www.immo-tonnaycharente.com/
929771004,L'Immobilière,"17 RUE DE LA REINE, 59710, Ennevelin",https://www.immolapevele.com/
934424276,L'immobilière 42,"1072, Rue Maréchal Foch, 42153, Riorges",https://www.limmobiliere42.com/
828349399,L'Immobilière Basque,"180 Chemin de Hargous, 64200, Bassussarry",https://www.limmobilierebasque.com/
439869785,L'Immobilière Bleue - Sausset les pins,"IMMEUBLE LE FORUM AVENUE SIMEON GOUIN, 13960, Sausset-Les-Pins",http://www.immobleue.net/
947350476,L'IMMOBILIÈRE BUECHER,"28 rue du Sauvage, 68100, Mulhouse",https://www.buecherimmobilier.fr/
818733016,L'immobilière D et G,"34 RUE DES VOSGES,, 67120, Molsheim",https://www.limmobiliere-dg.com/
451792832,L'Immobilière de l'Abbaye,"9 Place Lacretelle, 71700, TOURNUS",http://www.immobiliereabbaye.fr/
953658630,L'immobilière de la Bonne Mère,"-------------, 13006, Marseille",http://www.immobonnemere.fr/
931430540,L'Immobilière de la Deûle - Agence Immo Annœullin,"21 rue Pierre Ogée, 59112, Annoeullin",http://www.immodeladeule.fr/
914220744,L'immobilière de la plaine,"CARREFOUR FORNELLI maison massoni, 20213, PENTA DI CASINCA",https://immodelaplaine.fr/fr/
882651300,L'immobilière de Langueux,"8 rue de Brest, 22360, Langueux",https://www.immobilieredelangueux.fr/
831896402,L'immobilière de LARROCHE BARON,"9 ter Rue des Girondins, 33200, Bordeaux",https://www.immobilieredlb.fr/
848753489,L'Immobilière de Poissy,"74 boulevard Robespierre, 78300, Poissy",http://www.limmobilieredepoissy.com/
912266566,L'immobilière de Sarah,"Rue de Verdun, 67000, Strasbourg",https://www.limmobilieredesarah.fr/
793933169,L'Immobilière De Vaires,"36 AVENUE JEAN JAURES, 77360, VAIRES SUR MARNE",http://www.lidv.fr/
479137317,L'Immobilière des cigales,"244 Bd Barthelemy Abbadie résidence le boeing, 13730, Saint-Victoret",http://www.immobilieredescigales.com/
502660038,L'Immobilière des Cévennes,"28 Quai André Chamson Valleraugue, 30570, Val-d'Aigoual",https://www.immo3d.com/
535178438,L'Immobilière du Casino,"12 rue de la Cité, 57200, Sarreguemines",http://www.immoducasinosarreguemines.com/
753365568,L'Immobilière du Cours,"40 cours du 4 Septembre, 13500, Martigues",http://www.immobiliereducours.com/
520058454,l'Immobilière du Haut-Koenigsbourg,"82a rue du maréchal Foch, 67730, CHATENOIS",http://www.immobiliere-haut-koenigsbourg.fr/
750241259,L'Immobilière du Roy René agence de Pertuis,"12 rue de l'Opéra, 13100, Aix-en-Provence",http://www.immobiliereduroyrene.fr/
790675086,L'Immobilière Eden Park,"15C Avenue de Genève, 74160, Saint-Julien-en-Genevois",https://www.immoedenpark.com/
482623584,L'Immobilière Florentinoise,"13 Grande Rue, 89600, Saint-Florentin",http://immo-florentinoise.com/
809628985,L'IMMOVATION immobilier & home staging à Toulouse,"4 Place de la Libération, 31830, Plaisance-du-Touch",http://www.limmovation.fr/
333145761,L'indicateur Vendômois,"23 PLACE SAINT MARTIN, 41100, Vendome",http://www.indicateurvendomois.com/
901832287,L'INESTIMABLE,"39 Cours Mirabeau, 13100, Aix-en-Provence",http://www.linestimable.fr/
880960653,L'INSTANT IMMOBILIER,"28 RUE JEAN CRIQ, 31500, Toulouse",http://www.linstantimmobilier.fr/
903754190,L'instant Immobilier,"4 rue du Kelenn, 29660, Carantec",https://www.instant-immobilier.bzh/
901813048,L'INTENDANCE immobilier,"2 RUE PIERRE MOULIS, 83400, Hyères",http://www.lintendanceimmobilier.com/
814468997,L'OFFICE DE L'IMMOBILIER,"14 Quai Vallière, 11100, Narbonne",https://david-immo.fr/
811308204,L'OFFICE IMMO - Agence immobilière,"136 avenue jules charleux, 83000, Toulon",http://www.loffice-immo.com/
519231401,L'Office Immobilier,"41 Rue Nicot, 85100, Les Sables-d'Olonne",https://www.loffice-immobilier.com/
888078334,L'OFFRE D'ACHAT.FR,"16 Rue Charles de Gaulle, 49130, Les Ponts-de-Cé",https://www.loffredachat.fr/
911364164,L'Oliveraie - Agence Immobilière,"1 avenue Gallieni, 83110, Sanary",https://www.immobilier-oliveraie.com/
939854295,L'OLIVERAIE IMMOBILIER,"121 Avenue de Solobie, 13112, La Destrousse",http://www.loliveraie-immobilier.fr/
978686053,L'OLIVIER D'OR IMMOBILIER,"54 Le Cours, 26790, TULETTE",http://www.lolivierdor-immobilier.com/
513554386,L'OREE VERTE IMMOBILIER,"53 Rue Saint-Joseph, 31400, Toulouse",https://www.loreeverte-immobilier.com/
412770778,L'ORMEAU IMMOBILIER,"7 route de Revel, 31400, TOULOUSE",http://www.ormeauimmobilier.com/
933132425,L'Orée Immobilière,"45 Rue Jean Jaurès, 62138, Douvrin",https://loree-immobiliere.fr/
832953715,L'OUSTAOU IMMO,"7 LE ROLLAND, 84570, Villes-sur-Auzon",http://www.loustaouimmo.com/
751214263,L'UNION IMMOBILIERE,"4 RUE HENRY MARET, 57000, Metz",http://www.ui-immobilier.fr/
790591796,L'étude IMMOBILIERE DU GOELO,"1, place du marché au blé, 22290, LANVOLLON",http://www.letudeimmo.com/
488405176,L.C.I. LA CÔTE IMMOBILIERE,"97Bis Cours de Verdun, 33470, Gujan-Mestras",https://www.lcilacoteimmobiliere.com/
452538226,L.C.L Immobilier,"6 Rue du Portail Louis, 49400, Saumur",http://www.lclimmobilier.fr/
788428621,L.d. Immobilier,"33 Chemin du Preraz, 73190, Saint-Baldoph",http://www.ldimmo.com/
881112296,L.P.I.,"Bâtiment Pole experts - 1070 Rue Augustin Blanchet, 38690, Colombe",http://www.lpi-immobilier.fr/
518569371,L.V PATRIMOINE CONSEIL,"24 Rue Alsace Lorraine, 31000, Toulouse",https://www.acheter-neuf-toulouse.com/
930709852,L.V.I IMMO,"394 Rue Léon Blum, 34000, Montpellier",http://www.lvi-immo.com/
912502929,L.V.IMMO,"3 rue Jean Pierre Lagarde - Zone des rodettes, 34120, Pézenas",https://www.lvimmo34120.fr/
812989218,L2S IMMOBILIER,"32 RUE DE LA MAIRIE, 95330, Domont",http://www.l2simmobilier.fr/
823363494,L3D IMMO,"161 AVENUE DES ETATS UNIS, 31200, Toulouse",https://l3dimmo.fr/
807878707,LA BAGEENNE IMMOBILIER,"2 PLACE DE LA REPUBLIQUE, 66670, Bages",http://www.labageenne.com/
930647292,LA BASTIDE IMMOBILIERE,"2 Boulevard Léon, 13009, Marseille",https://labastideimmobiliere.com/
918254319,LA BATISSE D'EDGARD,"Pl. Christophe Colomb, 34000, Montpellier",http://www.labatissededgard.com/contact
384397212,LA BAULE IMMO ICI ET AILLEURS,"-, 44600, Saint-Nazaire",https://www.la-baule-immo.com/fr
919170332,LA BELLE AGENCE,"15 rue Alberti, 06000, Nice",https://labelleagence.immo/
951771914,LA BONNE ADRESSE IMMOBILIER,"15 Rue Carnot, 59150, Wattrelos",http://www.labonneadresseimmobilier.com/
521785816,La Bordelaise de L'immobilier,"11 RUE LAFAURIE DE MONBADON, 33000, BORDEAUX",http://www.bordelaisedelimmobilier.fr/
901517466,LA BORIE IMMOBILIER,"98 Rue de la salette, 84320, Entraigues-sur-la-Sorgue",http://www.laborie-immobilier.com/
818985210,LA BOUSSOLE DE L'IMMOBILIER,"3, rue Gustave Cahen, 91610, Ballancourt-Sur-Essonne",http://www.laboussoleimmobilier.com/
929451011,LA BOUTIQUE DE L'IMMO,"2 Place de la Fontaine, 21160, Perrigny-lès-Dijon",https://laboutiquedelimmo.la-boite-immo.com/
882001225,LA BOUTIQUE DU PATRIMOINE,"11 rue Louis Blériot, 33130, Bègles",http://www.laboutiquedupatrimoine.fr/
485255087,LA BRIE IMMOBILIERE,"41 Av. du Maréchal de Lattre de Tassigny, 94440, Villecresnes",https://www.labrieimmobiliere.fr/
395027899,LA BRIQUE ROSE,"59 ROUTE DE FRONTON, 31140, Aucamville",https://labriquerose.fr/
404533614,La Bruyère Immobilier,"5 PLACE DU MARCHE, 86300, Chauvigny",http://www.labruyereimmobilier.com/
921509709,LA CARTE IMMOBILIERE,"739 Avenue Gross Umstadt, 07130, Saint-Péray",https://www.la-carte-immobiliere.fr/
910936434,LA CASE CONCIERGERIE,"1030 Chemin de Laste, 40230, Bénesse-Maremne",https://www.lacaseconciergerie.fr/
913657664,LA CENSE IMMOBILIER CHERENG,"121 route nationale, 59152, CHERENG",http://www.immo-lacense.com/
885306001,LA CENTRALE IMMO,"Rue Wallerand, 59223, Roncq",http://www.la-centrale-immo.com/
499071264,LA CIBLE IMMOBILIERE,"5 AVENUE DU PETIT PORT, 73100, Aix-Les-Bains",http://www.lacibleimmobiliere.com/
532169687,La Cime - Agence immobilière,"Chalet les Trolles - Place Peclet - VAL THORENS, 73440, Les Belleville",https://www.agencelacime.com/#encarts
819194135,LA CLANCHE IMMOBILIER,"108 RUE DE THIONVILLE, 57970, Koenigsmacker",http://www.laclanche-immobilier.com/
511375503,LA CLE DE CHEZ VOUS,"13, rue de Fontenay, 79160, COULONGES SUR L'AUTIZE",http://www.lacledechezvous.com/
814381141,LA CLE DE L’IMMO,"251 AVENUE PHILIPPE BUR, 77550, Moissy-Cramayel",https://www.lacledelimmo77.fr/
789129970,LA CLE DU BONHEUR IMMOBILIER RIEZ,"37 ALLEE LOUIS GARDIOL, 04500, Riez",http://www.lacledubonheurimmobilier.com/
753979517,LA CLE DU PARTICULIER,"35 Rue de l'Acheneau, 44640, ROUANS",http://www.lacleduparticulier-immo.fr/
810100248,LA CLE DU PATRIMOINE,"11 bis rue Lucien Piet, 33320, Eysines",http://lacledupatrimoine.fr/
524032364,LA CLE EN NORD,"17 RUE PAUL MACHY, 59240, Dunkerque",http://www.lacle-en-nord.fr/
922067046,LA CLE IMMOBILIERE,"129 Bd Robert Ballanger, 93420, Villepinte",http://lacleimmobiliere.fr/
104424924,LA CLEF CORREZIENNE,"1 Rue du Lion d'Or, 19100, Brive-la-Gaillarde",https://www.laclefcorrezienne.fr/
518564232,LA CLEF DE SAINT LEU,"23 RUE DE PARIS, 95320, Saint-Leu-La-Forêt",http://www.laclefdesaintleu.fr/
940926470,LA CLEF DES HAUTS DE FRANCE,"48 Avenue du 4 Septembre, 62300, Lens",https://www.laclefdeshautsdefrance.com/
501832141,LA CLEF DU BONHEUR,"11 Faubourg de Besançon, 25230, MONTBELIIARD",http://www.laclefdubonheur-immobilier.fr/fr
989515978,La clef du village,"4 Chemin des Mages, 57160, Scy-Chazelles",http://www.laclefduvillage.fr/
422272732,LA CLUSAZ IMMOBILIER,"124 ROUTE DES GRANDES ALPES, 74220, La Clusaz",https://www.la-clusaz-immobilier.com/
888336419,La Clé de l'Immo,"23, rue Saint-Front, 24000, PERIGUEUX",https://lacledelimmo.fr/
938809126,La Clé de l'Immobilier,"39 Rue de Brest, 29000, Quimper",https://lacleimmo.fr/
842395725,La Clé Facile - Immobilier La Roche Sur Yon,"107, Rue du Président de Gaulle, 85000, La Roche-sur-Yon",https://www.laclefacile.fr/
948618970,La Clé Immobilière,"20 rue du Rhin, 68680, Kembs",https://www.la-cle-immobiliere.fr/
500801071,LA COCCINELLE IMMOBILIERE GUJAN MESTRAS,"59 Cours de la République, 33470, GUJAN-MESTRAS",http://www.coccinelle-immo.fr/
452250012,LA COMPAGNIE DES AGENTS,"25 B Boulevard de Feydeau, 33370, Artigues-Près-Bordeaux",http://www.agents-immo.fr/
070803440,LA COMTESSE Immobilier,"20 cours Pierre Puget 2ème Etage, 13006, Marseille",https://www.lacomtesse.fr/
830549473,La Conciergerie du Lac,"37 Rue Sommeiller, 74000, Annecy",https://laconciergeriedulac.com/
484187612,LA CONSEILLERE DE L'IMMOBILIER,"79 BIS AVENUE JEAN JAURES, 33600, PESSAC",https://www.laconseillere.com/fr
987801446,La conseillère immo Paris,"43 rue de Gergovie, 75014, Paris",https://laconseillereimmo.fr/
818245912,LA CONSTRUCTION LYONNAISE,"6 AVENUE BERTHELOT, 69007, LYON",http://www.laconstructionlyonnaise.fr/
479622326,LA COTE IMMOBILIERE,"11 Av. du Dr Arnold Netter, 75012, Paris 12e Arrondissement",https://www.lacoteimmobiliere.net/
948962329,LA CREMERIE IMMOBILIER,"115 Rue Jules Barbier, 83700, Saint-Raphaël",http://www.lacremerie-immobilier.fr/
911367290,LA FABRIQUE DE L' IMMOBILIER,"9 place Royale, 64000, Pau",http://www.lafabrique-delimmobilier.com/
504997693,LA FINANCIERE DES ALPES,"6B Rue du Lieutenant Chanaron, 38000, Grenoble",https://lafinancieredesalpes.com/fr/
983789223,LA FINANCIERE DU FAY IMMOBILIER,"8 RUE OLIVIER MESSIAEN, 02200, SOISSONS",https://www.lafinancieredufayimmobilier.fr/
897817136,LA FLAMANDE IMMOBILIER,"1261 Route d'Hazebrouck, 59190, Wallon-Cappel",https://www.laflamande.fr/
939538195,La Flèche Immobilier - EURL DELIMMO,"23 Rue Carnot, 72200, La Flèche",https://www.laflecheimmo.com/
824811723,La Folie IMMOBILIÈRE,"66 Boulevard Gabriel Lauriol, 44300, Nantes",https://www.lafolieimmobiliere.fr/
314514985,LA FONCIERE DIJONNAISE,"4 Quai Nicolas Rolin, 21000, DIJON",https://www.fdit21.com/
395037336,LA FONCIERE DU RHIN,"9 PL KLEBER, 67000, STRASBOURG",http://www.foncieredurhin.com/
824043533,LA FORTELLE IMMOBILIER,"6 Rue des Clos Vallées, 78980, Longnes",https://www.lafortelle-immobilier.fr/
378968804,La Française Immobilière - Périphérie,,https://www.la-francaise-immobiliere.fr/agences/
979047727,LA GALERIE DE L'IMMOBILIER,"1 rue Casimir Perier, 38000, GRENOBLE",https://lagaleriedelimmobilier.net/
840525216,LA GALERIE IMMOBILIER,"5 rue Sainte Catherine, 54000, Nancy",https://www.lagalerieimmobilier.fr/
503873374,La Gestion en Ligne,"www.lagestionenligne.fr /, 75009, Paris",http://lagestionenligne.fr/
912057502,LA GIRONDINE - Agence Immobilière,"9 rue Vauban, 33000, Bordeaux",https://agence-girondine.fr/
878470749,LA GLACIERE IMMO,"77 rue Chateaubriand, 63100, Clermont-Ferrand",http://www.laglaciere-immo.fr/
977665728,La Grange Business,"888 ROUTE DE LA CAILLE, 74350, Allonzier-la-Caille",https://lagrangebusiness.com/
103783858,LA GUILDE IMMOBILIERE,"13 La Grande Rue, 49250, Loire-Authion",http://www.laguildeimmobiliere.fr/
709802797,LA JOSASSIENNE,"22 RUE DE LA LIBERATION - BP 80017, 78354, JOUY EN JOSAS CEDEX",https://www.lajosassienne.fr/
838781185,LA LILLOISE IMMOBILIER,"60 RUE DU MOLINEL, 59800, Lille",https://www.lalilloise-immobilier.fr/
844181214,LA MADELEINOISE,"149 rue du général de Gaulle, 59110, La Madeleine",https://www.groupe-al-immobilierconseil.fr/
531681187,La Main Immobilière,"SIEGE SOCIAL : 55 RUE JOSEPH CUGNOT/ZI CROIX SUD, 11100, Narbonne",http://www.lamainimmobiliere.fr/
448243816,LA MAISON,"19 RUE GAMBETTA, 24000, Périgueux",http://www.immobilierlamaison.fr/
101752996,La maison basque,"125 Avenue d'Atherbea, 64210, Bidart",https://www.agence-donibane.com/
750353401,LA MAISON DE L IMMOBILIER,"---------------------, 60000, Beauvais",http://www.lmdi-beauvais.com/
850177676,La Maison de L'Immo - Agence immobilière Thonon,"3 place Henri Bordeaux, 74200, Thonon-Les-Bains",https://lamaisondelimmo.fr/
332626860,LA MAISON DE L'IMMOBILIER,"192 lou CRES, 30140, Boisset-et-Gaujac",http://www.lamaisondelimmobilier.fr/
450374616,LA MAISON DE L'IMMOBILIER,"864 RUE DU VILLAGE, 27340, Criquebeuf-sur-Seine",https://www.maisondelimmo.fr/
529334302,La maison de l'immobilier,"7 Place Félix Baret, 13006, Marseille",http://www.lamaison-immo.com/
752525675,LA MAISON DE L'IMMOBILIER,"4 PLACE DE LA BILANGE, 49400, Saumur",https://www.lmi49.com/fr/
830328563,LA MAISON DE L'IMMOBILIER,"Avenue de Bastia IMMEUBLE BIANCARELLI, 20137, Porto-Vecchio",https://lamaison-immobilier.com/
904627700,La Maison de l'Immobilier,"16 place Carnot, 32260, Seissan",https://www.immobilier-gers.fr/
440393817,LA MAISON DE PIERRE ISTRES,"29 B ALLEE JEAN JAURES, 13800, ISTRES",http://www.maisondepierre.fr/
351200555,LA MAISON DES BATISSEURS,"28 RUE DE JOUVENCE, 21000, DIJON",https://www.maisondesbatisseurs.fr/
503652703,LA MAISON DES PARTICULIERS,"7 place Gambetta, 13760, Saint-Cannat",http://www.maison-particulier.fr/
984686634,LA MAISON DUREUX IMMOBILIER GRAY,"17 rue gambetta, 70100, Gray",https://www.dureux-immobilier.fr/
947936175,La Maison GLM,"5 boulevard De Brosses, 21000, Dijon",https://www.lamaisonglm.fr/
100508886,LA MAISON IDEALE,"76 Route de Lavaur, 31130, Balma",https://www.lamaisonideale.com/
823238886,La Maison Immobilier – Aulnay-sous-Bois Centre,"3 rue du Onze Novembre, 93600, Aulnay-sous-Bois",https://www.agencelamaison.fr/
625480199,LA MAISON POUR - TOUS COOPERATIVE IMMOBILIERE,"79 Avenue de la République, 39300, Champagnole",http://www.lmpt-coop.fr/
842091100,LA MAIZON IMMOBILIER,"41 avenue suzanne, 59110, La Madeleine",https://www.lamaizon-immobilier.com/
908815889,LA MANUFACTURE DE L’IMMO (HAUTE-LOIRE),"10 RUE DU CENTRE, 43240, SAINT-JUST-MALMONT",http://www.lamanufacturedelimmo.fr/
791016314,LA MOTHE IMMOBILIER,"29 BIS AVENUE GEORGES CLEMENCEAU, 85150, La Mothe-Achard",http://www.lamotheimmobilier.fr/
856801360,La Nantaise d'Habitations,"L'ATRIUM - 1 allée des Hélices - BP 50209, 44202, NANTES",http://www.nantaise-habitations.fr/
538593880,La Nouvelle Adresse,"7 rue André Giannésini, 79270, Frontenay-Rohan-Rohan",http://lanouvelleadresse.fr/
881394464,La Nouvelle Agence - Cathy Mouret Vallejo,"92 Rue de la Mairie, 11210, Port-la-Nouvelle",http://www.nouvelle-agence.com/
820303162,La Nouvelle Clé-immobilier,"493, Route de Bayonne, 64220, Uhart-Cize",http://www.lanouvellecle-immobilier.com/
524464401,La P'tite Halle de l'Immobilier - Anne Zertal,"----, 87600, Rochechouart",https://www.efficity.com/azertal
981233935,LA PARISIENNE IMMOBILIERE,"33 Boulevard d'indochine, 75019, Paris",http://www.laparisienneimmobiliere.fr/
887935393,LA PEPITE IMMOBILIERE,"55 rue de paris, 59300, Valenciennes",https://www.lapepite-immobilier.fr/
933228454,La Perle Immo,"------------, 66510, SAINT HIPPOLYTE",https://www.laperleimmo.com/
353882681,LA PETITE AGENCE,"13 place de la république, 36270, Éguzon-Chantôme",http://lapetiteagence-eguzon.fr/
518156575,LA PETITE AGENCE,"63 rue Nationale, 59185, PROVIN",http://www.lapetiteagence-immo.fr/
840942494,LA PETITE AGENCE,"111 rue Caponière, 14000, CAEN",http://www.lapetiteagencecaen.com/
981099401,La Petite Agence du Coin,"33 Rue Victor Hugo, 59680, Ferrière-la-Grande",https://www.lapetiteagenceducoin.com/
919943324,LA PETITE MAISON,"301 CHE DE LA GINESTIERE, 06200, NICE",http://www.la-petitemaison.fr/
984760587,La Pierre Aixoise Immobilier,"5 RUE BOULEGON, 13100, Aix-en-Provence",http://www.lapierreaixoise.com/
503136210,LA PIERRE DU LANGUEDOC,"21 AV DU 24 AOUT, 11160, Rieux-Minervois",http://www.lapierredulanguedoc.com/
952936193,La Pièce Immobilier,"1 Rue des Alpes, 74000, Annecy",http://www.lapiece-immobilier.com/
429238637,LA PLAINE IMMOBILIER,"1 PLACE DE LA MAIRIE, 14540, Soliers",http://www.laplaine-immobilier.com/
891392961,LA PLEIADE,"4 RUE DE LA PAILLE, 72000, LE MANS",https://lapleiadeimmobilier.fr/
903793321,La Pointe de l'Immobilier,"11 Rue du Château d'Eau, 29570, Camaret-sur-Mer",https://www.lpimmo29.fr/
443600549,La Porte de Paris,"18 Boulevard Saint-Martin, 75010, Paris 10e Arrondissement",https://www.laportedeparis.fr/
984409201,La Promesse Immobilière,"4 impasse de la pompe, 22800, Quintin",http://www.promesse-immobiliere.fr/
449876465,LA PROVENCE IMMOBILIERE,"8 RUE DU MARECHAL FOCH, 83570, Carcés",http://www.laprovenceimmobiliere.com/
930873682,LA RATIONNELLE IMMOBILIER,"35 rue Maurice Berteaux, 78700, Conflans-Sainte-Honorine",https://www.la-rationnelle.fr/
880706320,LA REFERENCE,"88 rue Gambetta, 44000, Nantes",http://www.lareference-immo.com/
930311683,LA REGIE DU MOULIN,"1293 route de Lyon, 38110, Saint-Jean-de-Soudain",https://www.laregiedumoulin.fr/
479896581,LA REGIONALE IMMOBILIERE,"RD113 BATIPOLE LES CRAUS, 13580, La Fare-les-Oliviers",http://regionale-immobiliere.com/
950731729,La reserve immobilière,"232 CHEMIN DE LA GARE, 13820, Ensuès-la-Redonne",https://www.agence-immobiliere-ensues-la-redonne.fr/
882417777,LA RHONELLE IMMOBILIER,"4 AV DE VERDUN, 59300, Valenciennes",https://www.larhonelle-immobilier.fr/
487860199,LA ROCH'IMMO,"11, cours Pasteur, 86270, La Roche-Posay",http://www.laroch-immo.com/
822134250,LA ROCHE IMMO PAYS DE LANDERNEAU,"2 Rue de la Mairie, 29800, La Roche Maurice",http://www.la-roche-immo.com/
841672603,La Rochefoucauld Immobilier,"2 rue des Halles, 16110, La Rochefoucauld",http://www.larochefoucauldimmobilier.fr/
511960072,La Rochelle / French Properties,"62 RUE CHAUDRIER, 17000, La Rochelle",http://www.larochelle-frenchproperties.com/
692018658,LA RUCHE HABITAT,"33 RUE DU FAUBOURG DE BOURGOGNE, 45000, Orléans",https://www.laruche-immo.fr/
954502142,La SACVL,"36 QUAI FULCHIRON, 69005, Lyon",http://sacvl.fr/SACVL_WEB/FR/Accueil.awp
745520288,La Savoisienne,,https://www.savoisienne.com/
909957003,LA SEINE IMMOBILIERE,"4 rue Lazare Hoche, 92100, Boulogne-Billancourt",http://www.la-seine-immobiliere.com/
949493076,LA SEREINE IMMOBILIER,"131 AV DE LA GARE Montluel, 01120, Montluel",https://www.sereineimmo.fr/
991742966,LA SIGNATURE TOULOUSAINE,"8 rue Théodore Ozenne, 31000, Toulouse",https://www.la-signaturetoulousaine.fr/fr/
852531979,LA SOLUTION IMMOBILIERE,"38/40 Rue Honoré de Balzac, 38100, Grenoble",http://www.lasolutionimmo.com/
400947081,LA TERRASSE IMMOBILIER,"1, RUE DE CONSTANTINE, 31500, TOULOUSE",http://www.laterrasseimmobilier.fr/
844326181,LA TOULOUSAINE,"47, Boulevard Lazare Carnot, 31000, TOULOUSE",http://www.agencelatoulousaine.fr/
750656860,LA TOUR IMMO,"17 PLACE DE LA MADELEINE, 27130, Verneuil-Sur-Avre",http://www.latour-immo.fr/
818192387,La Tourterelle Immobilier,"6 Rle Rémy Gaborit, 17290, Aigrefeuille-d'Aunis",https://www.la-tourterelle-immobilier.com/
449863331,LA TREMBLADE-IMMO,"13 rue du Piochet, 17530, Arvert",http://www.latremblade-immo.com/
907864508,LA TRIBU IMMO,"4 B RUE DE CHATEAUDUN, 37000, TOURS",https://www.latribuimmo.fr/
914567904,La Tribune de l'Immobilier,"916, AVENUE DU MIDI, 47000, AGEN",https://www.latribunedelimmobilier.fr/
807676291,La Vague Immobilière,"2 Avenue de la Marne, 56100, Lorient",https://www.lavagueimmo.com/
379002801,LA VAUX IMMOBILIER,"1137 rue Pasteur (parking Intermarché), 54230, Neuves-Maisons",http://www.lavauximmobilier.com/
498658285,La Villa d'Oreka . Agence immobilière,"14 Avenue Pasteur, 40160, Parentis-en-Born",http://www.lavilladoreka.com/
792411936,LA VILLA IMMOBILIER,"59 RUE CARNOT, 62930, Wimereux",http://www.lavilla-immobilier.fr/
943316034,LA VILLA IMMOBILIER,"------------, 84700, Sorgues",https://www.lavillaimmobilier.com/
949003305,La Villa Pornicaise,"23 rue de l'Eglise, 44210, Pornic",https://www.lavillapornicaise.fr/
753714187,La Vitrine Concept Immo,"60 avenue Gambetta, 75020, Paris",https://www.lavitrine.immo/
801739251,LA.DYFIMMOBILIERE,"198 RUE DE MEAUX, 93410, Vaujours",http://www.ladyfimmobiliere.com/
931186068,LAB IMMOBILIER,"14 Rue Neuve 2, 25140, Charquemont",http://www.labimmobilier.com/
503581316,LABAT IMMOBILIER,"14 RUE PAUL BIREMONT, 64340, Boucau",https://www.labat-immobilier.fr/
433868619,Labell Immobilier SARL,"2 RUE PIERRE GENDRAULT, 86280, Saint-Benoît",http://www.labell-immobilier.com/
812850048,LABORDE IMMOBILIER,"37, avenue Jean Moulin, 34500, BEZIERS",http://www.labordeimmobilier.com/
490470119,LABORIE IMMOBILIER,"26 RUE DOYEN RENE GOSSE, 34800, Clermont-L'Hérault",http://www.laborieimmobilier.com/
945291565,LABOUSTAU,"46 Avenue des Poilus, 13013, Marseille",http://www.laboustau-immobilier.fr/
750435505,Lac et Océan,"26 rue de Solférino, 40150, Hossegor",https://www.lacetocean.fr/fr/
888753894,LAC IMMOBILIER - Agence Immobilière,"50, route Nationale, 59152, Anstaing",http://www.lacimmobilier.fr/
888504198,LACAMBRA Sebastien,"----------, 81990, PUYGOUZON",https://www.reseau-expertimo.fr/2078-mandataire/1
911992410,LACOLOC.FR,"88 rue Paul Bert, 69003, Lyon",https://www.lacoloc.fr/
383753456,LACOMBE IMMOBILIER,"15 Passage Lonjon, 34000, Montpellier",http://www.lacombe-immobilier.fr/
528722986,LACOMBE IMMOBILIER,"8 Rue Claude Genoux, 73200, Albertville",https://www.lacombeimmo.com/
832421382,LACOMBLEZ Immobilier,"74 BIS BOULEVARD MONTEBELLO, 59000, Lille",https://www.lacomblezimmobilier.com/
440534741,Lacroix Immobilier,"-------, 06160, ANTIBES",https://www.lamy-immobilier.fr/
942564592,LACROIX IMMOBILIER,"1 Rue de la Mousson, 22100, Quévert",https://www.lacroix-immobilier.fr/
834086571,LADN - IMMO,"12 Rue Edouard Fournier, 45000 Orléans, France",https://ladnimmo.com/
943265132,Ladroye Immobilier,"65 avenue Georges Clemenceau, 51100, Reims",https://www.ladroye.com/
882525728,Laeti & Cie,"Chemin des Aubépines, 01240, Certines",https://www.laetietcie.fr/
789539749,Laetitia Remy Immobilier,"1 Rue de la Chaussairie, 35170, Bruz",https://www.laetitiaremyimmobilier.com/
388636912,LAFONTAINE IMMOBILIER,"12 PLACE DU CHATEAU, 16200, Jarnac",http://www.lafontaine-immobilier.fr/immobilier-agence-cognac.html
485377139,LAFONTAINE IMMOBILIER ANGOULEME,"5 PLACE FRANCIS LOUVEL, 16000, Angoulême",https://www.lafontaine-immobilier.fr/
441396389,LAGRANGE IMMOBILIER,"27-29 rue Bossuet, 69006, Lyon",http://www.lagrange-immobilier.fr/
502988884,LAHAUTTE IMMOBILIER,"95 RUE DE L INNOVATION, 83110, Sanary-sur-Mer",https://www.lahautteimmobilier.com/
489571489,LAIR IMMOBILIER Ecouché les Vallées,"31 rue des Trois frères Terrier, 61150, Écouché",http://www.lair-immobilier.com/
947719142,Lakaz Société Immobilière,"60 Bis Boulevard du Front de Mer, 97460, Saint-Paul",http://www.lakaz-societe-immobiliere.com/
433996345,LALANNE IMMOBILIER,"60 AVENUE D ARES, 33000, BORDEAUX",http://www.lalanneimmo.com/
493414957,LALLE IMMOBILIER RIOM,"40 rue de l'hôtel de ville, 63200, Riom",http://www.lalleimmobilier.fr/fr/
329532378,LAMALOU IMMOBILIER,"1 AVENUE MARECHAL FOCH, 34240, Lamalou-Les-Bains",http://www.lamalou-immobilier.fr/
820681633,Lamballe Immobilier SARL,"3 AVENUE GEORGES CLEMENCEAU, 22400, Lamballe",http://www.lamballeimmobilier.com/
483963138,Lambert Immobilier,"1 RUE CLAIRETTE, 78480, VERNEUIL SUR SEINE",http://www.lambertimmobilier.fr/
382615961,LAMIRAND ET ASSOCIES,"62 BOULEVARD VOLTAIRE, 75011, PARIS 11",http://www.lamirand-associes.com/
999310907,LAMIRAULT IMMOBILIER,"25 allée du Bétin, 86170, Neuville-de-Poitou",https://www.lamiraultimmobilier.fr/
433742343,LAMOTTE,"14 Rue Alek Plunian, 35136, Saint-Jacques-de-la-Lande",https://www.lamotte.fr/
903706786,LAMOUR IMMOBILIER,"5 Rond-Point de la Nation, 21000, Dijon",https://www.lamour.immo/fr/
981675549,Landes Immobilier,"3593 route de Saint Yaguen, 40009, Saint Martin d'Oney",https://landesimmobilier.fr/
917584518,LANGLOIS IMMOBILIER,"-----------, 85300, Challans",https://www.langlois-immobilier.fr/a-vendre/1
902590868,LANSAC IMMOBILIER,"18 rue du commandant berge, 77100, Meaux",http://www.ocarre-immo.com/
850542416,LANVAUX IMMOBILIER,"7 Rue de Rennes, 56660, Saint-Jean-Brévelay",http://www.lanvauximmobilier.fr/
909036915,LAPEYRE IMMO Agence Immobilière,"6 RUE DES CHENES, 44140, Remouillé",http://www.lapeyreimmo.com/
822875902,LAPORTE IMMOBILIER,"3 Rue des Cygnes, 74940, Annecy-Le-Vieux",http://www.laporte-immobilier.com/
497671677,Laravoire Immobilier,"61 RUE DE LA REPUBLIQUE, 42350, La Talaudière",http://www.laravoire.immo/
410061204,LARIVIERE IMMOBILIER,"113 RUE CARNOT, 62930, Wimereux",http://www.immobilier-lariviere.com/
789607272,LAROCA IMMOBILIER - Estate Agent,"23 RUE LOUIS ET MICHEL SOLER, 66740, LAROQUE DES ALBERES",https://www.laroca-immobilier.com/
830171518,LAROCHE IMMOBILIER,"27 ROUTE NATIONALE, 66700, Argelès-Sur-Mer",http://www.laroche-immobilier.com/
839439684,LASER IMMO COMMERCE,"131 avenue du bois de pinsolle, 40280, Saint-Pierre-Du-Mont",https://www.laser-immo-commerce.fr/fr/nous-contacter
437724255,LASSALLE-AMIKUZE IMMOBILIER,"25 Rue Thiers, 64120, Saint-Palais",https://www.amikuze-immobilier.com/
384398269,LASSUS IMMOBILIER,"8 bis rue mazagran, 71400, Autun",http://www.lassus-immobilier.com/
979246949,LATOUR IMMOBILIER,,https://www.facebook.com/fabien.latourpro
803633445,LATRESNE IMMOBILIER,"38 AVENUE DE LA LIBERATION, 33360, Latresne",http://www.latresne-immobilier.com/
301468153,LATREUILLE IMMOBILIER,"13 rue du Marechal Foch, 17260, Gemozac",https://www.latreuille-immobilier.fr/
888006517,LAURA IMMOBILIER,"99 Rue Véron, 94140, Alfortville",https://www.laura-immobilier.com/
849042536,LAURA JAMET IMMOBILIER,"19 Rue Levavasseur, 35800, Dinard",https://jamet-immobilier.com/
788439388,LAURE JOSSE IMMOBILIER,"41 boulevard Carnot, 78110, Le Vésinet",http://www.laurejosseimmo.fr/
453392045,LAURENDEAU IMMOBILIER,"183 RUE VOLNEY, 49000, Angers",http://www.laurendeauimmobilier.fr/
904966983,LAVALLÉE IMMOBILIER,"58 rue de Monceau, 75008, Paris",https://lavallee.immo/index.html
948785928,LAVANTURE IMMOBILIERE,"75 Av. de la Division Leclerc, 92290, Châtenay-Malabry",http://www.lavanture-immo.fr/
820618940,LAZARE INVEST IMMO,"145 ROUTE DE LA GARE, 44120, VERTOU",http://www.lazare-immo.com/
983633009,LAZZARIMMO,"82 RUE VICTOR HUGO, 71000, Mâcon",https://www.lazzarimmo.com/
942066234,LB HOME,"39 esplanade françois andré 44500 La Baule-Escoublac, 44500, La Baule-Escoublac",https://www.lbhome.fr/
452424013,LBH,"36 Av. Georges Clemenceau, 76190, Yvetot",http://www.lb-home.com/
822697512,LBH IMMOBILIER,"4 rue de l'ancienne tannerie, 84000, AVIGNON",https://lbhimmobilier.com/
940426711,LBH IMMOBILIER,"17 TER BD LAMARTINE, 34340, Marseillan",http://lbh-immobilier.com/
490489226,LBI,"92 Boulevard de Cessole, 06100, Nice",https://lbi-nice.com/fr/
988865135,LC Collection,,https://www.lc-collection.com/
884287848,LC IMMOBILIER,"130 rue Pierre Corneille, 69003, Lyon",http://www.lc-immobilier.fr/
812032399,LC IMMOBILIER - Agence Immobilière BETHUNE,"85 RUE ALBERT 1ER, 62400, Béthune",http://www.lcimmobilier.com/
498211895,LCB IMMO,"2 BOULEVARD SAINTE ANNE, 14100, Lisieux",http://www.lcbimmo.com/
499495968,LCD IMMOBILIER,"34 Boulevard Clemenceau, 22000, Saint-Brieuc",https://www.lecamus-immobilier.fr/
450815535,LCDI LE COMPTOIR DE L'IMMOBILIER,"Espace BLUE SKY 11 Avenue Gaston Vernier, 26200, Montélimar",http://www.lcdimmo.com/
895241362,LCE IMMOBILIER TRANSACTIONS,"52-54 grande rue Charles de Gaulles, 91250, Saintry-sur-Seine",https://www.lceimmobiliertransactions.com/
484595160,LCI LE CABINET IMMOBILIER,"154 BIS RUE DE METZ, 57300, Hagondange",http://www.lci57.fr/
994694404,LD IMMOBILIER,"------------, 32000, Auch",https://ld-immo.fr/
877683763,ld projet conseil habitat,"14 TER ROUTE DE PARIS, 10100, Romilly-sur-Seine",http://nogent-sur-seine.mikit.fr/
983874314,LDG IMMOBILIER,"33 LES HAMEAUX DU GOLF, 57155, Marly",https://www.ldg-immobilier.fr/
839609237,LDJ IMMOBILIER,"31 Bis boulevard Clemenceau, 66000, Perpignan",https://www.ldjimmobilier.fr/
338101009,LDT AMIENS,"19 rue de la République Galerie des Jacobins 80000 Amiens, 80000, Amiens",http://www.ldt.fr/constructeur-maison-amiens-somme.asp
920704228,LE 10 IMMO,"1 Impasse Phaeton, 44700, Orvault",https://www.le10immo.com/
791146350,LE 136,"136 Avenue de Palavas, 34070, Montpellier",http://www.136.fr/
414401752,Le 24 Courtille,"128 Rue La Boétie, 75008, Paris",https://24courtille.com/
892838152,Le 4 Le Cabinet Immobilier,"25 Boulevard Jean Jaurès, 31220, Cazères",http://www.le4lecabinetimmobilier.fr/
983675968,LE BEAUREPERE AGENCY,"65 CHEMIN DE SAINT MENET AUX ACCATES, 13011, Marseille",https://www.lbagency.fr/
410841308,LE BEC Immobilier,"4 PLACE JULES FERRY, 56100, Lorient",http://www.lebec-lorient.com/
952479830,LE BEL IMMO,"20 Rue Jean Baptiste Lebas, 59910, Bondues",https://www.facebook.com/celinelebel.immopro
429021017,Le Biavant Immobilier,"11 Pl. du Général de Gaulle, 29900, Concarneau",https://www.lebiavant.com/
839476504,Le Bien Unique,"2 place Jean V, 44000, Nantes",http://www.lebienunique.com/
517574026,LE BON CONSEIL IMMOBILIER,"3 RUE DE MAUVES, 44470, Thouaré Sur Loire",http://www.lbc-immo.com/
791866791,LE BON PLAN IMMOBILIER,"49A RUE RAOUL BLANCHARD, 59500, Douai",http://www.le-bon-plan-immo.com/
882589781,Le Bon'Appart Ajaccio - Agence immobilière,"Route du Stiletto, 20090, Ajaccio",https://www.lebonappart.immo/
491511937,Le Bossé François,"-----------, 78440, Gargenville",https://www.drhouse-immo.com/conseiller-immobilier/gargenville/francois-le-bosse
440532695,LE BOTTIN IMMOBILIER,"Amiens, 80000, Amiens",http://www.lebottin-immobilier.com/
905085924,Le Burô de l'Immô- Agence Immobilière,"13 PL DU QUAI, 30120, LE VIGAN",https://www.pagesjaunes.fr/pros/61976385
824331946,LE CABINET BLEU,"172, Avenue Louis Barthou, 33200, Bordeaux",http://www.lecabinetbleu.fr/
978314516,Le Cabinet Charentais,"117 rue Pierre Loti, 17300, ROCHEFORT",https://lecabinetcharentais.fr/
480513399,Le Cabinet De La Course,"27 rue de la Course, 33000, BORDEAUX",http://www.cabinetdelacourse.com/
920899481,LE CASTEL REAL ESTATE,"3 Rue Castel, 13600, La Ciotat",http://www.lecastelrealestate.com/
888548229,LE CEDRE IMMO,"2 rue du rhin, 68730, Blotzheim",https://www.lecedreimmo.com/
922042908,Le Cercle immo,"11 Square Pierre Corneille, 29860, Plabennec",https://www.lecercle-immo.fr/
795041326,LE CHAPITRE IMMOBILIER,"28 RUE NOTRE DAME DE NAZARETH, 75003, Paris",http://www.lechapitreimmobilier.com/fr
920650512,Le chat immobilier,"614 Rue d'Armentières, 59850, Nieppe",https://lechat-immobilier.fr/
448429985,Le Chêne Jaunet,"42 Rue du Général de Gaulle, 27340, Pont De L'Arche",http://www.lechenejaunet.fr/
800068207,LE CLUB DE L'IMMO TOULOUSE,"42 allée Jean Jaures, 31000, Toulouse",http://www.leclubdelimmo.fr/
915289599,LE CLUB IMMOBILIER FRANÇAIS,"17 Passage Leroy, 44000, Nantes",https://leclubimmobilierfrancais.fr/
790251094,LE COIN DE L'IMMOBILIER,"15 QUAI CARNOT, 55000, BAR LE DUC",http://www.lecoin-delimmo.com/
891033797,LE COIN IMMO,"142 chemin des ames du purgatoire, 06600, ANTIBES",https://www.le-coin-immo.fr/
983280132,Le comptoir de l'immo,"4 avenue de compiègne, 02200, Soissons",https://comptoirdelimmo.fr/fr/
890606163,LE COMPTOIR DE L'IMMOBILIER,"83 BD DU REDON CENTRE COMMERCIAL LA ROUVIERE, 13009, MARSEILLE 9",https://www.lecomptoirdelimmo.fr/
949923338,LE COMPTOIR DE L'IMMOBILIER CAEN,,https://www.lecomptoirdelimmobiliercaen.fr/
817578420,Le Comptoir Immo 33,"8, place de la Victoire, 33560, Sainte-Eulalie",https://www.comptoirimmo33.fr/
444809230,LE CONTACT IMMOBILIER Location,"4 PLACE ANDREE RECIPON, 35890, Laillé",http://www.ineohabitat.com/
411232846,LE CUBE BUSINESS,"7 Avenue Michel Chevalier, 06130, Grasse",http://www.lecube-business.com/
428213284,LE DOMAINE DE L IMMOBILIER,"24 PLACE MIREMONT, 38200, Vienne",http://www.divimmo.fr/
999835390,LE DOMAINE DE L'IMMO,"28 RUE DES AVIATEURS, 67500, Haguenau",http://www.domaine-de-limmo.fr/
529962961,LE DOME IMMOBILIER,"7 RUE CHARLES BOUDEVILLE, 60110, Méru",http://www.ledome-immobilier.net/
420729758,LE DUO,"9a route de Strasbourg, 67500, Haguenau",https://www.le-duo.com/
399775717,LE FICHIER DE LA CONSTRUCTION,"7 RUE JAYANGLE AV ALSACE LORRAINE, 38000, Grenoble",http://www.fichier-construction.com/
401391255,LE FIL A L IMMO,"96 RUE JEANNE D ARC, 54000, NANCY",https://www.lefilalimmo.fr/
520665555,LE FORUM IMMOBILIER,"427, Rue Raphaël Babet, 97480, SAINT JOSEPH",http://www.leforum-immobilier.com/
863500393,LE FOYER D ARMOR,"21 RUE JULES LEGRAND, 56323, Lorient Cedex",https://www.groupelbhabitat.bzh/
525143681,LE FOYER SEREIN,"19 RUE DE L'AUDE, 75014, Paris",https://lefoyerserein.com/
453467748,LE GALL PARTNERS IMMOBILIER,"6 ROUTE DE BREST, 22200, Guingamp",http://www.legallpartners.fr/
340651009,LE GRADIENT,"10, Allée des Chênes - ZAC des Erables, 74100, Vétraz-Monthoux",http://www.legradient.com/
800897068,LE HAMO,"65 rue de la Semm, 68000, Colmar",http://www.hamo.fr/
753195312,LE HAVRE NORMANDIE IMMOBILIER,"14 RUE DES HAUTES FALAISES, 76280, Angerville-L'Orcher",http://www.lehavre-normandie-immobilier.fr/
821723301,LE LAB IMMO,"23 QUAI GEORGE V, 76600, Le Havre",http://www.lelabimmo.com/agence-immobiliere-le-havre-418.htm
412896029,LE LION IMMOBILIER,"34 PLACE DU LION D'OR, 59800, Lille",http://www.lion-lille.fr/
375580701,Le Logis Breton,"58, rue de la Terre Noire, 29000, Quimper",https://www.lelogisbreton.bzh/
920339595,LE LYS IMMO,"4 Place Notre Dame, 51000, Châlons-en-Champagne",https://www.lelysimmo.fr/index.html
930018866,LE MARCHE IMMOBILIER,"2 Grand Rue, 47700, Casteljaloux",https://www.lemarcheimmobilier.fr/fr
848181186,LE MAT CONSTRUCTION,"33 Rue de Bel air, 29700, Pluguffan",http://www.maisons-i-29.fr/
432931855,LE MERCIER IMMOBILIER,"181 rue Jean Jaurès, 59264, ONNAING",http://www.lemercier-immobilier.com/
508160074,LE NEUBOURG IMMOBILIER,"6 Place Aristide Briand, 27110, Le Neubourg",https://www.leneubourg-immobilier.fr/
891740680,LE NID DE PROVENCE,"107 place du portail neuf, 84210, PERNES LES FONTAINES",https://www.nid-de-provence.fr/
911727923,LE NOUVEL IMMO,"3 rue des argeras, 13340, Rognac",https://www.lenouvelimmo.fr/
890580376,LE NOUVEL IMMOBILIER,"32 Rue de la Justice, 68100, Mulhouse",https://www.lenouvelimmobilier.fr/
423915800,LE PALATIN,"7 Rue du Stade, 67210, Bernardswiller",http://www.lepalatin.com/
794077214,LE PARTENAIRE IMMOBILIER GESTION,"20, rue de la Bergerie, 64200, Biarritz",http://www.partenaire-immobilier-biarritz.com/
839985983,LE PARTENARIAT IMMOBILIER,"355 Rue Pierre Seghers, 84000, Avignon",http://www.lepartenariatimmobilier.com/
478681653,LE PASS IMMOBILIER,"71 RUE DE LA REPUBLIQUE, 54000, Nancy",http://www.lepassimmobilier.fr/
323127746,LE PATRIMOINE,"30 impasse des marions, 85600, Montaigu-Vendée",http://www.agencelepatrimoine.com/Default.aspx
809307903,Le Pays Yonnais Immobilier,"43 Rue des Frères Payraudeau, 85310, La Chaize-le-Vicomte",https://www.immobilier-ouest.net/
882372188,LE PETIT AGENT,"19 Rue Emile Zola, 33110, Le Bouscat",https://www.lepetitagent.fr/
481925212,LE PHARE DE PROVENCE,"4, RUE SAINT THOME, 13002, MARSEILLE",http://www.phare-de-provence.com/
538353004,LE PIC DU QUERCY,"635 Chemin de Lugan Bas, 82300, Monteils",http://point-immobilier-conseil.com/
393306790,LE POINT IMMOBILIER,"29 BOULEVARD GENERAL KOENIG, 19100, Brive-La-Gaillarde",http://www.lepointimmobilier-agence.fr/
825212517,LE POIRIER IMMOBILIER ST ALBAN,"4 Rue Chemin Ferré - Rond point du Poirier, 22400, SAINT-ALBAN",http://www.lepoirierimmobilier.com/
514604107,Le Puy de l'Immobilier,"Place de la Mairie, 63780, ST GEORGES DE MONS",http://www.puydelimmobilier.fr/
894764141,LE QUAI DE L'IMMOBILIER,"16 B CHEMIN DES MALACHER, 38240, MEYLAN",https://lequai-immobilier.com/
945029627,LE REFUGE IMMOBILIER,"3 AVENUE DE LA COMBE D'OR, 05160, Savines-le-Lac",https://www.lerefugeimmo.com/
797607215,LE REPERE IMMOBILIER LA BAULE,"6 Avenue Louis Lajarrige, 44500, La Baule-Escoublac",https://www.lerepereimmobilier.fr/
920483096,Le Reso,"881 Chemin Lasbordes, 64160, Buros",http://www.reso-immobilier.fr/
833863327,LE ROSENBERG IMMOBILIER,"20 rue de Hagenthal, 68220, Hégenheim",http://www.rosenbergimmobilier.fr/
890021884,Le Rouge & le Noir,"13 rue Beyle Stendhal, 38000, Grenoble",http://www.agence-lerougeetlenoir.fr/
877380154,Le Rouzic immobilier by Orizon,"3 PLACE DE LA REPUBLIQUE, 56000, Vannes",http://www.lerouzic.com/
843390659,Le Réseau Immo,"62 Bd Voltaire, 75011, Paris",http://www.lereseauimmo.fr/
432765014,LE SERVICE IMMOBILIER,"125 RUE LOUIS PLANA, 31500, TOULOUSE",http://www.leserviceimmo.com/
880849575,LE SILO IMMOBILIER,"5 rue Louis Blanc, 84160, Cadenet",http://www.lesiloimmobilier.fr/
913521316,Le socle immobilier,"Le Moulin Neuf, 56130, Péaule",https://www.lesocleimmobilier.fr/
349377069,LE STRAT CAEN IMMO,"122 BOULEVARD MAL LECLERC, 14000, Caen",http://www.caen-immo.fr/
829030444,LE TEICH IMMOBILIER,"62 BIS AVENUE DE LA COTE D’ARGENT, 33470, LE TEICH",http://www.leteich-immobilier.fr/
898457130,LE TEMPS DE L'IMMOBILIER,"107 Bd Bara, 13013, Marseille",http://www.letempsdelimmobilier.com/
921043345,Le Terme Immobilier,"22 rue le Terme, 17320, Marennes-Hiers-Brouage",https://letermeimmobilier.fr/
803699339,LE TOIT DU MONDE,"33 RUE LECOCQ, 33000, Bordeaux",http://www.letoit-dumonde.com/
574501714,LE TOIT FOREZIEN,"29, rue Jo Gouttebarge, 42000, SAINT ETIENNE",http://www.toitforezien.fr/
953272242,LE TOUX Yohanna,"-------------, 40230, SAUBION",https://www.reseau-expertimo.fr/1734-mandataire/1
418596904,Le TUC ALES,"route de Montèze, 30380, SAINT CHRISTOL LES ALES",http://ales.letuc.com/
922335021,LE VACCARESE,"150 PLACE CEREALIS, 30133, Les Angles",https://calima-immo.fr/programme/le-vaccarese/
500374145,Lebas Immobilier Groupe BIAS,"101 PLACE GASTON SAMSON, 76640, Fauville-En-Caux",http://www.lebas-immobilier.com/
977517564,LEBON LOGIS,"35 bis rue Gustave Flaubert, 76310, LE HAVRE",http://www.lebon-logis.fr/
934151846,LEBRAY & FINNE,"472 rue du phare de Roquerols, 34200, Sète",https://www.lebray-finne.fr/
879252922,LECOEUR TRANSACTIONS,"71 AVENUE CHARLEMAGNE, 14000, Caen",http://www.lecoeurtransactions.fr/
387758048,LECOINTE-ST AUBIN IMMOBILIER LOCATION,"76 AVENUE JEAN RIEUX, 31000, Toulouse",http://www.lecointe-immobilier.com/
885042309,LECONTE LECONTE IMMOBILIER,"371 Rue de la République, 76520, Franqueville-Saint-Pierre",http://leconte.immo/
451942908,Lecuyer immobilier,"16 rue ARISTIDE BRIAND, 44400, Rezé",https://www.lecuyer-immobilier.com/
934561135,LEDEY CONSEIL & IMMOBILIER,"74 COURS LAFAYETTE, 69383, LYON",https://www.ledey-immobilier.fr/
895256832,LEELOO IMMOBILIER,"51 Avenue Thiers, 24200, Sarlat-la-Canéda",https://www.leeloo-immobilier.com/
350854022,Leers Immobilier,"2 Rue Léon Gambetta, 59115, LEERS",http://www.leers-immobilier.com/
852388362,LEFORESTIER IMMOBILIER,"15 rue du 19 aout 1942, 76550, Hautot-sur-Mer",https://www.leforestier-immobilier.com/fr
534007224,LEGACY ALSACE,"2 route d'ittenheim, 67204, Achenheim",http://www.legacy-alsace.fr/
938125382,LEGACY IMMOBILIER,"92 RUE GEORGES CLEMENCEAU, 57440, Algrange",https://www.legacy-immobilier.com/
953626330,LEGACY KEY'S,"14 Rue Cantelaudette, 33310, Lormont",http://www.legacykeys.fr/
898377973,LEGAL IMMO,"37 rue de Doullens, 62270, Frévent",https://www.legal.immo/
804662211,LEGAPOLE IMMOBILIER,"78 ROUTE D'ESPAGNE, 31100, TOULOUSE",https://www.immobilier.legapole.fr/
804723302,LEGAY SAUVAGE IMMOBILIER,"13 ALLEE DES ARCADES, 76120, Le Grand-Quevilly",http://www.sauvagetransaction.fr/
329503460,LEGENDRE IMMOBILIER,"50 bis boulevard Clemenceau, 95240, Cormeilles-En-Parisis",http://www.legendre-immobilier.fr/
421061680,LEGENDRE IMMOBILIER,"5 RUE LOUIS JACQUES DAGUERRE, 35208, RENNES CEDEX 2",https://www.legendre-immobilier.com/
902247642,LEGILOC,"19 Avenue Albert Camus, 21000, Dijon",http://www.legiloc.fr/
911687713,LEGIS IMMO,"10 PL ARMAND MARRAST, 31800, SAINT-GAUDENS",https://legisimmo.fr/
951250976,LEGROS GROUPE IMMOBILIER,"37 Avenue jacques Trouillet, 13160, Chateaurenard",https://www.legros-groupe-immobilier.fr/
887945749,LEKYP IMMOBILIER,"27 Avenue des Sables, 85500, Les Herbiers",http://lekyp.fr/
349157230,LELIEVRE Conseil en Gestion de Patrimoine,"------------, 72000, Le Mans",https://www.lelievre-immobilier.com/conseil-en-gestion-de-patrimoine
419529706,LEMAISTRE IMMOBILIER CRIQUETOT L ESNEVAL,"8 Rue du 8 Mai 1945, 76280, Criquetot-l'Esneval",http://www.lemaistre-immo.fr/fr/acheter-biens-immobiliers.htm?_typebase=1&_key_spec[marge_de_calcul]=5&_ville_bien[]=Goderville&latlong=0&prixdevente[]=&prixdevente[]=&surfacehabitable[]=&surfacehabitable[]=&_motsclefs=
828823914,LEMAITRE IMMOBILIER,"13-15 AVENUE D ANGOUMOIS, 17570, La Palmyre",http://www.lemaitreimmobilier.fr/
813552932,LEMAN PROPERTY,"7 AVENUE DU GENERAL DE GAULLE, 74200, Thonon-Les-Bains",http://www.leman-property.com/
981850118,LEMAN SUISSE IMMO,"48 Route des Vallées, 74100, Annemasse",https://www.lemansuisseimmo.fr/
811377100,LENOTRIMMO,"89 Route des Romains, 57100, Thionville",https://www.lenotrimmo.fr/accueil-325.html
103528253,LENTZ IMMO ET CONSEIL,"157 avenue Jean GIONO, 04100, MANOSQUE",http://www.lentz-immoconseil.com/
811084862,LEOJADE AGENCE IMMOBILIERE,"4 BOULEVARD SAKAKINI, 13004, Marseille",http://www.leojade.com/
887761062,LEONE IMMOBILIER,"80 Rue Roger Salengro ( ancienne Banque Populaire ), 69310, Pierre-Bénite",https://www.leone-immobilier.fr/
808416515,LEONIE LELIEVRE Immobilier - Les Issambres,"5268 CORNICHE DES ISSAMBRES, 83380, Roquebrune-sur-Argens",https://www.leonie-lelievre.fr/
834513319,LEONIS IMMOBILIER,"2 BIS RUE GAMBETTA, 13200, Arles",http://www.leonis-immobilier.com/
334871415,LEPERCQ IMMOBILIER,"9 Rue Alexandre Dumas, 02600, Villers-Cotterêts",https://www.lepercq-immobilier.com/
801820184,LEPRINCE,"26 rue du Maréchal Joffre, 06000, Nice",http://www.leprincerealty.com/fr/
529946113,Leroy Immobilier,"10 Place Turenne, Leroy Immobilier, 59240, DUNKERQUE",http://www.cabinetleroyimmobilier.fr/
333046415,LES 2 OURSES IMMOBILIER,"ROND POINT DES PISTESMERLETTE, 05170, Orcières",http://www.orcieres-merlette.com/
409003571,LES 3 CLÉS,"179 RUE MICHAUD, 73000, CHAMBERY",https://www.les3cles.com/
922840566,LES 3 PIERRES,"5, avenue Jean Jaurès, 69007, Lyon",https://www.les3pierres.fr/
972505283,Les Adresses Confidentielles,"11 Quai des Célestins, 69002, Lyon",https://www.lesadressesconfidentielles.com/
990527301,LES ADRESSES DE MANON,"4 PLACE DE L'EGLISE, 34410, Sauvian",http://www.lesadressesdemanon.fr/
322566472,LES AGENCES BOYER,"6 rue Pierre TOESCA et 1 rue Gabriel Péri, 83150, BANDOL",http://www.lesagencesboyer.fr/
900560855,LES AGENCES DE QUARTIER,"142 avenue de Gairaut, 06100, Nice",https://laqimmobilier.com/fr/
901428110,Les Agences des Copains,"657 AV CHARLES DE GAULLE, 83500, La Seyne-sur-Mer",https://lesagencesdescopains.com/
952371011,LES AGENCES DU LOIR,"1 RUE PASTEUR, 72800, Luché-Pringé",https://lesagencesduloir.com/
902283514,Les Agents de l'immobilier Meung-sur-Loire,"42 Rue Jehan de Meung, 45130, Meung-sur-Loire",https://www.lesagentsdelimmobilier.com/agent/meung-sur-loire/
439432741,Les Agents Logia Metz / Nancy,"59 rue Raymond Poincaré, 54000, Nancy",http://www.bienloger.com/
501140230,LES ANGLES IMMOBILIER,"12 AVENUE DE BALCERE, 66210, Les Angles",https://www.les-angles-immobilier.com/fr
509438545,LES ARTISANS DE L IMMOBILIER,"21 RUE DU GÉNÉRALE DE GAULLE, 57050, Longeville-Lès-Metz",http://artisans-immobilier.com/
913807392,Les Arènes Immobilier,"6 Rue des Arènes, 49100, Angers",https://www.arenesimmo.fr/
380757757,LES BASTIDES DU MIDI,"563 Boulevard Barthélémy Abbadie, 13730, Saint-Victoret",https://www.bastidesdumidi.com/
328724539,LES BATISSEURS D'AUJOURD'HUI,"48 av du Grésivaudan, 38700, Corenc",http://www.les-batisseurs.com/
911774792,LES BEAUX QUARTIERS,"1 RUE MONTMARTRE, 75001, Paris",https://www.lesbeauxquartiers-immobilier.com/
529300055,LES BELLES ANNEES,"94 quai Charles de Gaulle, 69463, Lyon",http://lesbellesannees.com/
903372795,LES BIENS DE PROVENCE,"23 RUE FERNAND RAMBERT, 13190, Allauch",https://www.locateams.com/
908106792,LES BONS BIENS,"16 bis Quai Amiral Hamelin, 14000, Caen",https://www.lesbonsbiens.com/
338846728,LES CHALETS DUTRUEL,"1976 Route de Grange Blanche, 74500, BERNEX",https://www.chalets-dutruel.com/fr/
444724967,LES CHENES IMMOBILIER,"24 RUE GAMBETTA, 57255, SAINTE MARIE AUX CHENES",http://www.leschenesimmobilier.fr/
378537286,LES CLAYES IMMOBILIER,"18 BIS AVENUE JULES FERRY, 78340, LES CLAYES-SOUS-BOIS",http://www.lesclayesimmo.com/
102194073,LES CLEFS D'ICI,"14 Allée du Commerce, 72190, Sargé-lès-le-Mans",http://www.lesclefsdici.fr/vente/4-sarge-les-le-mans/1
949245583,Les Clefs de l'Immo - La Primaube,"35 Rue Saint-Jean, 12450, Luc-la-Primaube",https://www.clefsdelimmo.fr/
802626804,LES CLEFS DE L'IMMOBILIER,"30 Rue Buirette, 51100, Reims",http://lesclefsdelimmobilier.fr/
900403718,LES CLEFS DE MANON,"22 Avenue du 8 Mai 1945, 87250, Bessines-sur-Gartempe",https://www.lesclefsdemanon.com/
807389168,LES CLEFS DU GENEVOIS,"2 BIS RUE FONTAINE DES FRERES, 74160, Saint-Julien-En-Genevois",http://lesclefsdugenevois.fr/
984253161,Les Clefs Du Valois,"1 rue des Gentianes, 60800, Crépy-en-Valois",https://www.lesclefsduvalois.fr/
913363248,LES CLEFS TOULOUSAINES,"35 rue Gambetta, 31000, Toulouse",https://www.lesclefstoulousaines.fr/
810273326,LES CLES D'AQUITAINE,"23 route de Branne, 33410, Cadillac",http://www.lesclesdaquitaine.immo/
850200437,LES CLES DE CHLOE,"19 Rue de Riom, 63360, Saint-Beauzire",http://www.lesclesdechloe.fr/
891554255,LES CLÉS D'ALEXIA Agence Lyon & Loire-sur-Rhône,"48 avenue maréchal de saxe, 69006, Lyon",http://www.lesclesdalexia.com/
981115637,Les Clés du Littoral,"2 avenue Pasteur, 14150, Ouistreham",https://www.lesclesdulittoral.com/
942886409,Les Clés du Quercy,"5 Avenue du Chasselas, 82200, Moissac",http://www.lesclesduquercy.com/
515284594,Les Clés du Sud,"66 route de la Grande Corniche, 97480, Saint Joseph",https://2pimmo.com/
918543729,LES CLÉS DU VAR,"2057 RTE DE BRIGNOLES, 83340, LE LUC",http://www.lesclesduvar.com/
882720899,LES COMPTOIRS DE L'IMMO,"17 rue René Laënnec, 44480, Donges",https://www.immobilier-saint-nazaire-donges.com/fr/
301169744,LES CONSEILS IMMOBILIERS,"27 RUE DE LYON, 29200, Brest",https://www.lesconseilsimmo.com/
939453478,Les Demeures de Marcelle | Agence immobilière,"530 A CHEMIN DU GUE DU CHEVALIER, 26800, Étoile-sur-Rhône",https://www.lesdemeuresdemarcelle.com/
540023652,LES DEMEURES DU COMTAT,"1722 avenue majoral jouve, 84810, Aubignan",http://lesdemeuresducomtat.fr/
533125639,LES DEMEURES DU PASTEL,"41 AVENUE SAINT EXUPERY, 81600, Gaillac",http://www.lesdemeuresdupastel.com/
889544896,LES DEMEURES DU SUD,"2 Bd Joliot Curie, 34200, Sète",https://www.lesdemeuresdusud.fr/
924824634,Les demeures lilloises,,https://lesdemeureslilloises.fr/fr/
489866756,LES DEMEURES REGIONALES,"57 Route de Paris, 03000, Avermes",https://www.lesdemeuresregionales.com/
949388367,LES DENICHEURS IMMOBILIER,"94, rue du commerce, 79170, Brioux-sur-Boutonne",https://www.lesdenicheursimmobilier.fr/
832872766,LES DROLES DE DAMES DE PANAME,"84 Ave de la République, 75011, Paris",https://lesdrolesdedamesdepaname.com/
922206032,Les Dénicheurs Immobilier,"51 Boulevard de Strasbourg, 59000, Lille",http://www.lesdenicheurs-immobilier.fr/
838238541,LES FILLES DE L'IMMOBILIER - Agence immobilière,"37 avenue Colonel Teyssier, 81000, Albi",http://www.lesfillesdelimmobilier.fr/
941312167,Les Gones de L'IMMO,"72 Avenue Edouard Millaud, 69290, Craponne",https://www.gones.immo/
575751656,Les Habitations Populaires,"10 rue Gisèle Halimi, 93000, Bobigny",https://www.lhp.coop/portfolio-item/althea/
380957100,LES IMMOBILIERES,"23 BOULEVARD DU DOCTEUR FERROUL, 11100, Narbonne",http://www.immobilier-narbonne.com/fr/
845212117,LES LOGES IMMOBILIER,"85 Avenue de Wagram, 75017, Paris",https://www.lesloges-immobilier.com/
432193811,LES MAISONIALES,"74 D Avenue d'Andrézieux, 42340, Veauche",http://www.lesmaisoniales.fr/
482568482,Les Maisons Art & Traditions Françaises,"19 AV LOUIS DELAGE, 91310, LINAS",https://www.maisons-atf.fr/
419391370,Les Maisons Aura,"56 avenue de la Roque, 24100, Creysse",http://www.lesmaisonsaura.com/
315280495,LES MAISONS BARBEROUSSE,"5 Rue de l'Ancienne Tuilerie, 67500, Haguenau",https://www.maisons-barberousse.fr/
423692151,LES MAISONS CHANTAL B.,"16 RUE DES ACACIAS, 17530, Arvert",https://www.maisonschantalb.fr/
490097086,LES MAISONS CLEROISES,"1579 RTE DE NEUFCHATEL, 76230, Quincampoix",http://www.maisons-cleroises.fr/
483142261,Les Maisons CMI,"957 chemin de leuze, 84330, CAROMB",https://lesmaisonscmi.fr/
823068119,LES MAISONS D'EVA,"6 Rue Ampère, 44240, La Chapelle-sur-Erdre",http://www.maisonseva.fr/
793489311,LES MAISONS D'OLIVIA,"9 Rue Guy Moquet, 94370, Sucy-en-Brie",http://www.lesmaisonsdolivia.fr/
105676456,LES MAISONS DE CHARME,"367 RUE DU BRIGNEAU, 49700, Doué-en-Anjou",https://www.lesmaisonsdecharme.fr/fr/
095720314,Les Maisons de Manon Cabriès,"7 rue de la Marjourano, 13480, Cabriès",https://www.maisons-de-manon.fr/
788792281,Les Maisons de Paulane,"5 RUE BAYARD, 05000, Gap",https://www.lesmaisonsdepaulane.fr/
483728440,LES MAISONS DU VAL,"1 rue de la pièce noire, 44119, Treillières",https://www.maisons-du-val.fr/
384454385,Les Maisons François Leon,,https://maisons-leon.com/
318869377,LES MAISONS M J.,"250 avenue du Stade, 30840, MEYNES",http://www.maisons-maddalena.com/
501511463,LES MAISONS PELICAN,"14 Avenue Saint Mesmin, 45100, Orléans",https://les-maisons-pelican.fr/
880806294,LES MAISONS PROVENCE OCCITANIE,"164 AVENUE DE SAINT TRONQUET, 84130, LE PONTET",http://www.les-maisons-provence-occitanie.fr/
405242744,LES MAISONS RENOBAT,"17 AVENUE LOUIS DELAGE, 91310, LINAS",https://www.lesmaisonsrenobat.com/
345229264,LES MAISONS VIGERY,"LIEU DIT LES COUTURES, 45130, BAULE",http://www.maisons-vigery.com/
439210352,Les Mas d'Arguin,"104 AVENUE DE LATTRE DE TASSIGNY, 33470, GUJAN-MESTRAS",https://www.lesmasdarguin.fr/
910471010,Les Nouvelles Pépites - Croix,"117 Rue Jean Jaurès, 59170, Croix",https://www.lesnouvellespepitesimmo.fr/
492547112,LES NOYERS,"16 RUE ISAAC NEWTON, 18000, Bourges",https://sas-lesnoyers.com/
431666825,LES OCEANIDES,"PLACE RICHARD FEUILLET, 40440, Ondres",https://www.oceanides-immobilier.com/
892494311,Les Palettes Urbaines,"Parc Logistique Sogaris – Bâtiment S – Place de la logistique, 94150, Rungis",http://www.lespalettesurbaines.fr/
478595390,LES PARCS AMÉNAGEUR,"2 boulevard d'Arcole, 31000, Toulouse",http://www.lesparcs-amenageur.com/
824368328,LES PARIGOTS,"83 Boulevard Berthier, 75017, Paris",https://www.lesparigots.com/
835161498,LES PEPITES DE L'IMMOBILIER,"85 rue Lost Al lann, 29000, QUIMPER",http://www.pepites-immo.com/
538793779,LES PIERRES DE L'ATLANTIQUE,"79 Route de l'Adour, 64990, Lahonce",https://lespierresdelatlantique.fr/
852516186,LES PORTES D'ARRAS,"57 AVENUE DU PEUPLE BELGE, 59800, LILLE",https://bastide-immobilier.fr/
878587609,Les Portes de l'Immobilier,"9 rue de Condé, 33000, Bordeaux",https://www.lesportesdelimmobilier.fr/
850454059,LES PORTES DE L’IMMOBILIER MAISSE,"2 Place de la Mairie, 91720, Maisse",http://www.lesportesdelimmobilier.com/
929012722,Les professionnels de l'immobilier,"22, place du centre, 88700, Padoux",https://les-professionnels.immo/
819947011,LES PROS DE L'IMMOBILIER,"9001 - 1, rue Ignace ALIZART - LA GIRODAY, 97412, Bras Panon",http://www.lesprosdelimmobilier.fr/
471800524,LES PYRAMIDES IMMOBILIER,"277 AVENUE ROBERT FAGES IMMEUBLE LE MIRAMAR, 34280, La Grande-Motte",http://www.lagrandemotte-immobilier.com/
834191710,LES REMOISES,"4, Place Aristide Briand, 51100, Reims",http://www.les-remoises.fr/fr
810855023,LES SARMENTS,"26 ALLE DE LA LIBERTE, 34570, Pignan",http://www.agence-les-sarments.com/
488677733,Les Senioriales®,"6 rue Brindejonc des Moulinais ‑ Bâtiment C, 31500, TOULOUSE",https://www.senioriales.com/
897511150,Les Sept Collines Immobilier,"55 Av.Victor Hugo, 19000, Tulle",http://www.septcollines-immo.fr/
821877735,Les Solutions De l'Immobilier,"62A Rue du Général Leclerc, 67115, PLOBSHEIM",http://www.sdimmobilier.fr/
751650797,LES TERRASSES DE LUTECE,,https://www.terrasses-lutece.com/
339616989,LES TERRES A MAISONS,"RUE GUSTAVE EIFFEL 76235 BOIS GUILLAUME CEDEX, 76230, Bois-Guillaume",https://www.terresamaisons.com/
492312012,LES TILLOISES,"80 Rue René Panhard, 30900, Nîmes",https://www.lestilloises.fr/
980349955,Les Toits Bretons,"143 Avenue de Kéradennec, 29000, Quimper",http://www.ltb-immo.fr/
329690226,LES TOITS DE FRANCE,"20 RUE MAURICE MONTI, 30000, NIMES",http://www.lestoitsdefrance.fr/
888059185,LES TOITS DE ROBINSON,"3 place de l'auditorium, 92350, LE PLESSIS-ROBINSON",https://www.lestoitsderobinson.fr/
498097807,LES TOITS DE VERDUN,"5 rue Joliot Curie, 82600, VERDUN SUR GARONNE",http://www.lestoitsdeverdun.fr/
802892281,Les Toits • Immobilier Nantes,"8 Rue de Gorges,, 44000, Nantes",https://www.lestoits.fr/
413123878,Les Villages d'Or,"1421 AVENUE DES PLATANES, 34970, Lattes",http://www.les-villages-dor.com/
891206922,LES VILLAS OCCITANIE,"12 QUAI DE LORRAINE, 11100, Narbonne",https://www.les-villas.fr/les-villas-perpignan-narbonne/1
500425749,LES VILLAS VETENA.,"873 chemin du bac de Bompas, 84270, Vedene",http://les-villas-vetena.fr/
909907701,LES Z'AGENTS Immobilier VENTE-LOCATION-GESTION,"11 rue Albert Londres, 38130, Echirolles",https://www.leszagents.fr/
428928121,Lesieur Conseil Immobilier LCI,"30 RUE MADELEINE, 28230, Epernon",http://www.agencelci.fr/
879290823,LESNEVEN IMMOBILIER,"1 rue de jerusalem, 29260, Lesneven",http://www.lesnevenimmobilier.fr/
899152318,LETELLIER IMMOBILIER,"62 avenue de Caen, 76000, Rouen",http://letellier-immobilier.fr/
908155575,Lethis Immobilier,"45 Avenue des Etats-Unis, 31200, Toulouse",https://lethis-assurances.fr/immobilier/
445340730,LEUCCI IMMOBILIER,"21 Rue de Turenne, 59240, Dunkerque",https://www.leucci-immobilier.com/
919300228,LEVEL IMMOBILIER,"17 COURS VOLTAIRE, 13400, Aubagne",http://www.levelimmobilier.fr/
434821864,LEX IMMOBILIER FONT-ROMEU,"22 Avenue Maréchal Joffre, 66120, Font-Romeu",http://www.leximmobilier.com/
821885746,LEXENCE IMMOBILIER,"2010 ROUTE DE BERRE, 13090, Aix-en-Provence",http://www.lexenceimmobilier.fr/
821752953,Leximmo 07,"86 rue Pasteur, 07500, Guilherand-Granges",https://www.leximmo-07.fr/
490899663,LF immo,"-------------, 67000, Strasbourg",https://www.lafede.immo/
490623865,LIANCOURT IMMOBILIER - SACY LE GRAND IMMOBILIER,"11, PLACE DE LA ROCHEFOUCAULD, 60140, Liancourt",http://www.liancourt-immobilier.com/
390095230,LIBERTY HOME,"9 PLACE DES VOSGES, 54000, Nancy",https://www.libertyhome.fr/
441534583,LIBERTY IMMOBILIER,"6 RUE JEAN JAURES, 78190, Trappes",http://www.liberty-immo.com/
499371391,LIBRE IMMO,"36 RUE DU MARECHAL JOFFRE, 64000, Pau",http://www.libre-immo.com/
388535098,LICHTENAUER IMMOBILIER,"231 AV D ALTKIRCH, 68350, Brunstatt",http://www.lichtenauer.fr/
879698470,Licorne Immobilier,"563 Boulevard Barthélemy Abbadie, 13730, Saint-Victoret",http://www.licorne-immo.com/
104681598,LIDA CAPITAL,"16 Rue de Logelbach, 75017, Paris",https://lidacapital.fr/
812741924,LIENHARD IMMO,"2 Rue du Général de Gaulle, 67610, La Wantzenau",https://www.lienhardimmo.fr/
790592521,LIFT IMMO,"ROUTE DU PORGE, 33680, Le Temple",https://www.liftimmo.com/
451534416,"LIGEIS (Géomètre-Expert, Immobilier et VRD)","4, Quai des Carmes, 49100, Angers",https://www.immo.ligeis.fr/
483893079,LIGERIA IMMOBILIER,"35 RUE MARCEL VIGNAUD, 37420, Avoine",http://www.ligeria.fr/
784298614,LIGERIS,"20 rue Dublineau, 37000, Tours",http://www.ligeris.com/
790341838,LIGNE IMMOBILIER,"50 RUE DU CENTRE, 44850, LIGNE",http://www.ligne-immobilier.com/
523648665,LIGNY-GASPARY IMMOBILIER,"52 RUE ARISTIDE BRIAND, 76200, Dieppe",http://www.ligny-immobilier.fr/
801015348,LILAMAND REAL ESTATE,"7 RUE FLORIAN, 06400, Cannes",https://lilamand-estate.com/fr/
519040620,limmobiliere.fr,"2, place du Colonel Denis, 88520, Ban De Laveline",http://www.limmobiliere.fr/
895305621,LIMMON,"45 rue Jean Moulin, 69300, Caluire-et-Cuire",http://www.limmon.fr/
810570135,LIMO,"4bis rue Joseph Cazautets, 87170, Isle",http://www.limo.immo/
421549361,LINÉA CONSTRUCTION,"52 Allée des cèdres, 69760, Limonest",http://www.linea-construction.fr/
892122854,Lion D'or Immobilier - Neuville Sur Saône,"54 avenue Carnot, 69250, Neuville-sur-Saône",https://www.liondorimmobilier.fr/
452219017,LISNARD IMMOBILIER,"52 AVENUE GEORGES CLEMENCEAUESPACE MASSIER, 06220, Vallauris",http://www.lisnard-immobilier.com/
837714807,LISTEN IMMO +,"228 AVENUE DE CADAUJAC, 33850, Léognan",https://www.listen.immo/
431699347,LITTORAL IMMOBILIER,"186 Route Nationale 1, 97434, Saint Gilles Les Bains",http://www.littoralimmobilier.fr/
504747577,Littoral immobilier,"2 Rue Allenou, 22590, Pordic",https://www.littoral-immobilier22.com/
810146662,LITTORAL OUEST IMMOBILIER,"23 RUE DE L'ODET - SAINTE MARINE, 29120, COMBRIT",http://www.littoralouestimmobilier.com/
917629214,Living By Victoria • Agence Immobilière,"14 RUE DES POMMIERS, 44700, Orvault",https://www.living-immo.fr/
884146507,Lizance Immo,"1 ter place des anciens combattants, 62860, Bourlon",https://www.ladresseimmo.fr/
539701425,LJ IMMO,"184 AVENUE GABRIEL PERI, 91700, Sainte-Geneviève-des-Bois",http://www.lj-immo.fr/
920432119,LJM Immobilier,"187 Boulevard de la Liberté, 59800, Lille",http://ljm-immobilier.fr/
802267500,LK PROMOTION,"19bis rue Villiers de l'Isle Adam, 60000, BEAUVAIS",http://www.lkpromotion.fr/
790300065,LK1 IMMOBILIER,"85 Av. de Genève, 74000, Annecy",https://agence-immobiliere-annecy-lk1.com/
914342969,LLINARES,"4 RUE JEAN MERMOZ, 13008, MARSEILLE",https://llinaresimmo.com/fr/
819073420,LM Immobilier,"78 RUE SAINT JEAN, 14000, Caen",http://www.lmimmobiliercaen.fr/agence-immobiliere-caen-313.htm
891381477,LM IMMOBILIER,,http://www.lm-immobilier.fr/
915269021,LM IMMOBILIER,"33 rue de la Tour Neuve, 45000, Orléans",http://www.lm-immo.net/
920917770,LM Immobilier - Lucie MERRIEN,"6bis Allée des Maisonneuves, 44140, Geneston",https://www.agence-lmimmobilier.com/
809223613,LM PATRIMOINE IMMOBILIER,"82 Bis Avenue du 08 Mai 1945, 34550, Bessan",http://www.lm-patrimoine.fr/
820771533,LMA CHELLOISE,"3 B RUE DES TEMPLIERS, 77500, Chelles",http://www.lmachelloise.com/
413782509,LMH,"425 Boulevard Gambetta, 59200, Tourcoing",https://www.lmh.fr/access/#biens
428218630,LMHT,"1 GRANDE RUE, 92310, Sèvres",http://lmht-immobilier.fr/
934122318,LMNP SÉRÉNITÉ,"58 Rue de Monceau, 75008, Paris",https://www.lmnpserenite.fr/
453052938,LMV Immobilier,"12 Allée de la République, 33350, Castillon La Bataille",https://www.lmv-immobilier.com/
947878500,LN Immobilier,"5 avenue de la gare, 29900, Concarneau",http://ln-immobilier.bzh/
844413997,LNA - La Nouvelle Agence Immo,"162 RUE DE PARIS, 93260, Les Lilas",https://www.lanouvelleagenceimmobiliere.fr/
103545810,LNA Feller Immobilier,"3 place octogonale, 77700, Chessy",http://www.lnafeller.fr/
892386657,LOC EN SEINE,"78 Rue des Martyrs, 76500, ELBEUF",https://www.administrateurs-de-biens.fr/annonces/387589_____1/loc-en-seine.html
538980541,LOC IMMO 66,"10 AVENUE GENERAL DE GAULLE, 66000, Perpignan",http://www.loc-immo66.fr/
438486235,LOCA DIJON,"108 RUE MONGE, 21000, Dijon",http://www.loca.fr/
795079375,LOCA-INVESTISSEMENT,"15 ALLEE DU MARECHAL FOCH, 92210, Saint-Cloud",https://agence.loca-invest.com/fr/
505329714,LOCAGEST 18,"92-94 rue d'auron, 18000, Bourges",https://www.locagest18.immo/
484973664,LOCAJURIS,"103 rue La Fayette, 75010, Paris",https://www.locajuris.fr/
934400011,LOCASTAR,"32 COURS LYAUTEY, 64000, PAU",https://www.locastar.fr/
452658081,LOCATION 360,"Cidex 801, 54740, Laneuveville-Devant-Bayon",http://www.location360.fr/
927506568,LOCATION 76,"5 RUE JEAN LECANUET, 76000, ROUEN",http://www.location-76.com/
525170346,Location COTE APPART,"33 AVENUE CARNOT, 25000, Besançon",http://www.cote-appart.fr/
340405463,LOCATION GESTION SYNDIC D IMMEUBLES,"20 AV D'ORLEANS, 18000, BOURGES",http://www.logessim.com/
479391773,LOCHOIS IMMOBILIER Agence de Bléré,"6 Rue de Loches, 37150, BLERE",http://www.lochoisimmo.com/index.php?critere=lochoisimmo&agence=4
815125687,LOCMINE IMMOBILIER,"2 rond point de la république, 56500, Locminé",https://www.locmineimmobilier.fr/
534523022,Locopro,"1503 route des Dolines, 06560, Valbonne",https://www.locopro-immo-entreprise.com/
910241199,Lodge Immobilier,"68 Rue de Fondaudège, 33000, Bordeaux",http://www.lodge-immo.fr/
803252600,LODGIM,"Carrefour de la Croisée, 85440, Talmont-Saint-Hilaire",http://www.lodgim.fr/
423936376,LODGIS,"27-29 rue de Choiseul, 75002, Paris",https://www.lodgis.com/fr/?utm_source=leboncoin
503437428,LOFT & HOUSE - L’agence de vos projets IMMOBILIERS,"30/32/34 RUE GUILLAUME LE CONQUERANT, 14000, Caen",http://www.lofthouseimmo.fr/
538650060,LOFTGALERIE,"30 Allées de Tourny, 33000, BORDEAUX",https://www.loft-galerie.fr/
503507600,Log'ici Immobilier Nay,"16 place du Marcadieu, 64800, Nay",http://www.logici-immobilier.com/
914556295,Loge 7 immobilier,"4 place Louis Le Montagner, 56520, Guidel",https://www.loge7immobilier.com/
928255041,LOGE ET VOUS,"3 Rue Milhau Ducommun, 81100, Castres",https://www.logeetvous.fr/
493017826,loge.GBM,"6 Rue André Boulloche, 25052, Besançon CEDEX",https://www.logegbm.fr/
988981239,LOGEA,"3 rue de paris, 77860, Saint-Germain-sur-Morin",https://www.logea-immobilier.com/
975680190,LOGEAL IMMOBILIERE,"RUE SAINT PIERRE, 76190, Yvetot",https://www.logeal-immobiliere.fr/
342143955,"LogemLoiret, votre solution logement","6 rue du Commandant de Poli, 45043, Orléans",http://www.logemloiret.fr/
357500529,Logeo Promotion,"53 rue Gustave Flaubert, 76600, Le Havre",https://www.logeo-promotion.fr/
339757411,LOGER,"4 rue Lory Les Bas, 97490, Sainte-Clotilde",https://loger.re/
403099724,LOGERIM,"28 RUE DE CHARBONNEL, 43120, Monistrol-Sur-Loire",http://logerim.com/
529834616,LOGESTRA AGENCE IMMOBILIERE WENTZEL,"190 RUE DE VERDUN, 88000, VITTEL",http://www.logestra.fr/
509836268,LOGIDEAL,,https://www.logideal.com/
756200275,LOGIDIA,"247 Chemin de Bellevue, 01960, PERONNAS",https://logidia.fr/
333243012,LOGIFAC,,https://logement.smerra.fr/logifac/?utm_source=leboncoin&utm_medium=site&utm_term=&utm_content=&utm_campaign=notoriete
988540449,LOGIKIZ,,https://logikiz.fr/notre-mission/
502157332,LOGIMAX,"47 RUE DU MINAGE, 17000, La Rochelle",http://www.logimax.fr/
818041261,LOGIMM,"56 RUE DU MARECHAL JOFFRE, 59530, LE QUESNOY",https://www.logimm.com/
058201534,LOGIOUEST,"13 BD DES DEUX CROIX - CS 83029, 49017, ANGERS",http://www.logiouest.fr/index.php?option=com_gmapfp&view=gmapfp&layout=groupe&catid=63&id_perso=0&Itemid=72
390674802,LOGIQ IMMO,"88 RUE DE BELFORT, 68200, MULHOUSE",http://www.logiqimmo.fr/
880978044,LOGIS 40 - 64,"2447 ROUTE DÉPARTEMENTALE 817, 40300, Port-De-Lanne",http://www.logis4064.com/
393412978,LOGIS CONSEIL CONSTRUCTION,"16 allée de Longueterre, 31850, Montrabé",https://logis-conseil-construction.fr/
794924423,LOGIS DE VENDEE,"4 Impasse Paul EluardL, 85180, Les Sables-d'Olonne",http://www.logisdevendee.com/?gclid=CLziwtzx1soCFQtAGwod6DwI-Q
320722481,LOGIS SERVICE HYERES,"18 Bis, avenue des Iles d'Or, 83400, Hyères",http://www.logiservice.immo/
096220033,LOGISSIA ALENCON,"21 Rue de la Chaussée, 61000, Alençon",http://www.unlogementdanslorne.fr/
842871725,LOGISSIMO,"39 BIS AVENUE DE L AUTOMOBILE, 24750, Trélissac",http://logissimo.la-boite-immo.com/
452264682,LOGISVERT,"6 RUE ALFRED DE MUSSET, 91120, PALAISEAU",http://www.logisvert.com/
586150153,LOGIVELAY MAISON D'EN FRANCE,"11, Route de Coubon, 43700, Brives-Charensac",http://www.logivelay.com/
827568395,LOGÉNORD,"8 RUE DE DUNKERQUE, 59280, Armentières",http://www.immobilier-logenord.fr/
978232809,Loial Immobilier,"17 RUE SAINT GERMAIN, 60510, LAVERSINES",https://loialimmobilier.fr/
860800077,LOIRE ATLANTIQUE DEVELOPPEMENT SELA,"2 boulevard de l'Estuaire, 44200, NANTES",http://www.sela-immo.fr/
409898715,LOIRE HABITAT,"30 rue Palluat de Besset CS 40540, 42000, Saint-Étienne",https://www.loirehabitat.fr/Pages/Accueil.aspx
907521363,LOIRE IMMOBILIER,"13 Pl. Dunois,, 45000, Orléans",https://www.loireimmobilier.fr/
982028433,LOIRE OCEAN TRANSACTIONS,"1 avenue des amethystes, 44300, Nantes",http://www.loireocean-expansion.fr/
840717029,LOIRE VALLEY IMMOBILIER,"9 Levée du Roi René, 49250, Loire-Authion",https://www.loirevalleyimmobilier.com/
949919849,LOISITERRE,"86 RUE AUX ARENES, 57000, Metz",http://www.loisiterre.fr/
927901025,LOKIZI – LA LOCATION MEUBLEE,"109 rue de la Course, 33000, Bordeaux",https://www.lokizi.fr/
979037272,Lokopro,"35 Bis Rue de la Vallière, 49300, Cholet",https://www.lokopro.fr/
812762268,LOKORA,"26 rue de la victoire, 75009, PARIS 09",http://www.lokora.fr/
521725499,LOMBARD AGIM IMMOBILIER,"11 AVENUE CHARLES PERIE, 15200, Mauriac",http://www.lombardagim-immobilier.fr/
527944714,LOMBARD IMMOBILIER,"14 IMPASSE PAUL FORT, 83600, Fréjus",http://www.lombard-immobilier.com/
308949882,Longueil Immobilier Ville&Parc,"40 AVENUE LONGUEIL, 78600, Maisons-Laffitte",http://www.longueil-immobilier.com/
789397304,LOPEZ IMMOBILIER,"48 Rue Edouard Barbey, 81200, MAZAMET",http://www.lopez-immobilier.fr/
979644085,LOR IMMO,"16 rue de Verdun, 57160, Moulins-lès-Metz",https://www.lor-immo.fr/
491543138,Lor'N Habitat,"4 place de l'église, 54670, Custines",http://www.lornhabitat.com/
500642806,LORALIS IMMOBILIER,"11 AVENUE CLEMENCEAU, 68100, MULHOUSE",http://www.loralis.fr/
822414736,LORD IMMOVATION,"14 Rue Bannier, 45000, Orléans",https://lordimmovation.com/
443571948,LORIC IMMOBILIER,"37 rue de SELESTAT, 67210, OBERNAI",http://www.loricimmobilier.fr/
852797216,Lot et Garonne Immobilier - Agence Çabalet,"2 avenue Jacques Bordeneuve, 47300, Villeneuve-Sur-Lot",https://www.lot-et-garonne-immobilier.com/
503745200,LOTIER IMMOBILIER,"40 rue Française, 34500, Béziers",http://www.lotier-immobilier.com/
424217420,Lotisseur Aménageur Terres du Soleil Saint-Dionisy,"Rte de Nîmes, 30980, Saint-Dionizy",http://www.terresdusoleil.com/
514768571,LOTISSIMO,"14 RUE MARIE LE FRANC, 56600, Lanester",https://www.lotissimo-terrains.fr/
101341030,LOTUS L'IMMOBILIER,"192 CHEMIN DU CROS DE GOURDIN, 83790, Pignans",https://lotuslimmobilier.fr/
848058087,LOUBAT IMMOBILIER,"2 PLACE DAVILLA, 11000, Carcassonne",https://www.loubat-immobilier.fr/
520648163,LOUER A MARSEILLE,"98 avenue du prado, 13008, Marseille",http://www.loueramarseille.com/
949114656,LOUER FACILE,"15 Rampe d'Aguesseau, 16000, Angoulême",https://candidat.louer-facile.com/-propos
811850387,LOUER ZEN,"110 Esplanade du Général de Gaulle, 92400, Courbevoie",https://www.louer-zen.fr/
914672100,Louis et Leon immobilier,"2 rue du Pere Ogier, 69480, Anse",http://www.louisetleonimmobilier.fr/
823227277,LOUIS'APPART,"26 Avenue Jean Jaurès, 69007, Lyon",https://www.louisappart.com/
408398741,LOUMAN IMMOBILIER,"20 rue du Général Ferret, 81120, REALMONT",https://www.loumanimmobilier.com/
514212547,LOVE MY PLACE,"-----, 01220, DIVONNE LES BAINS",http://www.lovemyplace.immo/
949107163,LOYDMAN,"13 rue cité Benoît, 34000, MONTPELLIER",https://www.loydman.com/
309575660,LOZERE GESTION IMMO DE FRANCE,"1 A BOULEVARD THEOPHILE ROUSSEL, 48000, Mende",http://www.4immobilier.com/
948116348,LOZERE IMMO,"lieu dit laumede, 48230, chanac",http://www.lozere-immo.fr/
928246636,LP COSIMA IMMOBILIER,"24 Allée des jardins de chamberon, 74950, Scionzier",http://www.lp-cosima.immo/
951273036,LP Immobilier,"27 allée des mimosas, 13124, Peypin",http://www.lauriepioppini.com/
433137890,LP PROMOTION,"25 rue de Bayard, 31000, Toulouse",https://www.lp-promotion.com/
969505452,LPA&CO,"2 place des Cordeliers, 69002, Lyon",http://www.lpa-and-co.fr/
539377903,LPI - Lionel Penant Immobilier,"228 ALLEE DES TILLEULS, 84200, CARPENTRAS",http://www.agencelpi.com/
899152672,LPI IMMOBILIER,"19 Rue Gustave SIMON, 54000, NANCY",https://www.lorrainepierresimmobilier.fr/
893458547,LPJ TRANSACTIONS,"25 rue des crouzettes, 31120, Portet-sur-Garonne",http://www.lpjtransactions.com/
498063312,LR IMMOBILIER,"16 RUE DE LA POSTE, 14570, Clécy",http://www.lrimmobilier.com/index.htm?lang=fr
912019973,LRB Immobilier Annecy,"1 rue des Tilleuls, 74000, Annecy",https://www.lrbimmobilier.com/
888804549,LS HOMES,"3 RUE DE LA GARE, 67310, Wasselonne",https://www.lshomes.fr/notre-agence/
411921018,LS IMMOBILIER,"58 Rue Nationale, 57190, Florange",http://www.ls-immobilier.fr/
529613895,LSP IMMOBILIER,"112A Rue Sadi Carnot, 38140, Rives",http://www.lspimmo.fr/
522216589,LT IMMOBILIER,"173 RUE DE PARIS, 93100, MONTREUIL",http://www.ltimmobilier.fr/
890494040,LT IMMOBILIER 66,,https://www.lt-immobilier66.com/
808757678,LT Transactions,"16 rue Gertrude Bell Zone de Larouiseau, 56000, VANNES",https://lttransactions.com/
890372477,LTS Agence immobilière,"2184 rue de la Haie, 76230, Bois-Guillaume",http://www.lts-agenceimmo.fr/
985163245,LTS IMMO,"3 route de Thann cité de l'habitat, 68460, Lutterbach",https://lts-immo.fr/
752815654,LUBERON VENTOUX IMMOBILIER,"42 LE COURS, 84210, Saint-Didier",http://www.luberon-ventoux.com/
822146056,LUBIANA IMMOBILIER,"25 AVENUE DE LA RESISTANCE ""LE SQUARE"", 06140, Vence",https://lubiana.fr/fr/
803310630,LUCAS BONNARD LAURENT,"----------, 21130, AUXONNE",https://meilleursbiens.com/
899522452,Lucas immobilier,"14 place de l'église, 29340, Riec-sur-Bélon",https://www.lucas-immo.fr/
834944209,Lucas Tartary Immobilier,"9 CHEMIN DE LA PLAINE, 38640, Claix",http://www.tartary-immobilier.fr/
879985356,Lucie Vidal Immobilier (LV Immobilier) à Le Soler,"48/50 AVENUE VICTOR HUGO, 66270, Le Soler",http://www.lucievidalimmo.com/
922658513,LUCIO IMMOBILIER,"4 SQUARE SERVAN 75011 PARIS, 75011, Paris",https://www.lucioimmobilier.fr/
893081166,LUCKYMMO,"38 B BD VICTOR HUGO, 06000, NICE",https://www.luckymmo.com/
792883407,Ludovic Souchon Immobilier,"6 COURS DE LA RÉPUBLIQUE, 42300, ROANNE",http://www.souchonimmobilier.fr/
899075303,Ludwig & Imhoff,"4 rue du Maréchal Foch, 67000, Strasbourg",https://www.ludwigimhoff.fr/
882161003,LUGDUNUM IMMOBILIER,"75 rue Marietton, 69009, Lyon",https://www.lugdunum-immobilier.com/
444617104,LUGO PROMOTEUR IMMOBILIER,"389 Rue Faventines, 26000, Valence",https://www.lugo-promoteur-immobilier.com/
932204209,Lumon conseil,"10 Rue des Hérons, 67960, Entzheim",https://www.lumon-conseil.fr/
834186041,LUTETE Alice,,http://www.aliceluteteimmo.com/
397468901,LUX IMMOBILIER,"10 Place de l'Université, 67000, Strasbourg",http://www.luximmobilier.com/
393271390,LUXIOR IMMOBILIER LOCATIONS,"83 RUE SIAM, 29200, BREST",http://www.luxior-immobilier.com/
983533803,LUXOR IMMO,"6 RUE D ENTRAIGUES, 37000, TOURS",https://www.luxor-immo.fr/
828338343,Luxor immobilier,"rue du temple, 84240, Cabrières-D'Aigues",http://luxorimmobilier.com/
819313404,LV IMMOBILIER,"10 GRANDE RUE DE REMUSAT, 31810, HAUTE GARONNE",https://lvimmobilier.net/fr/
851032128,LV IMMOBILIER,"5 rue des moulinas, 66330, Cabestany",https://www.lvimmobilier-cabestany.fr/
534594619,LVM Immobilier Groupe LA VERCHERE - MARK,"100 Chemin des Guinguettes, 38090, Vaulx-Milieu",https://lvm-immobilier.fr/
813648821,LVT IMMOBILIER,"Rue Jean Tarde, 24200, Sarlat-la-Canéda",https://www.immobilier-en-dordogne.com/
911422384,LYAUDET DRAJNUDEL IMMOBILIER,"22 RUE DE LA BERGE, 42300, ROANNE",https://www.lyaudetdrajnudel.fr/
884209388,LYD'IMMO,"01200 VALSERHONE, 01200, Valserhône",https://www.facebook.com/profile.php?id=100063140594727
533213534,LYON EXTRAMUROS,"38 RUE CHARLES DE GAULLE, 69210, L' Arbresle",https://www.lyonextramuros.com/
980325690,Lyon gestion,"22 avenue Félix Faure, 69007, Lyon",https://www.lyongestion.fr/
320316318,Lyon Immobilier,"2 RUE PIERRE AUDRY, 69009, Lyon",http://www.lyonimmo.net/
380585778,LYRIA IMMO,"170 Chemin des Vernèdes, 83480, Puget-sur-Argens",http://www.lyria.immo/
434229837,LYS IMMO,"3072 RUE DE LA LYS, 62840, Sailly-Sur-La-Lys",https://www.lys-immo.com/
921358511,LYSI IMMOBILIER,"130 Chemin de la Boissonnade, 82000, Montauban",http://www.reseau-lysi-immobilier.com/
952826451,LYSIS PATRIMOINE,"58 Bd de Linz,, 44210, Pornic",https://www.lysispatrimoine.com/
456203546,L’ABRI FAMILIAL,"LANDRIEU, 33750, BEYCHAC ET CAILLAU",https://abrifamilial.fr/
894234020,L’ACCENT RÉSEAU IMMOBILIER,,http://www.laccentimmo.fr/
903240315,L’AGENCE,"64 QUAI PAUL BERT, 37100, Tours",http://lagencetours.fr/
954027959,L’agence BONNEMAISON,"6 rue de Kerdeff, 56260, Larmor-Plage",https://www.bonnemaison.bzh/
909738460,L’Agence ImMaud,"6 Chemin du Montlambert, 38300, Ruy-Montceau",https://www.lagenceimmaud.com/
931872980,L’AGENDA TRANSACTION,"249 Avenue du Général De Gaulle, 97410, Saint-Pierre",https://www.lagendatransaction.re/
988511176,L’Alliance Immobilière,"38 Résidence de la Ferme, 62128, Croisilles",http://www.lalliance-immobiliere.fr/
842533804,L’immo en Direct,"660 CHEMIN SAINT SIMON, 13540, Puyricard",http://www.limmoendirect.fr/
500466057,L’immobilier En Auvergne (LEA),"111 avenue Etienne Clémentel, 63460, Combronde",https://immobilier-en-auvergne.fr/
843379181,L’Immobilière des Pennes,"102 AV FRANCOIS MITTERRAND, 13170, Les Pennes-Mirabeau",https://www.immodespennes.com/
843562216,l’immobilière normande,"72 RUE ISAMBARD, 27120, Pacy-Sur-Eure",http://www.limmobilierenormande.com/
838559763,L’OLIVIER DE MONTFORT,"5 Rue Normande, 78490, MONTFORT L'AMAURY",http://www.lolivierdemontfort-immobilier.com/fr
878841808,L’ONCLE ZAM,"10 Impasse la Hulotte, 57550, Falck",http://lonclezam.fr/
752829754,M A M,"12, rue Edmond Rostand, 13006, Marseille",http://www.mam.immo/
992848184,M ET MME IMMO,,http://metmme.immo/
533256962,M IMMO CONSEILS,"32 BD LEON BLUM, 56100, Lorient",http://www.m-immoconseils.com/
101066538,M IMMOBILIER,"71 AVENUE ELIE SERMET, 11100, Narbonne",https://www.m-immobilier.net/
915222822,M IMMOBILIER,"30 Boulevard Jacques Nerisson, 79300, Bressuire",http://www.m-immobilier79.fr/
842463846,M Immopro,"67 BOULEVARD CARNOT, 06400, Cannes",http://www.m-immopro.fr/
530844596,M O V E M E N T,"20 Impasse Sully, 33000, Bordeaux",https://www.agence-movement.com/
903670826,M PLUS IMMOBILIER,"16 Rue Jean Jaurès, 71130, Gueugnon",https://www.mplus-immobilier.fr/
793815150,M&A Promotion,"63 avenue du Pont Juvénal, 34000, Montpellier",https://www.metapromotion.com/
379449390,M&C International,"5 AVE ROBERT SOLEAU, 06600, ANTIBES JUAN LES PINS",https://www.mc-international.net/
934823360,M&CO IMMOBILIER,"., 24000, Périgueux",http://www.mco-immobilier.com/
893938886,M&L IMMOBILIER,"3 Rue des Charpentiers,, 57070, Metz",http://www.mlimmobilier.fr/
352752265,M.C. IMMOBILIER,"26 Rue de la Madeleine, 30000, Nîmes",https://www.agencemci.com/
821585205,M.G.N Immobilier,"22 place de l'église, 28120, Illiers-Combray",https://www.mgn-immobilier.com/
949898019,M.P.I MON PROJET IMMOBILIER,"8 rue des Capucins, 61000, Alençon",http://www.mpi-alencon.fr/
491045159,M2 PROMOTION,"113 route de Metz, 57100, Thionville",https://m2-promotion.fr/
390427979,M2A HABITAT,"20 BOULEVARD DE LA MARSEILLAISE, 68100, Mulhouse",http://www.m2a-habitat.fr/
901057257,M2B IMMO,"10 route du Cret D’Esty, 74650, Chavanod",http://www.m2bimmo.com/
444232466,M2G IMMOBILIER,"12 rue bartoli, 71160, DIGOIN",http://www.digoin-immobilier.com/fr/
499075141,M2S,"4 rue des Artisans, 74100, Vétraz-Monthoux",http://annemasse.mikit.fr/
814605853,MA COMPAGNIE IMMOBILIERE,"Siège national : 21 rue de SAUMUR, 85500, Les Herbiers",https://www.macompagnieimmobiliere.com/a-vendre/1
775605108,Ma demande HABITAT JEUNES,"11 Boulevard Vincent Gâche, 44200, Nantes",https://www.mademande-habitatjeunes.fr/
938048535,MA DEMEURE,"21-23 rue de Lille, 59100, Roubaix",http://www.mademeure.net/
869800359,MA FABRIQUE DU LOGEMENT ABORDABLE,"10 Boulevard Charles Gautier, 44800, Saint-Herblain",http://www.mfla.fr/
917905945,MA FAMILLE IMMO,"155, avenue Général Leclerc, 94700, Maisons-Alfort",https://maisons-alfort.mafamilleimmo.fr/
791703077,Ma Maison en Somme,"31 rue Léon Curé, 80800, Corbie",http://www.maison-en-somme.fr/
921294872,Ma Maison Immo par CAILLEAU IMMO,"15 Rue Saint-Pierre, 49430, Durtal",https://www.mamaisonimmo.com/
834553885,Ma Maison Marseillaise,"39 Rue Montgrand, 13006, Marseille",https://mamaisonmarseillaise.fr/
904891587,Ma résidence services,"85 rue Lecourbe, 75015, Paris",https://www.maresidence-services.fr/
507471167,Ma villa moins chère.com Béziers,"1 BOULEVARD MARECHAL JUIN, 34500, Béziers",http://www.mavillamoinschere.com/
842456014,MA1930,"Rue Saint Blaise, 59200, Tourcoing",https://ma1930.com/
808557052,MAA IMMOBILIER,"12 rue du Pont Noir, 42700, Firminy",https://www.maa.immo/fr/
819252024,MAB Immobilier,"51 RUE DE ROMAGNY Immeuble ''LE RIANT PARC'', 74100, Annemasse",http://www.mabimmobilier.com/
892512757,MAB IMMOBILIER,"27 RUE DE LA REPUBLIQUE, 64000, Pau",https://mab-immobilier.fr/fr/
414920884,MAB PLANCHON location,"17 RUE MAGUELONECS 46003, 34060, Montpellier Cedex 2",http://mab-planchon.com/location.php
510235666,MAC Immobilier Maule,"17 place du Général de Gaulle, 78580, Maule",https://www.mac-immobilier-maule.fr/
879942191,MACIFLORE GESTION TRANSACTION,"65 cours de Verdun, 33000, Bordeaux",https://www.mgt-gestion-transaction.com/
477785240,MACLES IMMOBILIER,"85 AVENUE GENERALE GALIENI, 93380, Pierrefitte-sur-Seine",http://www.macles.fr/
338903313,MACORETZ SCOP,"4, Route de Nantes - La Hurline, 44320, Saint-Père-En-Retz",https://www.macoretz.fr/?utm_source=leboncoin&utm_medium=pageVitrine
834607673,Macé aménagement,"6 Rue Julien Coic, 29000, Quimper",https://www.mace-amenagement.com/
948234018,MAD'IMMO,"2 T CHE DU COTEAU, 31320, CASTANET-TOLOSAN",https://madimmo.fr/fr/
481143428,MADAME IMMO,"20 avenue aristide briand, 40000, Mont-De-Marsan",http://www.madameimmo.com/
978960565,MADAME IMMOBILIER,"6 B RUE DE LA POMPELLE, 51100, Reims",https://www.agence-madame.fr/
902937036,MADAME MONSIEUR IMMOBILIER,"275 rue de la Salière, 38300, Ruy-Montceau",https://www.madame-monsieur-immobilier.com/
900010786,Madame Moon Immobilier,"123 rue francisque jomard, 69600, Oullins",https://www.madamemoonimmobilier.fr/
399268820,MADANI IMMOBILIER,"14 AVENUE DE LA REPUBLIQUE, 78270, Bonnières-Sur-Seine",https://www.madani-immobilier.com/
106980279,MADE IN EVIDENCE IMMOBILIER,"La Petite Mauvillière, 72550, Chaufour-Notre-Dame",http://www.madeinevidence.fr/
812757755,Made Real Estate,"47 RUE GAMBETTA, 64200, Biarritz",http://www.maderealestate.com/
948824966,MADO IMMO,"65 Rue Cochard, 69560, Sainte-Colombe",https://www.instagram.com/mado_immo/?next=%2F
830577326,Maeva Home,"4 Av. de l'Hermione, 30240, Le Grau-du-Roi",https://www.maeva.com/
518799523,Mafalda Immobilier,"7 PLACE DU BOURGEAL, 74130, Mont-Saxonnex",http://www.mafalda-immobilier.com/
452402233,MAGIC IMMOBILIER,"21 RUE DU COLLEGE, 01130, Nantua",http://www.magic-immobilier-nantua.com/
502120900,MAGNAVAL Gilles,"--------, 81600, BRENS",https://www.reseau-expertimo.fr/1965-mandataire/1
909465833,MAGNY IMMOBILIER,"61 route de l'étoile, 74460, Marnaz",http://www.magnyimmobilier.fr/
818160269,MAGUIMMO Amberieu en Bugey,"84 Rue Alexandre Bérard, 01500, Ambérieu-en-Bugey",http://www.maguimmo.com/
535332449,MAGUY IMMOBILIER,"17 RUE ALBERT DE MUN, 44600, Saint-Nazaire",http://www.saint-nazaire-immobilier.com/
878562131,MAISOMARY,"31 CHEMIN DES COTES, 78380, Bougival",https://www.maisomary.com/
994782613,MAISON & FORÊT IMMOBILIER,"8 AVENUE DU MARECHAL LECLERC, 45500, Gien",http://www.maisonetforet.com/
911097830,MAISON ALMA,"81 Avenue de Nice, 06800, Cagnes-sur-Mer",https://www.maisonalmaimmobilier.com/
481444487,Maison Alsebat,"101 AVENUE DU PRESIDENT KENNEDY, 88300, Neufchâteau",http://www.maison-alsebat.com/
832111900,MAISON AMBREA,"-------------, 97400, Saint-Denis",https://www.maisonambrea.re/
991080342,MAISON B,"4 Rue Martiny 13008 Marseille, 13008, Marseille",https://www.maisonb-immobilier.com/
508662996,MAISON B.,"959 RUE DE BUGAREL 34070, 34070, Montpellier",https://www.maisonb.immo/
877578526,Maison Barbe Immobilier,,http://maisonbarbe.immo/
103501961,MAISON BAZIN,,https://www.maisonbazin.fr/
447666223,MAISON BLANCHE,"1 RUE DE LA POSTE, 79200, Parthenay","https://www.maisonblanche.immo/agence/maison-blanche-parthenay-parthenay-79200,2"
790645808,MAISON BSR,"95 Rue des Hauts Pavés, 44000, Nantes",https://www.maisonbsr.fr/
999896772,MAISON CEZANNE IMMOBILIER,"4 Rue de Verdun, 78670, Médan",https://www.maisoncezanne-immobilier.fr/
922204912,MAISON CINO Real Estate,"4 bis quai Papacino, 06300, Nice",http://maisoncino.com/fr/
814980496,MAISON CONFIANCE,"1 route de creuse, 80540, Clairy-Saulchoix",http://www.maison-confiance.fr/
912993706,MAISON CONFORTOIT,"ZA LE MAYNE, 47440, Casseneuil",http://www.maison-confortoit.com/
835221169,MAISON CONTE,"21 Rue Professeur Weill, 69006, Lyon",http://www.maison-conte.com/
834323230,Maison Coup de Coeur,"13 route de Wargnies le Grand, 59144, Bry",https://maison-coup-de-coeur.com/
322030453,MAISON DE L'IMMOBILIER,"19 Place François 1er, 16100, Cognac",https://www.maison-immobilier.com/
453820599,MAISON DE L'IMMOBILIER,"47 RUE DE PARIS, 47300, Villeneuve-Sur-Lot",http://www.maisondelimmobilier.com/
804053080,Maison de Manon TRETS,"178 Rue Jean D'Ormesson, 13530, Trets",https://www.maisons-de-manon.fr/agences/agence-maisons-de-manon-de-trets/?criterias=%20%5B%5D
901343285,MAISON DE VILLE,"39 rue des 3 frères Barthélémy, 13006, Marseille",https://www.maisondevilleimmobilier.com/
929906188,MAISON DONA,"25 B Rue Miramar, 31200, Toulouse",https://donamaison.com/
992764563,Maison ELA,"31 Rue des Prisonniers, 44230, Saint-Sébastien-sur-Loire",https://maison-ela.fr/
411606387,MAISON ET JARDIN,"11 rue Ampère, 03300, CUSSET",http://www.maisonetjardin-cmi.com/
992991414,Maison Gamma.,"12 Rue Gaston Hulin, 86000, Poitiers",http://maisongamma.fr/
983902115,MAISON HASARD IMMO,"65 rue de Parisse, 85100, Les Sables-d'Olonne",https://www.maison-hasard.fr/
934761586,MAISON INFINITY,"484 Avenue de la Paysagère, Mas Desplans, 34970, Lattes",http://www.maisoninfinity.fr/
901604470,Maison Infinity - Agence Immobilière,"2 Allée du Grand Coquille, 45800, Saint-Jean-de-Braye",https://kwinfinity.fr/
301853529,MAISON IVECO,"PARC D'ACTIVITE POLARIS SUD, 85110, CHANTONNAY",http://www.maison-iveco.com/
935266577,MAISON JEROME,"63 AVENUE RASPAIL, 94250, Gentilly",http://www.maisonjerome.fr/
749844643,MAISON KAMCI,"17 rue ratacas, 11100, Narbonne",http://www.maisonkamci.com/
941598823,MAISON KARREZ,"9 Rue des Colonnes, 75002, Paris",https://www.maisonkarrez.com/vente
992224204,Maison Lameyse,"27 RUE D'EDIMBOURG, 75008, Paris",https://maisonlameyse.com/
983166125,MAISON LAVENU,"Place des anciens combatants, 62360, La Capelle-lès-Boulogne Hauts-de-France France",http://www.maisonlavenu-immobilier.fr/
978378420,Maison LD,"25 PLACE SAINT SAUVEUR, 14000, Caen",http://www.maisonld.fr/
925076465,Maison Leon,"10 chemin des molettes, 38080, Four",http://www.maison-leon.fr/
834084303,Maison Massena,"9 avenue gustave VI, 06000, nice",https://www.team-massena.com/
888498102,MAISON MATHEO,"100 AV DE LATTRE DE TASSIGNY - 25210 - LE RUSSEY, 25210, Le Russey",https://le-russey.mikit.fr/
948084355,Maison Noire Immobilier - MNI,"30 Avenue des poilus, 83110, Sanary-sur-Mer",https://www.maisonnoireimmobilier.com/
809142797,Maison ORMA,"217 stretta di u passara rezzali, 20167, Alata",https://www.maison-orma.com/
940598519,Maison P&P Prestige,"7 impasse des canaris, 97429, Petite-Île",https://papangueimmobilierprestige.com/
102899697,MAISON PAUL VIRICEL,"24 AVENUE VICTOR HUGO,, 69160, TASSIN-LA-DEMI-LUNE",https://www.maison-paulviricel.fr/
834229809,Maison Perier,"Parc des Ondelles, 76240, Belbeuf",http://www.maisonperier.fr/
512887134,MAISON PREM'S,"138 Avenue de la République, 26270, LORIOL SUR DROME",http://maisonprems.fr/
893332791,MAISON QUATRE,"4 rue dalpozzo, 06000, Nice",https://la-maison-quatre.com/
801728122,Maison-Elyndor,"29 Rue du Pont, 92200, Neuilly-sur-Seine",https://maison-elyndor.com/
824903223,Maisonenvente.fr,"5 rue Auguste Saupin, 44120, Vertou",http://www.maisonenvente.fr/
987513843,MAISONS & CIE,"54 Imp. du Maréchal Ferran, 01150, Sainte-Julie",http://www.maisonsetcie.fr/
327203352,Maisons Acadie,"1 Rue Indira Gandhi, 26100, ROMANS",https://www.maisons-acadie.fr/
394203970,Maisons Acco,"110 Route Nationale, 17220, La Jarne",https://www.maisons-acco.com/
838679652,MAISONS ADELIE,"2 rue Hélène Boucher, 44115, Haute-Goulaine",https://www.maisons-adelie.fr/
317526382,MAISONS ALAIN METRAL,"85 ROUTE DE THONON, 74800, Amancy",https://www.maisons-alain-metral.fr/?utm_source=LE%20BON%20COIN&utm_medium=LE%20BON%20COIN&utm_campaign=LE%20BON%20COIN
452663776,Maisons Aliénor BERGERAC,"36 avenue du général de Gaulle, 24100, Bergerac",https://www.maisons-alienor.fr/
378962146,MAISONS ALPES SAVOIE,"295 RUE DE LA PRAIRIE, 73420, VOGLANS",http://www.maisons-alpes-savoie.com/
882628894,MAISONS ALYSIA 86,"15 rue Germaine Tillion, 86440, Migné-Auxances",http://www.maisons-alysia.com/
530319854,MAISONS ANCIENNES,"69 Rue Saint-Jean, 14400, Bayeux",https://www.maisonsanciennes.fr/
512769209,MAISONS APEX,"24 RUE ALEXANDRE BERARD, 01500, AMBERIEU-EN-BUGEY",https://maisons-apex.fr/
328214143,MAISONS ARC EN CIEL,"184, avenue Pasteur, 49100, ANGERS",https://www.aec49.fr/
905105359,Maisons Arianne,"137 Bis Route de Pompey, 54460, Liverdun",http://www.maisonsarianne.fr/
799473301,MAISONS ARLOGIS,"4 rue du chemin vert, 76260, Étalondes",http://www.arlogis.com/normandie/
844237792,MAISONS AUGUSTE,"12A rue du Général de Gaulle, 68400, Riedisheim",https://www.maisons-auguste.fr/
421373135,MAISONS AXIAL LOIRE,"4 PLACE DE LA LIBERTE, 42400, Saint-Chamond",http://www.immodefranceforezvelay.fr/
504878620,MAISONS BATI SUD,"93 Bis Avenue de Magudas, 33700, MERIGNAC",http://www.bati-sud.com/bati-sud/
532197936,MAISONS BATI-FRANCE BEZIERS,"7 RUE JEAN ROSTAND, 34500, Béziers",http://www.maisonsbatifrance.fr/constructeur-de-maison.php?beziers-34500-7
420555971,MAISONS BATISEUL,"1660 avenue Helene boucher, 42160, Andrézieux-Bouthéon",http://www.batiseul.fr/
344023502,Maisons Bernard Jambert Angers,"55 bd Eugène Chaumin, 49100, Angers",https://www.maisons-bernard-jambert.com/
440306884,MAISONS CLEDOR,"99 rue de l'Ambène, 63200, Riom",http://www.maisonscledor.com/
418563292,MAISONS CONCEPT,"80, Boulevard de Chinon, 37300, JOUE LES TOURS",https://www.maisons-concept.com/
909919797,Maisons Cosy,"Chemin de la calanque du puits, 13820, Ensuès-la-Redonne",https://www.maisonscosy.fr/
414080432,Maisons Création,"1 rue du Haut Grippé, 35510, Cesson-Sévigné",http://www.maisonscreation.com/
481556918,MAISONS DE BRETAGNE BANNALEC,"13 RUE NATIONALE, 29380, BANNALEC",http://www.maisons-de-bretagne.com/
949877476,Maisons Lumières,"180 Rue de Lumières, 84220, Goult",https://maisonslumieres.com/fr/
440083004,MAISONS LYCENE,"Cité de l’Habitat Village des constructeurs Route de Thann, 68460, Lutterbach",https://maisons-lycene.fr/
953264256,MALOE IMMOBILIER,"5c Rue du Tribunal, 21200, Beaune",https://www.maloe-immobilier.com/
345266316,MALSH Realty - Immobilier d'entreprise Lyon,"19 Quai Perrache, 69002, Lyon",https://www.malsh.com/
797590544,MaMaisonIdéale.immo,"1450, Route de Vierzon, 18230, Saint-Doulchard",https://www.mamaisonideale.immo/
839242021,MAN-IMMO.PRO,,https://www.man-immo.pro/
827454562,MANACH CONSEIL IMMOBILIER Vannes,"19 RUE HOCHE, 56000, Vannes",https://www.manach-conseil.com/
891026650,Mane & Associés,"47 rue Edith Cavell, 92400, Courbevoie",https://www.maneassocies.com/
529064834,MANETIE ACHICOURT,"Rue Raoul Briquet, 62217, Achicourt",https://www.manetie.com/
529403156,MANHATTAN CONSEILS,"7, rue Audé, 92210, Saint-Cloud",https://manhattanconseils.com/
939611620,Manin Immobilier,"33 RUE DU 4 SEPTEMBRE, 13200, Arles",https://www.manin-immobilier.com/
914038179,Manolys Aménagement,"6 Rue du Bois d'Hure, 17140, Lagord",http://www.manolys.fr/
752780205,MANUEL PICOT BSK IMMOBILIER,"-------------, 14210, GAVRUS",https://manuelpicot-immobilier.fr/
530943737,MANUELA MARQUES IMMOBILIER,"17 ter place du général de gaulle, 27100, Le Vaudreuil",http://www.manuelamarques-immobilier.com/
807742796,MAP Immobilier,"16 Place Maréchal Foch, 56700, HENNEBONT",https://www.mapimmobilier.fr/
509086740,MAPEO IMMOBILIER,"13 rue du general leclerc, 60200, Compiègne",http://www.mapeo-immo.com/
498887991,MaPetiteAgence,"Siège social, 34070, Montpellier",http://www.mapetiteagence.com/
430168997,MAPS IMMO,"34 B RUE DE MOLSHEIM, 67120, SOULTZ LES BAINS",http://www.maps-immo.fr/
490648771,Mar Immo Lisa,"71 PLACE RAOUL COUSTET, 13370, Mallemort",http://www.mallemort-immobilier-provence.com/
840319081,Maravillas,"20 Rue Victor Hugo, 69250, Neuville-sur-Saône",https://www.maravillas.fr/
422361410,MARBOUTIN IMMOBILIER,"11 place gambetta, 47700, Casteljaloux",http://www.marboutin-immo.com/
948066642,MARC ESTEREZ IMMOBILIER,"2 Avenue de la Résistance, 46110, Le Vignon-en-Quercy",http://www.marcesterez.com/
839439783,MARCEL FOINNEAU,"100 RUE JAMES WATT, 66100, Perpignan",http://www.marcelfoinneau.fr/
837972736,MARCEL IMMO,"1, Place du Portal, 48500, LA CANOURGUE",http://www.marcelimmo.com/
839414612,MARCELIN PREVOT SARL AURELIEN KELLER IMMOBILIER,"9 rue André Maginot, 90200, Giromagny",https://www.prevot-keller-immobilier.fr/
912824778,MARCHAL IMMOBILIER,"1 rue du XXème corps Américain, 57000, METZ",http://www.marchalimmobilier.com/
433633484,Marchands'Immo,"238, avenue de l'égalité, 84800, Isle Sur La Sorgue",http://www.marchands.immo/
911643989,MARCHE DE L'IMMOBILIER,"53 rue jean jaures, 03200, Vichy",https://www.marcheimmovichy.fr/
412454902,MARCILLE IMMOBILIER,"9 Place Royale, 51100, REIMS",http://www.marcille-immobilier.com/
429165780,Marcon Immobilier Aubusson,"2 Av de la République, 23200, Aubusson",http://www.marcon-immobilier.com/
789630837,Marcory Immobilier,"4a Allée des Anémones, 74950, Scionzier",http://www.marcory.immo/
919513770,MARCUS IMMOBILIER,"86 RUE DE BERNIERES, 14000, Caen",https://www.marcus-immobilier.fr/
482064359,MARE IMMO 2B,"Résidence Punta Rossa, 20260, CALVI",http://www.mareimmo2b.com/
430403170,MAREUIL IMMOBILIER,"13 rue de Meaux, 60890, Mareuil-sur-Ourcq",http://www.mareuil-immobilier.com/
894520113,MARGUERON IMMOBILIER,"20 rue léonard combes, 13500, Martigues",https://margueron.immo/
894264829,MARIA ET TOIT,"Les Aillos, 31460, CARAMAN",https://www.rebiere-immobilier.fr/
940945249,MARIE SAMMUT Immobilier,"Chemin François Serres, 34130, Saint-Aunès",http://www.mariesammut.fr/
813842986,MARIMO,"95 AVENUE ROBERT BURON, 53000, Laval",http://www.marimo-immobilier.com/
891660904,MARINE,"ZA DE TRALAVETTU, 20110, PROPRIANO",https://www.rlimmobilier.com/marine
805203411,MARINE IMMOBILIER Location - Gestion,"26 Rue Mercy, 54400, Longwy",https://marineimmobilier.fr/
101321024,Marion et Toits,"87, avenue marechal leclerc, 10450, Bréviandes",https://www.linkedin.com/company/marionettoits/
103723052,MARKUS IMMOBILIER,"87 rue Édouard Vaillant, 69100, Villeurbanne",https://www.markusimmobilier.fr/
920913019,Marlon Gartich,"-----, 83350, ramatuelle",https://www.marresproperties.com/
849478805,Marly Immobilier,"13 rue Auber, 75009, Paris",https://www.marly-immobilier.com/
842936221,MARN'EUROPE IMMOBILIER - ESBLY,"12 RUE DU GENERAL LECLERC, 77450, Esbly",https://www.marneurope-immobilier.fr/
331278531,MARNE-AGENCE,"51 RUE THIERS, 51100, REIMS",http://www.marne-agence.fr/
798150686,Marnie Immobilier,"117, rue Saint-Charles, 75015, Paris 15e Arrondissement",http://www.marnieimmobilier.com/
940240526,MARNÉO Immobilier,"15 rue Edmond Michelet, 51000, Châlons-en-Champagne",http://www.marneo-immobilier.fr/
914847603,Marquer,"7 Rue des Voirons, 74100, Annemasse",http://www.marquer-immobilier.fr/
814199667,MARTEL PROMOTION,"51 rue Clemenceau, 57360, AMNEVILLE",http://www.agence-martel.fr/
919213959,MARTIGUES IMMOBILIER,"9 Av. Charles de Gaulle,, 13500, Martigues",http://www.martiguesimmobilier.fr/
819507831,MARTIN ACCUEIL IMMOBILIER,"70 AVENUE DE GASCOGNE, 31490, LEGUEVIN",https://www.martin-accueilimmobilier.com/
339824963,MARTIN GESTION,"8 PLACE LAFOURCADE, 31400, Toulouse",http://www.martin-gestion.com/
414984534,MARTIN IMMOBILIER,"72, avenue Mal Foch, 69110, Sainte-Foy-lès-Lyon",https://www.martin-immobilier.net/
753882844,MARTIN IMMOBILIER,"28 Bd Maréchal Joffre, 66400, Céret",http://www.martinimmobilier.fr/
328934898,MASSET FRERES,"30 Boulevard de Belfort, 80006, AMIENS",https://www.massetfreres.com/
672018454,MASSON IMMOBILIER,"13 Bis rue de chaligny, 75012, PARIS",http://www.massonimmobilier.fr/
981048135,MASUPERLOCATION.FR - Agence immobilière St-Quentin,"3 rue d'Alsace, 02100, Saint-Quentin",http://www.masuperlocation.fr/
838723245,MAT & SEB MARSEILLE,"126 Rue Paradis, 13006, Marseille",http://www.mat-seb-immo.fr/
825188576,MATERA,"46 rue Notre-Dame des Victoires, 75002, Paris",https://matera.eu/fr
882953607,Matesa Immobilier - agence immo Divonne les Bains,"213 GRANDE RUE, 01220, Divonne-les-Bains",https://www.matesaimmo.com/
834400491,Mathieu & Roldan Immobilier,"1297 Route de Montelimar 26220 Dieulefit, 26220, Dieulefit",http://mathieuroldan-immo.fr/
521001826,MATHIEU BEYER IMMOBILIER,"78 rue du Général Leclerc, 67202, Wolfisheim",http://www.mathieubeyer-immobilier.com/
902937424,MATHIEU FLOIRAC IMMOBILIER,"2/4 rue de l orme, 54220, Malzéville",https://mfi-immo.fr/
841882467,MATHIEU GUERIN IMMOBILIER,"63 rue André Bollier, 69007, Lyon",http://www.guerin-immobilier.fr/
903445542,MATHIEU IMMOBILIER & CONSEILS,"3 Avenue Gambetta, 08300, Rethel",https://www.mathieuimmobilier.fr/
920709110,MATHIEU IMMOBILIER ET PATRIMOINE,"12, place de l'Eglise, 44630, Plessé",https://www.mathieuimmobilierpatrimoine.fr/
820076719,MATHIEU PERSON IMMOBILIER,"22 QUAI DE LEON, 29800, LANDERNEAU",http://www.mathieuperson-immobilier.com/
932523681,Mathis GESBAUD,"---------------, 06510, CARROS",https://www.capifrance.fr/
433203544,MATHIS IMMEUBLES,"384A, rue de Metz, 57300, MONDELANGE",http://www.mathis-immeubles.fr/
492410915,MATIM,"LDT MATONARA RESIDENCE LA BOETIE,, 20137, PORTO-VECCHIO",http://matim.immo/fr/
421126616,MATRAY IMMOBILIER,"50 COURS JEAN JAURES, 38000, Grenoble",http://www.matray-immobilier.com/
893649889,MAUGE IMMOBILIER,"487, Route de la Garenne, 38200, Luzinay",https://www.maugeimmobilier.com/
810905315,MAUGUIO IMMOBILIER,"90 Grand Rue François Mitterrand, 34130, Mauguio",https://mauguio-immobilier.com/fr/
493637433,MAURICE GARCIN IMMOBILIER Avignon,"154 AVENUE PIERRE SEMARD, 84000, Avignon",http://www.maurice-garcin.fr/
479609596,MAURIG IMMOBILIER,"50 avenue des martyrs de la résistance, 47200, Marmande",http://www.maurigimmobilier.com/
931310098,MAURILLON IMMOBILIER,"447 avenue Maréchal Leclerc, 84120, Pertuis",https://www.facebook.com/profile.php?id=61566840852886&locale=fr_FR
418667721,MAURIN IMMOBILIER,"2, Rue de la Mairie, 43400, Le Chambon-sur-Lignon",https://www.maurin-immobilier.com/
432433522,MAVI IMMOBILIER,"11, rue du Faubourg des Trois Maisons, 54000, NANCY",https://mavi-immobilier.fr/fr/
529959694,MAVIMMOBILIER,"7 AVENUE DU MARECHAL FOCH, 59700, MARCQ-EN-BAROEUL",http://www.mavimmobilier.fr/
439644212,MAVIMO,"37 AVENUE DES PUGETS, 06700, Saint-Laurent-du-Var",http://www.mavimo.net/
492848171,MAX IMMO BORDEAUX,"227 COURS DE LA SOMME, 33800, Bordeaux",http://www.maximmo-bordeaux.com/
493199616,MAX IMMOBILIER,"1 AVENUE DU PREMIER CONSUL, 20000, Ajaccio",https://www.maximmobilier.fr/
931648778,Maxime Despères Immobilier,"52 rue de Longchamps, 92200, Neuilly sur Seine",https://maximedesperes.com/fr/
921329066,MAY' BUSINESS,"1 Rue de la Mare aux Chats, 91640, Vaugrigneuse",http://www.may-business.fr/
999590664,MAY'IMMO,"1 place du Marché, 53230, Cossé-le-Vivien",http://www.mayimmo.com/
891173973,Maye Gestion,"67 RUE DE L ABBE GROULT, 75015, Paris",https://mayegestion.fr/
275300010,MAYENNE HABITAT,"10 rue Auguste Beuneux - CS 62039, 53020, LAVAL Cedex 9",http://www.mayenne-habitat.fr/
432807543,Mazeau Immobilier,"58 Av. du Général de Gaulle,, 44600, Saint-Nazaire",https://www.mazeau-immobilier.com/
498803451,MB IMMOBILIER,"1 BIS PLACE DE LA RÉPUBLIQUE, 53200, Château-Gontier",http://www.mb-immobilier53.com/
805195187,MBC Immo,"3 ROUTE DE BEAUPREAU, 49410, Saint-Florent-Le-Vieil",http://www.mbcimmo.com/
881198006,MBS IMMOBILIER,"1325 Avenue de la Salanque, 66000, Perpignan",https://mbs-immobilier.fr/
931029797,MC IMMOBILIER,"7 RUE D ESTAIRES, 59480, La Bassée",https://www.mcimmobilier5962.fr/
832148217,MC2,"11 RUE HAUTE DU FROU, 86190, FROZES",http://www.mc2-maisons.com/
441266897,MCF,"CENTRE COMMERCIAL GRANDE RUE, 27730, Bueil",http://www.mcfimmo.fr/
922730254,MCIE,"22b Avenue de l'Europe, 67300, Schiltigheim",https://mcie.fr/nos-biens/
820016608,MCM IMMO,"6 r Amboise, 75002, PARIS 02",http://www.mcmimmo.com/fr
877555516,MCM Ma Coach Maison,"3 Place de l'église, 44160, Sainte-Anne-sur-Brivet",https://www.agencemcm.immo/
984916825,MCS IMMOBILIER,"1292 Route de Plagne Centre, 73210, La Plagne Tarentaise",https://www.mcs-immobilier.com/
499769263,MD IMMOBILIER,"10 RUE D AVIRON CTRE CIAL LES HETRES DE ST MICHEL, 27000, EVREUX",http://www.md-immobilier.com/fr/
951410141,MEDEA IMMOBILIER,"21 Avenue Marius Ghirardelli 13830 Roquefort-la-Bédoule, 13830, Roquefort-la-Bédoule",http://www.medeaimmobilier.com/
344575717,MEDIA IMMOBILIER,"49 RUE CARNOT, 64000, Pau",http://www.media-immobilier.com/
438891665,MEDIANE CHARMES,"11 Rue Maurice Barrés, 88130, Charmes",http://www.mediane-immo.net/Mediane-Charmes
917905028,MELTYHOME,"4 rue Aubertine Auclert, 14610, Epron",http://www.meltyhome.com/
828243972,MENSCH IMMOBILIER,"7 Rue des Puits Clos 31000 Toulouse, 31000, Toulouse",http://menschimmobilier.com/fr/
932380116,Merino,"171 Rue de Newcastle, 54000, Nancy",https://www.agencemerino.com/
518713839,MERITY,"2 Boulevard Antoine De Saint-Exupéry, 69009, Lyon",http://www.merity.fr/
951602689,MESITYS,"3, rue Victor Hugo, 42700, Firminy",http://www.mesitys.fr/
428724108,METIER IMMOBILIER,"55 Grande rue, 01300, Belley",https://www.metier-immobilier.fr/
492442306,METRE CARRE,"Route du Peyre, 47520, Le Passage",http://www.maisons-m2.fr/
933305211,METRE CARRE SANCTUARY,"243 RUE DU DOCTEUR PARCE, 66100, Perpignan",https://metrecarrehome.com/
792871139,Metropol'Immo,"8/52, rue de l'Abbé Bonpain, 59491, VILLENEUVE D'ASCQ",http://www.metropolimmo.fr/
894017003,METROPOLE Immobilier,"12 RUE DE VERDUN, 69490, Vindry-sur-Turdine",http://www.metropoleimmobilier.com/
530086222,METROPOLIS,"48 rue Laugier, 75017, PARIS",https://www.metropolis-paris.fr/index.php
815118708,METROPOLITAN IMMOBILIER,"23 RUE JEAN MACE, 29200, Brest",http://www.metropolitan-immobilier.com/
494505399,METZ IMMOBILIER,"34 AVENUE JULES FERRY, 57280, Maizières-Lès-Metz",http://www.agence-metz-immobilier.com/
497762518,MEURSAULT IMMOBILIER,"7 rue de Lattre de Tassigny, 21190, Meursault",http://www.meursault-immobilier.com/index.php?lang=fr
928394360,MEZZON,"10 Place Gutenberg, 67000, Strasbourg",https://mezzon.fr/
802390153,MF2A,"21 Rue de la Division Leclerc, 91300, Massy",https://mf2a.fr/fr/
798661310,MG CONSULTING,"69 Route de Barby, 73490, La Ravoire",https://www.my-mg.consulting/
449166636,MG IMMOBILIER,"17, grande rue, 74300, CLUSES",http://www.mgimmobilier.com/
979071792,MG IMMOBILIER,"184 rue de la République, 69430, Beaujeu",http://mg-immobilier.com/
522738269,MG-IMMOBILIER,"63 RUE GAMBETTA, 30800, Saint-Gilles",http://www.agence-mg-immo.com/
331735266,MGM CONSTRUCTEUR,"Atelier MGM Zac de la Bouvarde, 74370, Pringy",https://www.mgm-constructeur.com/
950935064,MHAJ,"21 rue Trottier, 56700, Hennebont",http://www.mhaj.fr/
911420750,MHC IMMOBILIER,"26 route de charchillac, 39700, Salans",https://www.mhc-immobilier.fr/
800356545,MHM FINANCE & IMMO courtier à Orchies-Estimation,"2 Rue de l'Eglise, 59310, Orchies",https://www.mhm-immo.com/
927688465,MIBOO immo,"28 avenue GANTIN, 74150, RUMILLY",http://mibooimmo.fr/
390233575,MICHEL ET NEUMAYER SA,"22 RUE SAINT NICOLAS, 54000, Nancy",http://www.michel-neumayer.fr/
943881540,MICHEL IMMO,,https://michelimmo.fr/
432813343,MICHELIN IMMOBILIER,"50 et 67 AVENUE DE LANESSAN, 69410, Champagne-au-Mont-d'Or",http://www.michelin-immobilier.fr/
448061887,MICRO IMMO,"20 rue Maréchal Foch, 63000, Clermont-Ferrand",https://www.micro.immo/
439100934,MIDEM NICE OUEST IMMOBILIER,"8 Avenue Saint Augustin, 06200, Nice",http://www.midem-immobilier.fr/
528721301,Midi Habitat services immobiliers,"48 Allées Jean Jaurès, 31000, Toulouse",http://www.midihabitat.net/
904754264,MIDIBOX,"136 rue joseph et nicolas cugnot, 34500, Béziers",http://www.midibox.fr/
521372730,MIDIMAS IMMOBILIER,"17 QUAI DE LA FONTAINE, 30630, Goudargues",https://www.midimas.fr/
884451873,MILIMALIS,"70 Voie de la Liberté, 57160, Scy-Chazelles",http://www.milimalis.com/
501254114,MILLOT IMMOBILIER,"89 RUE DU GENERAL LECLERC, 60690, Marseille-En-Beauvaisis",http://www.immo-millot.com/
948848809,MILOR IMMOBILIER,"50 BOULEVARD JOSEPH GARNIER,, 06000, Nice",https://milorimmobilier.com/fr/
921806725,Milozza | Agence immobilière,"23 rue Centrale, 38070, Saint-Quentin-Fallavier",http://www.milozza.com/
922683511,MILTON IMMOBILIER,"87 LOTISSEMENT BENEY, 97300, Cayenne",http://www.miltonimmobilier.fr/
838048619,MIMMOSA,,http://www.mimmosa.fr/
931106629,MIMO MARTY IMMOBILIER,"3 E RUE DES JARDINS 09340 VERNIOLLE, 09340, VERNIOLLE",https://www.facebook.com/share/1Deash5oS4/?mibextid=wwXIfr
897494647,Minds Immobilier - Agence immobilière Saint Avold,"3 Rte nationale, 57740, Longeville-lès-Saint-Avold",http://www.mindsimmobilier.fr/
802826891,MIRABEAU IMMOBILIER,"RUE DE L EGLISE, 84120, Mirabeau",http://www.mirabeau-immobilier.com/
983570482,MIRABELLE IMMO,"46 Avenue Goubet Van Heeghe, 55840, Thierville-sur-Meuse",https://www.mirabelleimmo.fr/
807586599,MIRABELLO IMMOBILIER,"11 Bis Rue du Congres, 06000, Nice",http://www.mirabello-immobilier.com/
327735882,MIRAILLES ALAIN,"19 BOULEVARD DENFERT ROCHEREAU, 31250, Revel",http://www.mirailles-immobilier.com/
823535497,MIRALLES IMMO,"5 avenue de la liberation, 83330, Le Beausset",http://www.miralles-immo.fr/
941918799,Mirano Immobilier - Agence immobilière à Tours,"8 Place Paul-Bert, 37100, Tours",https://www.mirano-immobilier.fr/
887802866,MIRESI IMMOBILIER,"11 rue vauban, 69006, Lyon",https://miresi.fr/
539092395,MISTER PROPERTY RUEIL MALMAISON,"4 BOULEVARD DU GENERAL DE GAULLE, 92500, RUEIL MALMAISON",http://www.mister-property.fr/agence/151779___/mister-property-rueil-malmaison.html
890536147,MJ TRANSACTIONS,"6 PLACE DE RETZ, 44680, Sainte-Pazanne",http://www.mj-transactions.com/
801046707,MLB IMMOBILIER,"2 Ter rue de l'Etang lieudit Les Errues, 90150, Menoncourt",http://www.mlbimmobilier.fr/
500357058,MLDS PATRIMOINE,"38 GRANDE RUE CHARLES DE GAULLE, 94130, NOGENT SUR MARNE",https://www.mlds-patrimoine.fr/
908476674,MLGE IMMOBILIER,"9 RUE ALEXANDRE DE CAUMONT, 47350, Saint-Barthélemy-d'Agenais",https://www.mlge-immobilier.com/
888517638,MLI PATRIMOINE,"222 RUE VICTOR TESNIERE, 14990, BERNIERES SUR MER",https://www.mlipatrimoine.com/
948509898,MM IMMOBILIER,"105 Chemin des Espillières, 13400, Aubagne",https://mm-agence-immobiliere-13.fr/
783329774,MMHABITAT,"33 BOULEVARD DE LA MOTHE RIVES DE LA MEURTHE, 54000, Nancy",https://www.mmhabitat.fr/
989879788,MNI RESEAU IMMOBILIER,"35 rue Émile Zola, 94600, Choisy-le-Roi",https://www.mni-reseau-immobilier.com/
810716852,MO2B,"210 rue de l’Innovation, Parc de la Baou,, 83110, Sanary-sur-Mer",https://maisonboisetbrique.fr/
835328220,Mobicap,"13 rue Paul Valéry, 75016, Paris",https://residences-mobicap.fr/
983756313,MOBILIM,"2 Place Jean V, 44000, Nantes",https://www.mobilim.fr/
448617613,MOCQUARD IMMOBILIER,"1 Rue d'Aboville, 56950, CRACH",http://www.immobilier-mocquard.com/
533430914,MODERNY PROMOTION,"3 Rue du Challenge, 83390, Cuers",https://www.moderny-promotion.fr/
500990304,MOEBEL IMMO,"36 Rue de Bourgfelden, 68220, Hégenheim",https://www.moebel-immo.com/
332036581,MOLLE IMMOBILIER,"9 RUE ARISTIDE BRIAND, 90000, Belfort",http://www.christianmolleimmobilier.fr/
809714967,MON AGENCE,"1 Avenue Charles de Gaulle, 34830, Clapiers",https://sasmonagence.com/
912545613,MON AGENCE,,https://www.monagence.group/
982479669,MON AGENCE,"128 RUE D'UELZEN, 76520, Boos",http://www.monagence-immobiliere.fr/
854055183,MON AGENCE IMMO,"2 RUE SOPHIE BARRERE, 18500, MEHUN SUR YEVRE",https://www.mon-agenceimmo.fr/
843107160,MON AGENCE IMMOBILIERE,"77 rue Roland garros, 97400, Saint-Denis",http://www.monagenceimmo.re/
979166568,Mon agence immobilière Brioude,"21 Bd Dr Devins, 43100, BRIOUDE",https://www.mon-agenceimmobiliere.fr/
810766816,Mon Agent Du Grand Paris - immobilier,"1 ROUTE DE BIEVRES, 91400, Saclay",http://www.madgp.fr/
484076096,MON AGENT IMMO,"161 AVENUE Jean JAURES, 84700, Sorgues",http://www.monagent-immo.com/
941576662,MON AGENT LYONNAIS,,http://www.monagentlyonnais.fr/
830759312,Mon Aide Immo,"13 rue Augustin Daureau, 33360, Carignan-de-Bordeaux",https://www.monaideimmo.fr/
518542006,MON BIEN IMMOBILIER,"37 Avenue Henri Barbusse, 95470, Fosses",http://www.monbienimmobilier.fr/
910241439,MON IDEAL IMMOBILIER,"4 Rue Jean Rostand, 22440, Ploufragan",https://www.monideal-immobilier.fr/
811683267,Mon Office Immobilier,"2422 Avenue Fortuné ferrini, 13080, Aix-en-Provence",http://www.m-oi.fr/
833292865,MON PARTENAIRE IMMOBILIER,"3 RUE DU PORTAIL, 35590, L' HERMITAGE",http://www.agencempi.com/
828416818,Mon Petit Entrepôt,,http://www.mon-petit-entrepot.com/
100934397,MON PROJET IMMO,"1 BOULEVARD FELIX GRAT, 53000, Laval",https://www.mpi-immobilier.fr/
918456872,MON PROJET IMMO,"13 RUE D HOZIER, 13300, Salon de provence",http://www.mon-projetimmo.fr/
918162140,Mon Saint André - Immobilier,"31 RUE VERTE, 76000, Rouen",http://www.msa-immobilier.fr/
951287234,MON SUPER AGENT,"35 Rue Saint-Aspais, 77000, Melun",https://www.monsuperagent.com/
794609602,MON SYNDIC,"465 AVENUE DE L'AUBE ROUGE, 34170, Castelnau-le-Lez",https://sasmonsyndic.fr/
880294046,MON TOIT EN AUVERGNE,"22 BD DESAIX, 63200, Riom",https://montoitenauvergne.fr/
951633114,MON'TS IMMOBILIER,"125 la vy bochenay, 74520, Vulbens",http://www.monts-immo.fr/
949652226,Monaco immobilier,"50 chemin de la périère, 38290, Frontonas",http://www.monaco-immobilier.fr/
944822733,MONALIA GESTION,"9 rue du 8 mai 1945, 69780, Mions",https://www.monaliagestion.fr/
851873794,MONBIENVENDU,"47 avenue Charles de Gaulle, 15000, Aurillac",https://monbienvendu.fr/
893389320,MONDAINE IMMOBILIER,"18 rue Jemmapes, 59800, Lille",http://www.mondaineimmobilier.fr/
409194610,MONDESIR IMMOBILIER,"299 AVENUE DE LA REPUBLIQUE PLACE MONDESIR, 33200, Bordeaux",http://www.mondesir-immo.com/
939666533,MondialBox,"521 Rue Pierre-Lucien Buisson, 42160, Andrézieux-Bouthéon",http://www.mondialbox.com/trouver-un-box/france/auvergne-rhone-alpes/centre-andrezieux
812572170,MONETIVIA - Vente en Nue-Propriété,,http://www.monetivia.com/voir-une-selection-de-biens
909887184,Monfort Immobilier,"1 allée des Nymphéas, 31240, L'Union",http://www.monfort-immobilier.fr/
825328883,MonGest° Immobilier,"59 avenue Docteur Serullaz, 69670, Vaugneray",http://www.mongest.fr/
930961065,MONOP' IMMOBILIER,"28 Bv Marie et Alexandre Oyon, 72000, Le Mans",https://www.lemansimmobilier.fr/
804806032,Monseaux Immobilier,"1 Pl. Aimé et Marie Geoffroy, 91390, Morsang-sur-Orge",https://www.monseaux-immobilier.fr/
900230970,MONSIEUR PATRICK LEHMBECKER,"---, 67000, Strasbourg",https://www.lehmbecker-immo.com/
342484573,MONTAGNE IMMOBILIER,"Place de la Mairie, 73480, Bessans",https://montagneimmo.com/
848289922,MONTAGNE NOIRE IMMOBILIER,"-, 11310, Saint-Denis",https://www.montagnenoireimmobilier.com/
928077775,Montaigne Immobilier,"44 Rte de Darnétal, 76230, Bois-Guillaume",https://www.montaigne-immobilier.fr/
881079396,MONTANA IMMOBILIER,"11 CHEMIN DU SCHMALBRUCH, 57350, Stiring-Wendel",http://www.montana-immo.fr/
908614233,MONTCETIA IMMOBILIER,"7 PROMENADE JEAN BAPTISTE MARTY, 34200, Sète",http://www.montcetia.com/
890051733,MONTELIMAR IMMOBILIER,"8 rue Paul Loubet, 26200, MONTELIMAR",http://www.montelimar-immobilier.com/
487714479,Montfort l'Amaury Immobilier,"11 Pl. de la Libération, 78490 Montfort-l'Amaury, 78490, Montfort-L'Amaury",http://www.montfort-immobilier.fr/
433648847,Montlosier immobilier,"116 GRANDE RUE, 63260, Aigueperse",http://www.montlosier-immobilier.com/
839396207,MONTLOUIS'BIS,"2 bis avenue Paul Louis Courier, 37270, Montlouis-sur-Loire",http://www.aim-transactions.com/
821427903,MONUMENTA REAL ESTATE,"25 place de la Madeleine, 75008, Paris",http://www.monumentarealestate.com/
803673607,Monzéo Immobilier,"2 Rue des Phénix, 64600, Anglet",http://www.monzeo.fr/
843700675,MOOVE IMMOBILIER,"182 C Avenue Martyrs de la Résistance, 76100, Rouen",https://moove-immobilier.fr/
827552258,MOPANE IMMOBILIER,"8 rue de Soyouz, 31240, L'Union",https://monpatrimoineneuf.fr/
275600047,MORBIHAN HABITAT,"6 AVENUE EDGAR DEGAS, 56000, Vannes",https://www.morbihan-habitat.fr/achetez-un-bien-avec-morbihan-habitat/
809947161,Moreau & Moreau Cabinet Immobilier,"82 Rue Camille Godard, 33000, Bordeaux",http://www.moreau-immobilier.com/
919355537,MOREAU IMMO,"40 RUE Maurice viollette, 28170, Châteauneuf-en-Thymerais",https://moreau-immo.fr/
512285198,MOREAU IMMOBILIER,"24 Rue du Bourg, 71150, CHAGNY",https://www.chagny-immobilier.com/
490201852,MOREIRA IMMOBILIER,"2 BIS RUE SEGUIER, 30000, Nîmes",https://www.moreira-immobilier.fr/
504602087,Moreno 2000,"89 Avenue du Maréchal Foch, 93360, Neuilly-Plaisance",https://www.agence-moreno2000.com/
834195059,MORGANE DES TOITS,"CHEZ MATHE, 63190, Orléat",http://destoits.com/
992079053,MOSAIC IMMOBILIER,"57 Avenue du Docteur Raymond Picaud, 06400, Cannes",http://www.mosaicimmobilier.com/
823080411,MOULINIER CONSEILS,"9 Quai Jean Moulin, 69001, Lyon",https://www.immobilierarchamps.com/
533297255,MOULY IMMOBILIER,"55 Boulevard Léon Gambetta, 46000, Cahors",http://www.mouly-immobilier.com/
509089322,MOUNTAIN COLLECTION,"435 Avenue Maréchal Leclerc, 73700, Bourg-Saint-Maurice",http://www.mountaincollection.com/
389476912,MOURE IMMOBILIER,"17 Avenue Gaillardin, 45200, Montargis",https://www.moure.fr/
992107953,MOURILLON IMMOBILIER,"19 Rue Castillon, 83000, Toulon",http://www.mourillon-immobilier.fr/
827580192,MOURREJEAU IMMOBILIER,"9, Place de l'Hôtel de Ville, 32230, Marciac",https://mourrejeau.immo/
982678922,MOVALIE,"866 AVENUE DES REMOULEURS, 40150, Soorts-Hossegor",https://www.alliancebatiment4064.fr/
882339609,MOVREL INVEST,"8 place saint roch, 40000, MONT-DE-MARSAN",https://www.movrelinvest.com/
798121752,MP IMMO,"7 rue Danièle Casanova, 82600, VERDUN SUR GARONNE",http://www.mp-immo.com/
809955826,MP SUD IMMO,"4 allée des jardins, 31290, Gardouch",http://www.mp-sud-immo.fr/
800811432,MPS IMMOBILIER,"241 route de bayonne, 31300, Toulouse",http://www.mpsimmobilier.com/
953563517,MR Immobilier,"134 rue jules guesde, 59390, Lys-lez-Lannoy",http://www.mrimmobilier.net/
854019411,MRC DINARD,"6 Avenue des Tilleuls, 35800, Dinard",https://www.mrc-dinard.fr/
302509864,MS IMMOBILIER,"24 RUE CARNOT, 05000, GAP",http://www.ms-immo.com/
824819635,MT AGENCY,"5 rue Saint Michel, 06500, Menton",https://www.mtagency.fr/
979050242,MT Immobilier,"111 Rue de la Poste, 62990, Beaurainville",https://www.mt-immobilier.com/
488668906,MTC IMMO,"159 rue du Bugey, 01360, Loyettes",https://www.mtcimmo.fr/
440509214,MTLF 02,"--------------------------, 02200, Soissons",https://www.mtlf.fr/
928658418,MTO (MAISON EVIM),"1 rue vanniers, 56450, theix-noyalo",http://http//maisons-evim.fr
351235825,MUDRY IMMOBILIER,"Résid. HELIOS, Logt 001 au RDC, 26 Avenue d'Evian, 74200, Thonon-les-Bains",https://www.mudry-immobilier.com/
509490900,MUGNIER IMMOBILIER,"28 Place du Dr Humbert, 74440, Taninges",https://www.hautesavoie-immobilier.com/
500541909,MULDO IMMO,"9 RUE VAUBECOUR, 69002, Lyon",http://www.muldo-immo.fr/fr/
441177227,MULLER CONSEILS IMMOBILIERS LAGNIEU,"31, rue Pasteur, 01150, Lagnieu",http://www.muller-immobilier.com/
493592364,Murielle Baas,"---, 57620, LEMBERG",https://www.mbaas-immo.com/
918764796,Murielle BREL EI,"---------------, 83340, LE LUC",https://murielle-brel-immobilier.fr/
850519620,MURTA IMMOBILIER,"23 BIS AVENUE DU GENERAL DE GAULLE, 06340, Drap",http://www.murta-immobilier.com/fr/
900793373,Musso Immobilier,"17 Rue du Coteau, 13007, Marseille",https://www.mussoimmobilier.com/
833287089,Must propriétés,"6 Place des Pyrénées, 11100, Narbonne",https://www.mustproprietes.com/contact.html
880791363,MV IMMOBILIER,"1 Av. Raymond Tézier, 38500, Voiron",https://www.mvimmobilier.fr/
984916353,MV IMMOBILIER,,https://www.immobilier-mv.com/
384952958,MV PATRIMOINE IMMOBILIER,"5a Chemin de la Dhuy, 38240, Meylan",https://www.mvpatrimoine.immo/
928806843,MY AGENCY,"40 PLACE DE LA REPUBLIQUE, 34720, Caux",https://www.m-y-agency.fr/
811215706,MY CASA IMMOBILIER,"42 COURS CHARLEMAGNE, 69002, Lyon",http://www.mycasa-immobilier.com/
883836819,My Factotum,,https://www.myfactotum.fr/fr/
481456267,MY HOME,"103 Rue Jean Jaurès, 93130, Noisy-le-Sec",https://www.myhome-conseilimmo.fr/
850289208,MY HOME,"1 rue d'Arqueil, 77176, Nandy",http://www.myhomenandy.com/
953987625,MY HOME 77,"7 Rue Pierre Charton, 77124, Chauconin-Neufmontiers",https://myhome77.fr/
753020692,My Home Connexion,"42 Av. de la Vallée des Baux, 13520, Maussane-les-Alpilles",https://www.myhomeconnexion.com/fr
832498877,MY HOME IMMOBILIER,"6 RUE CAZAULT, 61000, Alençon",http://www.myhomeimmobilier.fr/
534030127,MY HOUSE IMMOBILIER,"32 AVENUE LOUIS PASTEUR, 92220, Bagneux",https://www.myhouseimmobilier.com/
920316148,MY IMMO,"6 ROUTE DE CHATEAUGAILLARD, 24230, Montcaret",https://agence-myimmo.fr/fr/
841688831,MY IMMO 3.0,"50, rue Chanzy, 28000, Chartres",http://www.myimmo3-0.com/fr/?campaign=LBC2018
948174859,my kitchen's la vallée,"4 Rue de la Découverte, 77600, Chanteloup-en-Brie",https://www.my-kitchens.pro/
933037905,My Lalie immobilier,"22 bis avenue des Pyrénées, 31830, Plaisance-du-Touch",https://www.mylalie.fr/
827610510,My Little Côte d'Azur,"22 BD MARECHAL LECLERC, 06600, Antibes",https://www.mylittlecotedazur.com/fr/
902051804,MY LOFT FRANCE REAL ESTATE,"81 AV DE LA FONDERIE, 57390, Audun-le-Tiche",https://www.my-loft.lu/
921616512,MY LOGEMENT,"399 avenue de chateau de jouques, 13420, Gemenos",http://www.mylogement.com/
893077776,MY MAISON,"7B Rue du Clos Bozard, 25530, Vercel-Villedieu-le-Camp",http://www.mymaison-construction.fr/
920182664,MY NAME IS BERNARD,"2 rue jacques Prevert, 59650, Villeneuve-d'Ascq",https://mynameisbernard.com/
850257981,MY PROPERTY,"2 rue de la marne, 78800, Houilles",http://www.my-property.fr/
879739167,MY SWEET HOME IMMOBILIER,"2 avenue de la Liberté, 14150, Ouistreham",http://www.mysweethome-immobilier.fr/
889467569,MYAGENCE.IMMO,"5 RUE DES TROIS PICS, 67190, Mutzig","https://www.myagence.immo/agence/myagence-mutzig-67190,4"
809563364,MYAH,"14 bd Tino Rossi, résidence Santa Lina, le Marinella B, 20000, AJACCIO",https://www.myah-immobilier.com/
879211829,MyKasa,"4 Rue de Verdun,, 13500, Martigues",https://www.mykasa13.com/
884417296,MYKJ IMMOBILIER,"1 allée du Couchant, 30133, Les Angles",http://www.mykjimmobilier.com/
808728901,MYLO GESTION,"26 B COMMANDANT CHARCOT, 56870, Baden",https://mylo-gestion.com/
978236016,Myo immo,"5 RUE DE LA MAIRIE, 44830, Brains",https://www.myoimmo.fr/
520171018,MYPILOTIMMO.COM,"110 Avenue de San Peyres, 13540, Aix-en-Provence",https://www.mypilotimmo.com/
999673916,M² Immobilier,,http://m2immobilier.fr/
910573716,Mètre Carré Immobilier,"261 Rue des Lordières, 86130, Dissay",https://www.metrecarre.immo/vente/86-vienne/1
442808267,Météo Immobilier Angles,"4 SQUARE DOCTEUR PIERRE PREVOST, 85750, Angles",http://www.meteoimmo.com/
311087175,Nacarat,"87 Rue Saint-Lazare, 75009 Paris, France",http://www.nacarat.com/
422839126,Nachimmo,"203 avenue Daumesnil, 75012, Paris",https://www.nachimmo.com/
408397222,NADOTTI CAVAILLON,"22, avenue de Stalingrad - BP 19, 84300, CAVAILLON",https://www.nadotti-immobilier.fr/
990011090,Naf Transaction,"85 Ter rue du Molinel, 59700, Marcq-en-Barœul",https://www.naftransaction.fr/
834158842,NAGEP IMMOBILIER EBREUIL,"26 PLACE SAINT JAMES, 03450, EBREUIL",https://www.nagepimmobilier.com/
320879059,NAI NORD AVEYRON IMMOBILIER,"22 BOULEVARD JOSEPH POULENC, 12500, Espalion",http://www.nord-aveyron-immo.com/
478180854,NAIS Cabinet immobilier,"16 PLACE D'ARMES, 08200, Sedan",http://www.nais-immo.fr/
914126735,Napoleon Habitat,"177 rue pierre mauroy, 59000, Lille",http://www.napoleon-habitat.fr/
814709267,NAT IMMOBILIER,"25 Chemin Hermence Combet, 97450, Saint-Louis",http://www.nat-immobilier.fr/
494798945,NAT'IMMO,"6 BIS AVENUE DE LA POSTE, 30129, Redessan",https://www.agence-immobiliere-gard.com/
888840352,NATH ET TOIT,"3751 Route de Saint Didier, 84200, Carpentras",https://nathettoit-immo.fr/fr/
833700099,NATHALIE BOISSEAU IMMOBILIER,"3B Rue de Montolivet, 30400, Villeneuve-lès-Avignon",http://www.nboisseau-immobilier.com/
824202907,NATHALIE DAHAN IMMOBILIER,"9 rond-point Duboys d'Angers, 06400, Cannes",https://www.ndimmo.fr/appartement+cannes+centre+ville-1-693v1937a.html
445351950,Nathalie Forest Sotheby’s International Realty,"21 rue Basse, 59800, Lille",https://www.nathalieforest-sothebysrealty.com/fr/
800542821,NATHALIE HUC IMMOBILIER,"1 promenade cote vermeille, 66140, CANET EN ROUSSILLON",http://www.hucimmobilier.com/
840963417,NATHALIE NOUSSAN IMMOBILIER,"353 rue de Bramefarine, 38530, Pontcharra",https://www.nnimmobilier-pontcharra.com/
442044590,Natimmo,"330 AVENUE DES JEUX DOMAINE DU RASTEL, 83530, AGAY",https://www.natimmo.eu/
502187479,NATIMMO,"43 AVENUE VAUCANSON, 93370, Montfermeil",http://www.natimmobilier.fr/
815325477,NATIMMO,"37 Allée du Champ de Foire, 33770, Salles",http://www.natimmo.pro/
989300090,NATIMO,"HAMEAU DE BOUZOT 5 RUE DU LAVOIR, 21690, Boux-sous-Salmaise",https://agencenatimo.com/
451404891,NATIS PROVENCE IMMOBILIER,"17 COURS FOCH, 13640, La Roque-D'Anthéron",https://www.natis-provence-immobilier.com/
514028364,NATURE ET RESIDENCE GROUPE,"34 B RUE DE PITOYS, 64600, ANGLET",http://www.natureetresidence.com/
879679710,Naturéa - Albi,"Chemin de Lamillasole, 81600, Brens",http://www.contact-naturea.fr/
918826272,NBBS - Agence Immobilière Croix,"79 RUE DE LA GARE, 59170, Croix",http://www.nbbs-immobilier.fr/
493717987,NEGO FOR YOU,"3 rue toussaint, 49100, Angers",http://www.negoforyou.com/
502054802,NEGOCE HABITAT,"117 avenue du mas de sapte, 34130, Saint Aunes",http://www.negoce-habitat.com/
809411762,NEHO,"Siege social: 45 avenue de l'arborescente, 85500, LES HERBIERS",http://www.maisons-neho.fr/
853807006,Nell’Immo,"26 Av. des Enjouvenes, 13330, Pélissanne",https://www.nellimmo.fr/
819500380,NEMAUSA IMMOBILIER,"81 RUE DU TEMPLE, 30900, Nîmes",http://www.immobilier-nimes-nemausa.com/
500501416,NEMEA,"10 rue gutenberg, 33700, Mérignac",https://www.nemea-residence-etudiante.com/
444425060,NEMOZ IMMOBILIER,"1 Place du Lavoir, 74290, Talloires-Montmin",http://www.annecyimmo.fr/
788575652,NEO CONCEPT IMMO,"11 rue Raymond Poincaré, 67170, Brumath",http://www.neoconceptimmo.com/
409688959,NEO IMO,"48 rue saint jean, 88300, Neufchâteau",https://neoimo.com/#/
305918732,NEOLIA,"34 R LA COMBE AUX BICHES, 25200, Montbéliard",https://www.neolia.fr/acheter/acheter-un-logement-existant/
513499194,NEOLOGY,"6 Ter Rue des Portes Plouais, 22400, Lamballe",http://www.constructeur-maison-neology.com/
921209508,NEOMUROS,"31 cours saint louis, 33000, Bordeaux",http://www.neomuros.fr/
347498370,Neotoa,"41 BOULEVARD DE VERDUN, 35000, Rennes",https://www.neotoa.fr/
753587625,NEOVIA IMMOBILIER,"132 rue Pierre Ciffre, 66000, PERPIGNAN",http://www.neovia-immobilier.fr/
838065308,Neo’s Immobilier,"53 RUE DU COMMERCE - St Macaire en Mauges - 49450 SEVREMOINE, 49450, Saint-Macaire-En-Mauges",http://www.neosimmobilier.com/
485224216,Nessimmo Strasbourg,"5 Avenue des Vosges, 67000, Strasbourg",http://nessimmo67.fr/
843409236,NESTA IMMOBILIER,"41 rue du faubourg, 67260, Keskastel",https://nesta-immobilier.fr/
883535015,NET IMMOBILIER,"25 rue judaique, 33000, Bordeaux",https://www.net-immobilier.net/
823229166,NETIMMO AIMARGUES,"5 Rue des Courlis, 30470, Aimargues",http://www.netimmoaimargues.com/
977902832,NETO-IMMO,"73 Avenue Jean Jaures, 24650, CHANCELADE",http://www.neto-immo.fr/
522665074,NEUVILLE HABITAT,"24 bis rue de tourcoing, 59960, Neuville En Ferrain",http://www.neuville-habitat.com/
908217003,NEW FIELD PARTNERS,"159 AVENUE DE MALAKOFF, 75016, Paris",https://www.newfieldpartners.fr/
514835628,NEW HOME IMMO,"78 RUE EDMOND ROSTAND, 13006, Marseille",http://newhomeimmo.com/fr
750131724,New Style Immo,"865 AVENUE DE BRUXELLES, 83500, LA SEYNE SUR MER",https://www.newstyleimmo.fr/
921856969,NEXIMMO,"12 Rue Victor Hugo, 87800, Nexon",https://www.neximmo87.com/agence/352181___/neximmo.html
924783095,nexja,"51 RUE DE LA PREVOTE, 59890, Quesnoy-sur-Deûle",http://www.nexja.fr/
990071847,NEXT HOME IMMO,"134 Bis Avenue Du Général de Gaulle, 16800, Soyaux",http://www.nexthomeimmo.com/
943298075,Next Immobilier,"Chemin de Pré Figaroud, 38330, Saint-Nazaire-les-Eymes",https://agence-nextimmo.fr/
524488772,NEXTON IMMOBILIER,"169 AVENUE DES TISSERANDS, 40150, Soorts-Hossegor",https://www.nextonimmobilier.com/
889410916,NEXTYA IMMOBILIER,"7 RUE AUBER, 31000, Toulouse",https://nextya-immobilier.fr/
903885556,Nexus Immobilier,"39 chemin du vieux chêne, 38240, Meylan",http://www.nexusimmo.fr/
933220121,NEXUS IMMOBILIER,"7 rue Berthe morisot - Immeuble PHEBE - Etage 2, 76100, Rouen",https://www.nexusimmobilier.com/
812819423,NEXXT-IMMO,"31 Rue du Grand Couronné, 67100, Strasbourg",https://www.nexxt-immo.com/
829618156,NEXYMO,"84 bis, rue Montoise, 72000, Le Mans",http://www.nexymo.fr/
726220148,NEYRAT IMMOBILIER,"1 Rue De La Grange Frangy, 71100, CHALON SUR SAONE",http://www.neyrat-immobilier.fr/
102772043,NEYRET IMMOBILIER,"11 B Boulevard de l'Europe, 69600, Oullins-Pierre-Bénite",https://www.neyret-immobilier.com/
501848774,NEYRET IMMOBILIER,"47 RUE CHARLES DE GAULLE, 42000, Saint-Étienne",http://www.neyret-immobilier.com/
913329231,NHCI,"7 rue Thiers, 92600, Asnières-sur-Seine",http://nhci.immo/
912688520,NICARD DES RIEUX,"3 Boulevard de la Cité, 87000, Limoges",https://www.agencenicard.fr/fr/
832564470,Nice Carre D'Or Immobilier,"63 rue de France, 06000, Nice",https://nicecarredor.immo/fr/
978121432,NICOLAS & FELICIE IMMOBILIER,"92 AVENUE DE TARASCON, 84000, Avignon",https://www.nicolasfelicieimmo.com/
813341112,Nicolas GIRAUX - NG IMMO,"6 Rue du Mont Blanc, 74100, Annemasse",http://www.nicolas-giraux-immobilier.com/
808028278,NICOLAS IMMOBILIER,"19 Rue de Queuleu, 57000, Metz",https://www.nicolas.immo/
909652240,NICOLAS IMMOBILIER,"38 RUE POQUELIN MOLIERE, 33000, Bordeaux",http://www.agence-nicolas.fr/
922932314,Nicolas Lehmbecker,"---, 67000, strasbourg",http://www.lehmbecker-immo.com/
853371391,Nicolas REBOURG - AXO ET ACTIFS - A&A Immobilier,"----------, 57640, VIGY",https://nrebourg.axo.immo/fr/liste.htm#multinego=85002788&TypeModeListeForm=pict&tdp=all
518244652,Nicolas VERDIER Le centre immobilier,"17 boulevard des céléstins, 80000, AMIENS",http://www.verdierimmobilier.com/
752554964,NICOLE SIBI IMMOBILIER,"32 rue Principale, 66130, Corbère",http://www.nicolesibimmobilier.com/
942858523,Nid immo,"34 RUE DE L'ABBAYE, 27260, Cormeilles",https://www.nidimmo.com/
813628328,NIDLY,"1065 bis chemin de Clères- BOIS-GUILLAUME, 76230, Bois-Guillaume",https://www.nidly.fr/
983143249,NIGESTIM,"8 chemin du baus supérieur, 06670, Castagniers",https://www.nigestim.fr/fr
878955657,NIIDS – Agence Immobilière La Rochelle & Île de Ré,"28 C RUE DE L’ERMITAGE, 17140, Lagord",http://www.niidsimmobilier.com/
843000837,NIL PROMOTION,"150 Rue du Clocher de Vézelise, 54230, Chavigny",http://nilpromotion.com/
952036184,NIMEA Immobilier,"2777 Route de Courbessac, 30000, Nîmes",http://www.nimea.fr/
485234140,NIMES IMMOBILIER,"18 RUE AUGUSTE, 30000, Nîmes",http://www.nimesimmo.fr/
391412046,NINBO IMMOBILIER,"29 AVENUE GENERAL DE GAULLE, 66320, Vinça",http://www.ninbo.com/
883461741,NM IMMOBILIER,"2617 ROUTE DE L’ADOUR, 64990, LAHONCE",https://www.merrien-immobilier.com/
850496258,NOA & ASSOCIES,"2 Rue du 14 Juillet, 33740, Arès",https://noa-immobilier.com/
808388201,NOAH,"29 rue Cartier-Bresson, 93500, PANTIN",http://www.noahsas.fr/
804813343,NOEUX HABITAT,"415 Bis route Nationale, 62290, Noeux Les Mines",http://www.noeuxhabitat.com/
437568009,NOMAD CAMPUS,"42 Quai Rambaud, 69002, Lyon",https://nomadcampus.com/
480258532,NORD INVEST PATRIMOINE,"16 rue des Vifs Pays, 62164, Ambleteuse",http://www.nordinvestpatrimoine.fr/
433727138,NORD LOIRE TRANSACTIONS,"14, rue Martin Luther King, 44240, La Chapelle-Sur-Erdre",https://www.nordloiretransactions.com/
492848403,NORD SUD IMMOBILIER,"37 RUE JEANNE D ARC, 57415, Montbronn",http://www.nordsud-immobilier.fr/index.php?option=com_foxcontact&view=foxcontact&Itemid=159
349773689,NORD-ISERE IMMOBILIER,"63 bis rue de la République, 38300, Bourgoin-Jallieu",http://www.nord-isere-immo.com/
045950318,NOREVIE VENTE,"62 RUE SAINT SULPICE, 59500, DOUAI",http://www.norevie.com/fr/acheter/index.php
832203343,NORMA CONSEILS,"3, Rue Martin Luther King, 14280, Saint-Contest",https://normaconseils.fr/agence-immobiliere-caen/
383063401,NORMAN PARKER MARTIN IMMOBILIER,"101 B AVENUE DES NATIONS, 57970, Yutz",http://www.normanparker57.com/
821756681,NORMAN TAYLOR,"771 Avenue Alfred Sauvy, 34470, Pérols",https://www.normantaylor.fr/
409377496,NORMANDIE AMENAGEMENT,"1 avenue du Pays de Caen, 14460, colombelles",https://www.normandie-amenagement.com/
580500429,NORMANDIE HABITAT,"19 RUE JEAN-RICHARD BLOCH, 76300, SOTTEVILLE-LES-ROUEN",http://www.normandie-habitat.com/
409168747,NORMANDIE MAISONS INDIVIDUELLES,"61 Avenue Maréchal de Lattre de Tassigny, 76430, SAINT-ROMAIN-DE-COLBOSC",https://www.normandie-maisons-individuelles.fr/
821102175,NORMANDIE PROPRIETES SERVICES,"2 Rue Eugène Denis, 61200, Argentan",http://www.immobilier-nps.com/
809016710,NOTRE AGENCE,"175 BOULEVARD ROBERT BALLANGER, 93420, Villepinte",http://www.notre-agence.com/
402230031,NOTRE AGENCE IMMO,"165 ROUTE DE VIENNE, 69008, Lyon",http://notreagenceimmo.com/
944878420,Notre Cabinet Gestion,"79 rue du pensionnat, 69003, Lyon",https://www.notrecabinetgestion.com/
306003930,NOUALS ET BINEL,"34 AVENUE GAMBETTA, 81000, Albi",http://www.immobilier-nouals-binel.fr/index.html
522969963,NOUVEL HABITAT,"28 Boulevard Albert 1er, 54000, Nancy",https://nouvelhabitat-immobilier-neuf.fr/
993417591,Nouvel Horizon Immobilier,"1 Rue de la Cure, 42800, Saint-Martin-la-Plaine",https://www.nouvelhorizon.fr/
451584395,Nouvelle Agence Charry,"26 Av. de Pontaillac, 17420, Saint-Palais-sur-Mer",https://www.agencecharry.fr/
831288303,NOUVELLE AGENCE SAINT CHRISTOPHE,"30 AVENUE GAMBETTA, 57255, Sainte-Marie-Aux-Chênes",http://www.nouvelleagencestchristophe.fr/
522167659,NOUVELLE IMMO,"4 quai Albert Joly, 78250, MEULAN EN YVELINES",http://www.agencenouvelleimmo.com/
848841425,NOUVELLE PAGE IMMOBILIERE,"12B rue des Ormessons, 77000, Vaux-le-Pénil",http://www.nouvellepageimmobiliere.fr/
939767166,Nouvelle Vague Immobilier,,https://nouvellevague.immo/
953990611,Nouvelle Vie Immo,"13 rue du général gouraud, 59700, Marcq-en-Barœul",https://www.nouvelle-vie-immo.com/
918153222,Nouvelles Résidences,"4 Rue Léon Sestier, 38000, Grenoble",http://www.nouvelles-residences.fr/
489198747,NOVA IMMOBILIER,"43 rue de Paris, 95500, Gonesse",http://www.nova-immobilier.fr/
817423312,NOVA VILLA,"54 Place Mommessin, 71850, Charnay-lès-Mâcon",https://maisons-novavilla.fr/
928248657,NOVACITE IMMOBILIER ALSACE,"1 A RUE DES VERGERS, 67120, DUTTLENHEIM",https://novaciteimmobilier.fr/fr/
102398641,NOVACOM IMMOBILIER,"49 Rue de Ponthieu, 75008, Paris",http://www.novacomimmobilier.fr/
819126608,NOVAHOMES,"113 route de Metz, 57100, Thionville",http://novahomes.fr/
893292052,NOVAL IMMO,"3 rue Adrien Guebhard, 06460, SAINT-VALLIER-DE-THIEY",http://www.novalimmo.fr/
487522211,NOVALAISE IMMOBILIER,"3 ROUTE DU BANCHET, 73470, Novalaise",http://www.novalaise-immobilier.fr/
819186123,NOVALTIS PARTENAIRES,"13 avenue Victor Hugo, 69160, Tassin-la-Demi-Lune",https://www.novaltis-partenaires.fr/
942966177,NOVAPRO SOLUTIONS,"3 rue des cigognes, 67960, Entzheim",https://www.novapro-solutions.fr/
843116294,NOVAREA,"8 bis Place du Foirail, 64000, Pau",https://www.novarea.fr/
948461777,NOVE IMMOBILIER,,http://www.noveimmobilier.fr/
941908519,Novea habitat,"51Avenue Louis Dequet, 93290, Tremblay-en-France",https://www.noveahabitat.fr/
902615194,NOVEA Immobilier,,http://www.novea-immobilier.fr/
823517727,Novelio Immobilier,"44 A rue nationale, 57350, Stiring-Wendel",https://www.novelio-immobilier.fr/
883065377,NOVENTY IMMOBILIER,"10 rue saint firmin, 34000, Montpellier",https://www.socium-immobilier.fr/
831119706,NOVEO IMMO,"40 RUE PERTOIS, 67100, Strasbourg",http://www.noveo-immo.fr/
533967865,Novélia Résidences,"9 rue cure bourse, 38320, Eybens",https://www.novelia-residences.fr/
409862521,NVA Conseil,"4 chemin du Parc, 95480, Pierrelaye",http://www.nva-conseil.fr/
383785714,NW IMMOBILIER,"20 RUE SAINT MALO, 14400, BAYEUX",http://www.nwimmobilier.fr/
380419853,NYONS IMMOBILIER,"50 PLACE DE LA LIBERATION, 26110, Nyons",https://www.nyons-immo.com/
988241865,NÉO SÉLECTION,"190 Rue Topaze, 13510, Éguilles",http://www.neoselection.fr/
910432244,O MOINDRE DETAIL,"6 avenue de la gare 31310 RIEUX-VOLVESTRE, 31310, Rieux-Volvestre",https://www.omoindredetail.fr/
879557247,O' BASSIN,"3 Rue Victor Hugo, 33260, La Teste-de-Buch",http://obassin.com/
821545175,O'Immobilier,"71 Rue du Chemin Vert, 75011, Paris",https://www.o-immobilier.com/
841822760,OASIANE INVEST,,http://oasiane-invest.com/
537746620,OBBIO Immobilier & Gestion,"8, rue du Docteur Gabriel Pravaz - Le Cottage Parc, 69110, Sainte-Foy-lès-Lyon",http://www.obbio.fr/
897656252,OBIMMO,"39 Rue Baudrière, 49100, Angers",http://www.obimmo.fr/
810044032,OBJECTIF IMMO,"3 All. de L'economie, 67370, Wiwersheim",https://www.objectif-immo67.com/
882022924,Objectif Immo,"5 Rue de la Charité, 31000, Toulouse",http://www.objectifimmo31.fr/
402839039,OBJECTIF PIERRE,"64 CHEMIN DE SERMENAZ, 01700, NEYRON",http://www.objectif-pierre.com/
384667788,OBJECTIF PIERRE IMMOBILIER,"30 RUE DU MARÉCHAL FOCH, 27400, Louviers",http://objectifpierre.com/
525120085,OBJECTIFIMMO,"10 R DES CAPUCINES, 54760, Lanfroicourt",http://www.objectifimmo.fr/
953937760,Objectifimmo Crécy,"17 RUE DU MARCHE, 77580, Crécy-la-Chapelle",https://www.facebook.com/people/Objectifimmo-Cr%C3%A9cy/61556274639302/?_rdr
808237283,OBL Immobilier,"67 rue françois Dumas, 73800, Montmélian",http://www.obl-immobilier.com/
953963568,Obsitas Immobilier Marssac,"3 rue des écoles, 81150, Marssac-sur-Tarn",https://www.obsitas-immobilier-marssac.com/
328252671,Oc Résidences,"1 bis Sq. Gambetta, 11000, Carcassonne",https://www.oc-residences.fr/
928449297,OCARNA,"17/19 rue du Leughenaer, 59140, DUNKERQUE",https://ocarna.fr/
941193211,OCCIHOME,"14 Boulevard du tour de ville, 46160, Cajarc",http://www.occihome.fr/
923882641,OCCIT'IMMO,"19 rue Charles de Gaulle, 09100, Pamiers",https://occitimmo.fr/fr/
532100112,Occitanie Immobilier,"14 Grand'Rue, 11430, Gruissan",https://www.occitanie-immobilier.fr/
450241088,OCCITANIE PROPERTIES,"1 place Jean Aicard, 09130, Le Fossat",http://www.occitanieproperties.com/
335015970,OCDL - GROUPE GIBOIRE,"2, place du Général Giraud CS21206, 35012, RENNES",http://www.giboire-promotion.com/
390019982,OCEAN AQUITAINE,"867 avenue du Touring Club de France, 40150, Soorts-Hossegor",http://www.agence-ocean-aquitaine.fr/
908685761,OCI SOLUTION HABITAT,"1 Rue Marcellin Berthelot, 89000 Auxerre, 89000, Auxerre",https://www.mikit.fr/agence/MIKIT-Auxerre/
521251900,OCTANTIMMO,"200 Avenue Roumanille - Espace Saint Philippe - SOPHIA ANTIPOLIS, 06410, BIOT",http://www.octantimmo.com/fr/
844397687,OCTO IMMO,"4 Chemin du château de l'Hers, 31500, Toulouse",http://www.octoimmo.com/
827711060,Océanic Invest Immo,"15 B RUE DE LYON, 29200, Brest",https://www.oceanicimmobilier-guyane.fr//
882288616,ODEVA IMMOBILIER,"6 rue des castelleries, 50890, Condé-sur-Vire",http://www.odeva-immobilier.com/
439479064,OFFICE DU PARLEMENT,"7 rue victor hugo, 35004, RENNES CEDEX",https://officeduparlement.notaires.fr/annonces-immobilieres/
538353178,OFFICE IMMOBILIER,"86 Av. du 4 Septembre, 62300, Lens",https://office-immobilierlens.com/
820557627,OFFICE IMMOBILIER BESANCON,"11a Chemin des Maurapans, 25870, Châtillon-le-Duc",http://office-immo.fr/
438146433,OFFICE IMMOBILIER GRENADE,"2 AVENUE KENNEDY, 31330, Grenade",http://www.office-immo-grenade.com/
991862145,OFFICE JACEK,"6 B rue du Général de Gaulle, 59242, Cappelle-en-Pévèle",https://officejacek.com/
804392611,officiz,"12 RUE DES CHAUFFOURS - immeuble Ordinal, 95000, cergy",http://www.marchand-de-biens.eu/
433851045,OFIM ETANG SALE,"93 AVENUE RAYMOND BARRE, 97427, L' Étang-Salé",http://www.ofim.fr/
429731748,OFNMI Agence immobilière locale,"6 allée de l'Orangerie, Château de l'Orangerie - Valbois, 42580, L'Étrat",http://www.ofnmi.fr/
921293072,OFS STON,"181 ROUTE D ALBI, 31200, Toulouse",https://www.ston-ofs.fr/
977527498,OFYS,"Le carré d’Argent - 11a, rue des Aulnes, 69410, Champagne-au-Mont-d'Or",http://www.ofys.fr/
432456762,OGIC,,https://www.ogic.fr/
849348453,OGP IMMOBILIER Castelnau d'Es.,"11 avenue de Montauban, 31620, Castelnau-d'Estrétefonds",https://www.ogp-immobilier.fr/
912095635,OH IMMOBILIER,"14 RUE DU VIGNOBLE, 54360, Damelevières",http://www.ohimmobilier.fr/
994710150,OIKA IMMOBILIER,"14 rue d'épinal, 25000, Besançon",http://www.oika-immobilier.fr/
102997269,OIKOS,"14 Rue de Saint-Médard, 35250, Saint-Aubin-d'Aubigné",https://www.oikosimmobilier.com/
879085538,OK IMMOBILIER CONSEILS,"1 PLACE DE LA MAIRIE, 33770, Salles",https://www.okimmobilier.fr/
953370178,OLAM PATRIMOINE,"362 Rue Saint-Pierre, 13005, Marseille",https://olampatrimoine.fr/
103603627,OLEA SIGNATURE,,https://www.olea-signature.fr/
909568107,Oligho Transactions,"28 Rue de Come, 62000, Arras",https://www.oligho.fr/
853549632,OLIVIER ALEXANDRE IMMOBILIER,"4, avenue de Bordeaux, 33510, Andernos-Les-Bains",http://www.olivieralexandreimmobilier.com/
515325199,Olivier Palayer IMMOBILIER,"109 AVENUE DU GENERAL DE GAULLE, 84320, ENTRAIGUES SUR LA SORGUE",https://www.olivierpalayerimmobilier.fr/
980185169,OLIVIER PARDANAUD,"11 Avenue Paul Verlaine, 38100, Grenoble",https://www.derentcompany.fr/franchises/grenoble
522426634,OLIVIER SERVEAU IMMOBILIER,"2 rue de la Tourelle, 29000, QUIMPER",http://www.olivier-serveau-immobilier.com/
828339861,OLLARIS Immobilier à Lorient,"19 boulevard du général Leclerc, 56100, Lorient",https://www.ollaris.fr/
480877489,OLYMPE EST IMMOBILIER,"ZAC Louis Pasteur - 42 RUE ANTOINE BECQUEREL, 54230, Neuves-Maisons",http://olympe-immobilier.com/
430089375,Omalys (Prins immobilier),"13 RUE DU BOURG, 62120, Aire-Sur-La-Lys",http://www.alimmoval.fr/
877590141,OMEGA IMMOBILIER LE HAVRE,"105 QUAI GEORGES V, 76600, Le Havre",https://www.facebook.com/OmegaImmobilierLeHavre?locale=fr_FR
409192069,OMER BAAS,"41 RUE DU QUESNE, 59700, Marcq-En-Baroeul",http://www.omer-baas.com/
400974242,OMH DU GRAND NANCY,"108 rue stanislas, 54000, NANCY",https://www.omhgrandnancy.fr/
850788662,OMIEL IMMO,"18 rue de la mairie, 30980, Langlade",https://www.omielimmo.fr/
912243417,OMMI IMMOBILIER,"21 Rue Léon Dupontreué, 80000, Amiens",https://ommi.immo/
790125462,ONEO IMMOBILIER,"10 RUE DU 11 NOVEMBRE 1918, 69780, Mions",http://www.oneo.fr/
833282924,ONLY L'AGENCE IMMOBILIERE,"6 rue du commerce, 69650, Quincieux",https://www.only-immo.fr/
920236882,ONYX IMMOBILIER,"6 Rue Angrand Leprince, 60000, Beauvais",http://www.onyximmobilier.fr/
507502375,Opa Partners,"2 Avenue des Indes, 91940, LES ULIS",https://www.opa-partners-immo.com/
780503918,OPAC DE L'OISE,"9 AVENUE DU BEAUVAISIS HAUT VILLE, 60000, Beauvais",http://www.opacoise.fr/
776459547,OPAC SAVOIE,"9 rue jean girard madoux, 73000, Chambéry",https://www.opac-savoie.fr/
389453796,OPAL,"67 boulevard de Lyon, 02000, Laon",https://www.opal02.com/
877765818,OPE-IMMO,"24 Rue Carnot, 95480, Pierrelaye",http://www.ope-immo.fr/
449243476,OPEN IMMOBILIER,"22 RUE ALBERT 1 ER, 57100, Thionville",http://www.open57.fr/
539104299,Open Immobilier,"12 Rue du Président Wilson, 24000, Périgueux",http://www.openimmobilier.io/
344279633,OPHEOR,"Centre Administratif Paul Pillet- Place de l'Hôtel de ville, 42300, ROANNE",http://www.opheor.fr/
425100138,OPT'IMMO,"32 RUE DU LIEGE, 64000, Pau",http://www.agence-optimmo-pau.fr/
818926081,OPTIMO IMMOBILIER,"19 Rue du Général Leclerc, 22500, Paimpol",https://www.optimo.fr/
789856341,OPTIVIA FONCIER,"47 rue de redon, 35580, Guichen",http://www.optivia-foncier.com/
882147150,OPUS CAPITAL,"1 Rue Benjamin Franklin, 85000, La Roche-sur-Yon",https://opuscapital.fr/
502063217,Opéra Promotion,"68 AV DE LA MAVERIA, 74940, Annecy-le-Vieux",https://operapromotion.fr/
848038980,OQORO,"107 boulevard Vivier Merle, 69003, Lyon",https://www.oqoro.com/
884080516,ORACLES COLIVING,"15 rue de Marignan, 75008, Paris",https://oracles-immobilier.fr/
810594804,Oratio Immobilier,"4 Allée des Tilleuls, 74940, Annecy",https://oratioimmobilier.com/
484307079,ORDIM AUXERROIS CHABLISIEN TONNERROIS,"18 QUAI DE LA REPUBLIQUE, 89000, Auxerre",http://www.ordim-immo.com/agence-immobiliere/tonnerre-89700/ordim-auxerrois-tonnerrois-chablisien
823781760,OREA Immobilier,"10 rue Félix Faure, 06000, Nice",https://www.orea-immobilier.fr/fr/
834037194,ORECY,"23 B Rue d'Alsace, 88360, Rupt-sur-Moselle",https://orecy.fr/
879272045,ORFEVRE IMMOBILIER,"3 Avenue de Montpellier, 34160, Castries",http://www.orfevreimmobilier.com/
844206300,ORIA IMMOBILIER,"21 AVENUE MARCEL NEY, 54530, Pagny-Sur-Moselle",http://www.oriaimmobilier.fr/
913904686,ORIGIN IMMO,"40 RU DU COLISÉE, 75008, Paris",http://www.origingroup.fr/
904543618,Origine Immobilier,"2 Legallais, 33260, La Teste-de-Buch",https://www.origine-immobilier.com/
379538994,ORIM,"24a avenue du Général de Gaulle, 68300, Saint-Louis",http://www.agence-orim.fr/
965801046,Orim (Orientation Immobilière),"76 avenue Brancolar, 06100, NICE",https://www.orimnice.fr/
378687743,ORME IMMOBILIER,"36 rue de Lyon, 67400, ILLKIRCH",https://www.ormeimmobilier.fr/
842504037,ORNANO IMMOBILIER,"102 crs Maréchal Juin, 33000, Bordeaux",https://www.immobilier-bordeaux-ornano.com/
495176158,ORNE HABITAT,"42 RUE DU GENERAL FROMENTIN - BP 76, 61000, Alençon",https://www.orne-habitat.com/
834944373,Orphea LC immobilier,"27 boulevard Docteur Ferroul, 11100, Narbonne",https://www.orpheaimmo.com/
993965953,ORTÉTIS Immobilier d' Entreprise,"1511 Chemin de Samounet, 31340, Vacquiers",http://www.ortetis-transaction.fr/
451171086,Oryam Immobilier Colmar - Alsace,"1, route de rouffach, 68000, COLMAR",https://facebook.com/oryamimmobilier
547050146,ORYON,"92 Bd Gaston Defferre BP 737, 85018, LA ROCHE-SUR-YON CEDEX",https://www.oryon.fr/
853305126,ORÊVE IMMOBILIER,"La Licoisière, 35580, Guichen",http://www.oreveimmobilier.fr/
905161618,OSABA Immobilier,"22 avenue de Navarre, 64250, Cambo-les-Bains",https://www.osaba.immo/
914757901,OSCAR IMMOBILIER,"9, place des Tonneliers, 44300, Nantes",https://www.oscar-immobilier.com/
991850702,OSLO IMMOBILIER,"49 Rue de la Frontière, 39220, Les Rousses",https://oslo-immobilier.com/
888108073,OSMOSE IMMOBILIER,"39 Rue Sigorgne, 71000, Mâcon",https://www.osmoseimmobilier.fr/
921374674,Osmoz Immobilier LA ROCHELLE,"5 rue de la trinquette, 17000, La Rochelle",http://www.osmozimmo.fr/
750514598,OSTIA IMMOBILIER,"45 Chemin de Pompey, 42800, GENILAC",http://www.ostiaimmobilier.fr/
889179420,Ostium Immobilier Pélissanne,"15 place cabardel, 13330, Pélissanne",https://www.ostium-immobilier.fr/
449307362,OTENTIK IMMO,"23 rue du Lavoir, 30650, Rochefort Du Gard",http://www.otentik-immo.com/
918017880,OTHENTIC PATRIMOINE,"200 CLOS DE LA BARRE 38300 MEYRIE, 38300, Meyrié",https://www.othenticpatrimoine.com/
918386699,OUARTIMMO,"""Espace Européen de l'Entreprise"" 19 rue de La Haye, 67300, Schiltigheim",http://www.ouartimmo.com/
481650695,OUEST HOME,"13 avenue du Général de Gaulle, 69260, Charbonnières-les-Bains",http://www.ouesthome.fr/
481309813,Ouest Immo à Carhaix,"2 rue Felix Faure, 29270, Carhaix-Plouguer",https://ouestimmo.eu/fr/
889695722,OUEST IMMOBILIA - Ancenis Saint Gereon,"60 Rue du Pré Hausse, 44150, Ancenis-Saint-Géréon",https://www.ouest-immobilia.com/
789792264,Ouimo,"-------, 07600, Vals-les-Bains",https://ouimo.fr/
851952523,OURS L'IMMOBILIER,"30, rue Pinel, 93200, Saint-Denis",http://www.ourslimmobilier.com/
106534290,OUSIMPLANTER,"131 boulevard Pereire, 75017, Paris",https://ousimplanter.com/
753330851,OZ IMMOBILIER,"3 AVENUE ALSACE LORRAINE, 38000, Grenoble",http://www.oz-immobilier.fr/
499255883,P.C.C.,"114, voie promenade, 92390, Villeneuve-La-Garenne",http://www.pccsarl.com/
783864242,PAC LOGT Hainaut-Cambrésis,"135 rue des Déportés du Train de Loos, 59300, VALENCIENNES",http://www.paclogt-hc.fr/
492157276,PACFA IMMOBILIER,"8 Place Pierre Fabre, 81100, Castres",http://www.pacfa-immobilier.com/
752075986,PADILLA IMMOBILIER,"342 RUE EMILE CHAUTEMPS, 74300, CLUSES",http://www.padilla-immobilier.fr/
899956312,PAGAMA,"15 Rue de la Galocherie, 59222, Bousies",https://www.pagama.fr/
499216679,PAGNON IMMOBILIER,"8 bis place du Bourg, 69340, Francheville",https://www.pagnon-immobilier.fr/fr/
790609614,PAILLE IMMOBILIER,"37 Rue Trouche, 33780, Soulac-sur-Mer",http://www.pailleimmobilier.com/
402715486,PAILLETTE IMMOBILIER GODERVILLE,"2 RUE GUY DE MAUPASSANT, 76110, Goderville",https://www.pailletteimmobilier.fr/
827580002,PALADIA IMMOBILIER,"11 Rue Paul Vidal, 31000, Toulouse",http://www.paladia-immo.fr/
523426971,PALAIS DE L'IMMOBILIER,"21 Grande Rue, 26390, HAUTERIVES",https://www.palais-immobilier.com/
343080727,PALAUSSE IMMOBILIER,"53 BOULEVARD GENERAL DE GAULLE, 11100, Narbonne",https://www.palausse-immobilier.com/
530040385,PALIS'IMMO,"53 Avenue Saint-Exupéry, 81600, Gaillac",https://www.palis-immo.fr/
949745046,PALM IMMO,"350 chemin de la Parouquine, 06600, Antibes",http://www.palmimmo.fr/
939659892,PALM'IMMO,"4 Place de la Tour, 83110, Sanary-sur-Mer",https://www.palm-immo.com/
514347962,Palmarole Immobilier,"25 COURS PALMAROLE, 66000, Perpignan",http://www.palmaroleimmobilier.com/fr/
953227782,PALMER IMMOBILIER,"53 Boulevard de Courcelles, 75008, Paris",https://www.palmerimmobilier.fr/
522260389,PAM IMMO,"7bis rue Saint Pierre, 54700, Maidières",http://www.pam-immo.fr/
899551436,PANCRAZI IMMOBILIER,"ZI BALEONE, 20167, Sarrola-Carcopino",https://pancrazipartners.com/
384019246,Panda Immobilier,"Rue de l'Autan C.C. les boutiques de l'Autan, 31670, Labège",http://www.panda-immo.com/
937961621,Panda Immobilier,"111 avenue Victor Hugo, 93300, Aubervilliers",https://www.pandaimmobilier.com/
921260782,Panther'Immo,"18 Rue de Bordeaux, 37000, Tours",http://www.pantherimmo.com/
480824887,PAOLA IMMOBILIER,"60 rue de la république, 28110, Lucé",http://www.paolaimmobilier.com/
535045991,PAOLI IMMOBILIER,"140 Rue de Lodi, 13006, Marseille",http://www.paoli-immo.com/
417682259,PAPAZIAN SANARY,"17 QUAI CHARLES DE GAULLE, 83110, SANARY SUR MER",https://www.agencespapazian.com/
908628936,Paps Immo,"., 40000, Mont-de-Marsan",http://www.papsimmo.fr/home
887720738,PAQUIN IMMOBILIER,"3 place de la république, 68870, Bartenheim",http://www.paquin-immobilier.com/
932606353,PARADIS IMMOBILIER,"22 Bis Boulevard Tzarewitch, 06000, NICE",http://www.paradis-immobilier.com/
999301641,PARALLELE IMMOBILIER,"Velorgues, 84800, L'Isle-sur-la-Sorgue",http://www.agence-parallele.com/
938196326,PARC NORD IMMOBILIER,"25 AVENUE LOUIS BRAILLE, 59700, Marcq-en-Barœul",https://www.parcnordimmobilier.fr/
853638690,PARCELEO,"113 RUE RAYMOND RECOULY, 34070, Montpellier",http://www.parceleo.fr/
753295765,PARCELLIZ,"12 bis rue Henri Becquerel, 29850, Gouesnou",https://parcelliz.fr/
942313784,PARENT IMMOBILIER La Souterraine,"8 Rte de la Souterraine, 23300, Saint-Agnant-de-Versillat",http://parent-immobilier.fr/
814637112,PARFUM D'IMMOBILIER,"62, chemin de l'orme, 06130, Grasse",http://www.parfumdimmobilier.fr/
837805555,PARIS BIENS PRIVES,"-------------, 75015, Paris",http://www.paris-biens-prives.com/
415387851,PARIS IMMOBILIER,"33 Rue Tiquetonne, 75002, Paris",https://www.parisimmobilier.fr/
835145152,PARIS IMMOBILIER INVESTISSEMENT,"64 Rue de Strasbourg, 92400, Courbevoie",https://www.parisimmoinvest.com/
811847342,PARIS NORMANDIE TRANSACTIONS,"2 Rue du Château, 92200, Neuilly-sur-Seine",https://pnt.immo/
799505615,PARIS NORMANDY IMMOBILIER,"14 rue Traversière, 76000, Rouen",https://parisnormandyimmobilier.com/acheter/
887622819,Paris-Saclay Immobilier,"31 Route de Saint-Aubin, 91190, Villiers-le-Bâcle",http://www.pasaim.fr/
528327224,PARIS-VILLAGES IMMO,"46 RUE BICHAT, 75010, Paris",https://www.paris-villages.com/
512725128,PARISIANSTUDIO,"95 rue de CHEZY, 92200, Neuilly Sur Seine",https://www.parisianstudio.fr/
901276303,Parisii-Immobilier,"38 Avenue du Général Leclerc, 95240, Cormeilles-en-Parisis",https://www.parisii-immobilier.fr/
789703139,PARISOUEST.IMMO,"1 place de l'Eglise, 92210, Saint-Cloud",https://parisouest.immo/fr/votre-agence
853183713,PARKI IMMOBILIER,"5 bis avenue de la Libération, 56700, Hennebont",http://www.hennebont.parki.fr/
505049452,PARLEZ MOI D'IMMO,"300 chemin Vert, 01600, Sainte-Euphémie",http://www.parlezmoidimmo.fr/
939153813,PARQUET Immobilier,"13 Place Emile Leturcq, 80300, Albert",https://www.parquetimmobilier.fr/
535398663,PARSON,"356 Route de Strasbourg, 69140, Rillieux-la-Pape",https://www.parson-regie.fr/
520461468,partenaire immobilier,"112 Avenue Jean Jaurès, 26600, Tain-l'Hermitage",https://www.partenaire-immobilier26.com/
378072144,PARTENORD HABITAT,"142 Bd Gambetta, 02100, Saint-Quentin",https://www.partenordhabitat.fr/
344077672,Pas-de-Calais habitat,"Service Vente 4 Avenue des Droits de l'Homme CS20926, 62022, Arras Cédex",http://www.pasdecalais-habitat.fr/
981555899,PASADENA,"Montpellier, 34070, Montpellier",https://www.agencepasadena.com/
379542764,PASCAL IMMOBILIER,"19 bis avenue de France, 74000, ANNECY",https://www.pascal-immo.com/
479731416,Pascale Pyrénées Immobilier,"22 rue Vincent Mir,, 65170, Saint-Lary-Soulan",https://www.saint-lary-immobilier.com/
428957971,Passaga Immobilier,"Le Comtal Ouest - Route d'Espalion, 12850, Onet-le-Château",http://www.passaga-immobilier.com/
933823247,PASSIO IMMO,"68 Rue du Docteur Boutin, 44190, Clisson",http://www.passio-immo.fr/
490990108,PASSIONIMMO,"43 RUE PIERRE PAUL RIQUET, 31000, Toulouse",http://www.passionimmo.com/
929380285,PATP L'AGENCE,"15, rue de Prony, 92600, Asnières-sur-Seine",http://www.100pour100immo.com/
881984066,PATR'IMMONIAL,"31 Place de l'Église, 74330, Poisy",http://www.patrimmonial.fr/
538613001,Patrice Besse,"7 RUE CHOMEL, 75007, PARIS",http://www.patrice-besse.com/
829003466,Patrice Navarro,"---, 07130, ST PERAY",http://patricenavarroimmobilier.fr/
805382694,Patricia Gomez Immobilier,"11 PLACE CARNOT, 81100, Castres",https://www.patriciagomezimmobilier.com/
832164354,Patrim And Co,"149 Avenue Antoine De Saint-Exupery, 31400, Toulouse",https://www.patrimandco.fr/
753544766,PATRIMMOGEST,"""L'Opaline"" 1er étage 57 Rue du Rival, 42210, Montrond-les-Bains",https://www.patrimmogest.fr/
893773424,Patrimoine & Entreprises,"2 Allée Jules Verne 1er étage à droite Immeuble Sextant, 56610, Arradon",https://www.patrimoine-entreprises.fr/
441826781,PATRIMOINE & IMMOBILIER,"21 Cr Edouard Vaillant, 33300, BORDEAUX",http://www.patimmo.com/
839981354,PATRIMOINE & VOUS,"9 Avenue Roger, 94500, Champigny-sur-Marne",https://www.patrimoineetvous-immo.com/
502523624,PATRIMOINE ET HABITAT,"55 Av. Georges Pompidou, 30900, Nîmes",https://www.patrimoinehabitat.com/
919435735,Patrimoine IMMO,"1 Rue de la Charmoie, 72500, Flée",https://www.patrimoineimmo-cgp.fr/
419570726,PATRIMOINE IMMOBILIER,"Immeuble LE SOMMET, Angle des rues Forest et Fulton, Z.I. Jarry, 97122, Baie-Mahault",http://www.patrimoine971.com/
843954454,Patrimoine Immobilier,"3 AVENUE RENE LAENNEC, 72000, LE MANS",https://patrimoineimmobilier-lemans.com/
550802771,PATRIMOINE LANGUEDOCIENNE SA H L M,"5 place de la pergola TSA 90063 cedex 4, 31000, TOULOUSE",https://www.sa-patrimoine.com/
852504034,Patrimoine Occitan,"3 galerie du Midi, 31250, Revel",https://www.patrimoine-occitan.fr/fr
433232113,PATRIMOINE PASTEUR,"9 RUE PASTEUR, 05000, Gap",https://www.patrimoine-pasteur.fr/
919764985,PATRIMOINE RENTABLE,"8 Rue Abel, 75012, Paris",https://www.patrimoinerentable.fr/
901534479,PATRIMOINE SIX SIGMA,"227 ROUTE DE BLAGNAC, 31700, Blagnac",http://www.patrimoinesixsigma.com/
978686095,Patrimonia,,http://www.patrimoniaconseils.fr/
491776902,PATRIMONIO,"2 PLACE DU LIORAN, 31770, COLOMIERS",https://immobilier-colomiers.nestenn.com/
821838091,PATRIMONYA,"7 Boulevard Saint Jean, 13010, Marseille",https://patrimonya.fr/
852578087,PATTYN Anne-Pascale,"-------------, 01390, Civrieux",https://www.reseau-expertimo.fr/1779-mandataire/1
095780219,PAU BEARN HABITAT,"14 RUE GAMBETTA, 64000, Pau",http://www.paubearnhabitat.fr/
478682552,PAUL CLAPPE IMMOBILIER,"14 AVENUE GEORGES BERT, 26260, SAINT DONAT SUR L’HERBASSE",http://www.paulclappeimmobilier.com/
890550387,Paul et Stéphane LAPIGNADA,"----------, 33510, ANDERNOS LES BAINS",http://www.pignada-immobilier.fr/
891460651,PAULME IMMO,"-----------, 01710, THOIRY",https://www.paulme.immo/
978375368,PAVILLON,"1 Avenue de l'Enclos, 31120, Portet-sur-Garonne",https://pavillon-groupe.fr/
829963032,Pavillons des Alpes,"Avenue Jean Jaurès - Espace Savoyard - ZA La Baronnie, 73330, Le Pont-de-Beauvoisin",http://www.pavillonsdesalpes.fr/
319569844,PAVILLONS PAROT,"1 Rue du Président Carnot, 52100, Saint-Dizier",https://www.pavillons-parot.fr/
477280879,Pavinor,"69 rue Pierre Catteau, 59150, Wattrelos",http://pavinor.com/
987642048,PAVLOVA IMMOBILIER,"48 RUE ANNA PAVLOVA, 34000, Montpellier",http://pavlova-immobilier.fr/
490607967,Pays de l'Ain Immobilier,"8 faubourg de Lyon, 01120, Montluel",http://www.immobiliermontluel.com/
880513924,PAYS DES SORGUES IMMOBILIER P.S.I. Edith CHANSEL,"18 Chemin du Mourgon, 84250, Le Thor",http://www.paysdessorguesimmobilier.fr/
820921195,Pays Tarusate Immobilier,"3 Place Aristide Briand, 40400, Tartas",https://www.pays-tarusate-immobilier.com/
452267123,PBFI,"93 cours du Général Leclerc,, 33210, Langon",http://www.pbfi-immo.com/
879425106,PC IMMOBILIER,"11 Route départementale 605, 77115, Sivry-Courtry",https://www.pcimmobilier.com/
605720531,PEAK CHEVALLIER IMMOBILIER,"37 place balmat, 74400, Chamonix-Mont-Blanc",https://peakimmobilier.com/agence-immobiliere-chamonix/
522265065,PECLERS IMMOBILIER,"9 RUE HERVET, 92500, Rueil-Malmaison",http://www.peclersimmobilier.fr/
884454505,PECRIAUX Bastien,"1 rue canon d'or belfort, 90000, Belfort",https://immoko.fr/
948056866,PEIRO IMMOBILIER,"9 rue de Condé, 33000, Bordeaux",https://www.peiro-immobilier.com/
518808118,PELIMMO EYGUIERES,"14 PLACE THIERS, 13430, Eyguières",http://www.pelimmo.com/agence-immobiliere/eyguieres-13430/pelimmo-eyguieres/410253.htm%20Type%20offre%20Boutique
751758236,PENN AR BED IMMOBILIER,"12 RUE DES ECOLES, 29810, Plouarzel",https://www.pennarbed-immobilier.fr/
897614210,Penn Ar Immo - Patricia BERGOT,"---, 29460, Daoulas",http://www.pennarimmo.fr/
445207756,PENN IMMOBILIER - VITRE,"2 RUE DE BREST, 35500, VITRE",http://www.penn-immobilier.com/
881833263,PEPITE IMMOBILIER,"16 RUE SAVORGNAN DE BRAZZA, 33520, Bruges",http://www.pepiteimmobilier.com/
901611301,Perfect'IMM - Marie BIDOT Immobilier Grenoble,"2 Allée du fil de l’eau, 38800, Champagnier",http://www.perfectimm.fr/
839675436,Perform Immobilier - ILLKIRCH-GRAFFENSTADEN,"18 ROUTE D'ESCHAU, 67400, Illkirch-Graffenstaden",https://www.performimmobilier.fr/
899004196,Perform'Transaction,"113 avenue de la république, 38130, Echirolles",http://www.performtransaction.fr/
882227465,PERFORMANCE IMMOBILIER,"250 Avenue de Strasbourg, 54000, Nancy",http://performance-immobilier-nancy.fr/
982272536,PERGENT IMMOBILIER,"43 avenue de la marne, 08000, la francheville",https://www.pergent-immobilier.com/
333098713,PERION IMMOBILIER,"46 Quai de Cricklade, 44240, Sucé-Sur-Erdre",http://www.perion-immobilier.com/
381203470,PERION REALISATIONS,"6 rue de Thessalie, BP 4439, 44240, La Chapelle Sur Erdre",https://www.perion-realisations.com/
488018425,PERL IMMO,"40 Boulevard Jean Jaurès, 54510, Tomblaine",http://www.perlimmo.com/
452065832,PERLE DU SEMNOZ,"4, PLACE DE L HOTEL DE VILLE, 74600, Seynod",https://perledusemnoz.fr/
445069990,PERQUIN IMMOBILIER,"50 AVENUE ALBERT 1ER, 57100, THIONVILLE",http://www.perquin.fr/
532476488,PERSINI Yves,"-------------, 13170, LES PENNES MIRABEAU",http://reseau-expertimo.fr/1185/-agent-persini/
382948180,PERSPECTIVE,"2 Rue des Coquelicots, 67204, Achenheim",https://www.perspective-immobilier.com/
840298202,PERSPECTIVE IMMOBILIER,"20 Rue du Fierney, Pregnin, 01630, Saint Genis Pouilly",http://www.immo-perspective.com/
929156289,PERSPECTIVE IMMOBILIER,,https://www.perspective-limmobilier.fr/
808403778,PERSPECTIVES IMMOBILIER,"7 PLACE DU PALAIS DE JUSTICE, 42000, Saint-Etienne",https://www.perspectivesimmobilier.fr/
494626021,PESCALUNE IMMOBILIER,"2 QUAI VOLTAIRE, 34400, LUNEL",https://www.pescaluneimmo.com/
849547005,PETAT IMMOBILIER,"5 place saint firmin, 45190, Beaugency",http://www.petatimmobilier.fr/
460201478,PETGES ET DUFRANC,"3 RUE DU PAS SAINT GEORGES, 33000, Bordeaux",https://www.immopetges-dufranc.com/
839736444,PETIT Immobilier Clermont de L'Oise et Mouy,"68 RUE DE LA RÉPUBLIQUE, 60600, Clermont",https://www.petitimmobilier.com/
918960576,PETITS & GRANDS ESPACES,"8 Rue Henri Harpignies, 59300, Famars",https://www.petitsetgrandsespaces.fr/
885214486,PETROVA INVESTISSEMENT IMMOBILIER,"30 rue Pastorelli, 06000, NICE",https://petrovainvestissement.com/fr/
789537198,PEYRANNE PROMOTION,"12, chemin de Charlane, 31530, Bretx",https://www.peyrannepromotion.com/
904646312,Peyre Immobilier,"115 rue Saint-Dominique, 75007, Paris",https://www.peyreimmobilier.com/
482508942,PG IMMOBILIER,"2 RUE GENEVIEVE ANTHONIOZ, 67200, STRASBOURG",http://www.pgimmobilier.fr/
827832288,philip immobilier,"14 rue portes du Moustier, 82000, Montauban",https://www.philip-immobilier.com/fr
930603618,Philippe Bonnet Immo,"13 Avenue Général Gallieni, 31440, Saint-Béat-Lez",http://philippe-bonnet-immo.fr/
447869991,PHILIPPE BROCHARD IMMOBILIER,"29 RUE HERVE DE MAREUIL, 85320, Mareuil-sur-Lay-Dissais",http://www.brochard-immobilier.com/
913226833,PHILIPPE Immobilier,"Lieu-Dit au Roty Intermarché, 38660, Le Touvet",http://www.philippeimmobilier.com/
848662136,PHILIPPERRET IMMOBILIER,,https://www.philipperret-immobilier.com/
523193324,PHL IMMOBILIER,"6 Promenade Charles Lamusse, 14000, Caen",http://www.phl-immobilier.fr/
945402691,PHOENIX FAURE IMMO,"53 B RUE DES CAPUCINS, 97434, Saint-Paul",https://www.pfimmo974.com/
898856067,PHOENIX IMMO,"28 Rue Carnot,, 64000, Pau",https://www.phoeniximmo.fr/
533764759,Phosphore Aménagement,"50 chemin de la lande, 69530, Brignais",http://www.phosphore-amenagement.fr/
887687788,Phygital.immo Agence au Forfait Fixe,"21 avenue Docteur Dautheville, 06160, Juan-les-Pins",http://www.phygital.immo/
929519999,Phénix Immo,"8 route de concyr, 45100, Orléans",http://immo.phenixhabitat.com/
818575201,PIAGET IMMOBILIER,"287 AVENUE DES COTES DU RHONE, 26790, Suze-la-Rousse",http://www.piaget-immobilier.com/
944194026,PIANA IMMOBILIER,"152 ROUTE NATIONALE, 13790, Rousset",https://www.piana-immobilier.fr/
481508323,PIC VERT IMMOBILIER,"7, rue de Berbis, 21130, Auxonne",http://www.picvertimmobilier.com/
509717997,PICTAVE IMMO,"3 RUE PIERRE MOYON, 86600, Lusignan",http://www.pictave-immo.com/
817496367,PICTURE IMMOBILIER,"5 avenue de l'Europe, 13760, Saint-Cannat",http://www.pictureimmo.com/
915104558,Pierre & Sens Developpement,"17 - 21 Rue Saint FIACRE, 75002, Paris",https://www.pierresens-developpement.com/
512734831,Pierre & Terre,"4 RUE DU MARECHAL LECLERC/ 80 Avenue Pasteur, 49400, Saumur/Angers",http://www.pierre-et-terre.fr/
485076350,PIERRE AZUR IMMOBILIER,"20 rue François Xavier Ruel, 11100, NARBONNE",http://www.pierreazur.fr/
381852888,Pierre BUOU,"-----------, 84460, Cheval-Blanc",https://www.reseau-expertimo.fr/1184-mandataire/1
499787695,PIERRE DE LUNE,"63 place de la Libération Le Bois d'Oingt, 69620, Val d'Oingt",http://www.property-partners.fr/
490112315,PIERRE DE TAILLE CONSEIL IMMOBILIER,"7 RUE DARU, 75008, Paris 08",http://www.pierredetailleimmobilier.com/
442609434,PIERRE DUBOIS IMMOBILIER,"41 rue du Général Patton, 54410, Laneuveville Devant Nancy",http://www.pierredubois-immo.com/
880888664,Pierre et Compagnie,,https://www.pierreetcompagnie.fr/
751073743,PIERRE ET PATRIMOINE,"9 Avenue de Virecourt, 33370, Artigues-près-Bordeaux",https://www.leboncoin.fr/boutique/7222108
979192150,PIERRE ET PATRIMOINE,"8 RUE MARIOGE, 34000, Montpellier",http://www.pierre-et-patrimoine.fr/
789251683,PIERRE IMMOBILIER,"105 PLACE DU GENERAL DE GAULLE, 80310, Picquigny",http://www.pierre-immobilier.fr/
842432809,PIERRE NOTARIANNI IMMOBILIER,"7 rue du Maréchal Leclerc, 59220, Denain",http://www.notarianni-immobilier.fr/
843510538,PIERRE O CARRE,"23 Siant Expedit, 97410, Saint-Pierre",https://www.pierreocarre.fr/
410111843,Pierre Olivier Glodas Immobilier,"10 avenue Jean Moulin, 34500, BEZIERS",https://www.gpo-immobilier.com/
700802242,PIERRE PASSION PROMOTION,"15 Rue Gabriel Péri, 31000, Toulouse",https://www.pierrepassion.fr/
523303071,PIERRE REVENTE,"13 RUE DES EMERAUDES - CS 90118 - CEDEX 06, 69452, Lyon",https://www.pierre-revente.com/listeProgrammes/all/all/all/all
912624954,PIERRE ROUEN IMMO,"67 RUE BEAUVOISINE, 76000, ROUEN",https://www.pierre-rouen-immobilier.fr/fr
893436311,PIERRE STRADAL,"1 BD PASTEUR, 07200, Aubenas",http://www.pierre-stradal.com/
489135285,PIERRE TRANSACTIONS,"8 BOULEVARD DE LATTRE DE TASSIGNY, 76170, Lillebonne",http://www.pierretransactions.fr/
510475437,Pierres & Territoires - Alsace,"11 RUE DU MARAIS VERT, 67000, Strasbourg",https://www.pierres-territoires-alsace.com/
431600428,PIERRES & TRADITION EN LUBERON IMMOBILIER,"503 Avenue Victor Hugo, 84400, Apt",https://pierrestradition.fr/fr/
394964498,PIERRES AU SOLEIL,"14 Place G Péri, 30100, Alès",https://pierresausoleil.fr/
478122682,PIERRES AU SOLEIL IMMOBILIER,"63 AVENUE JEAN JAURES, 34600, Bédarieux",https://www.pierres-au-soleil.com/
479595456,PIERRES DE BRETAGNE IMMOBILIER,"30 Rue Charles de Gaulle, 29820, Guilers",http://www.pierres-de-bretagne-immobilier.fr/
793109489,PIERRES DU GARD,"BATIMENT EUROPA PONT DES CHARRETTES, 30700, UZES",https://www.pierresdugard.com/
892152901,PIERRES DU NORD IMMOBILIER,"165 Avenue de la Marne, 59700, MARCQ-EN-BAROEUL",http://pierres-du-nord-immobilier.fr/
401505722,Pierres et Caractère Vendée,"26 Prom. de l'Amiral Lafargue, 85100, Les Sables-d'Olonne",https://www.pierres-caractere.fr/
501590723,PIERRES ET GESTION,"4 AVENUE DU PRESIDENT ROOSEVELT, 19100, Brive-La-Gaillarde",http://www.pierresetgestion.fr/
429543549,PIERRES ET TERRES,"9 AVENUE DE VIRECOURT, 33370, Artigues-Près-Bordeaux",https://www.pierresetterres.fr/
392186581,Pierres et Territoires de France,"34 rue Stanislas, 54000, NANCY",https://www.ptf-champagneardennelorraine.com/
844837310,PIERRES OCEANES IMMOBILIER,"2328 AVENUE DU QUARTIER NEUF, 40390, Saint-Martin-De-Seignanx",http://www.pierresoceanesimmobilier.fr/
480128867,PIERRES PASSION IMMOBILIER REMAX,"6 RUE DU GENERAL DE GAULLE, 33410, Cadillac",https://www.pierrespassion.fr/fr/
444180434,PIERREVAL,"1, rue Pierre et marie Curie, 22190, Plérin",http://www.pierreval.com/
501474951,PIERSOHOME,"3 AVENUE DU PRESIDENT AURIOL, 83980, Le Lavandou",https://www.piersohome.com/
831236724,PIETARI IMMOBILIER,"Clos de queyron, 33370, Tresses",http://pietari-immobilier.com/
917817066,PIETRAPOLIS,"18 QUAI DES MESSAGERIES, 71100, Chalon-sur-Saône",https://chalon.pietrapolis.fr/
310862974,PIGEAULT IMMOBILIER,"25 Rue de la Monnaie, 35000, Rennes",http://www.pigeaultimmobilier.com/
937579613,PIGNON SUR RUE,"7 Rue Marechal Joffre, 54700, Pont-à-Mousson",https://www.psrimmo.fr/
898066212,PILIMSTRA IMMOBILIER D'ENTREPRISE,"26 Rue des Vanneaux, 57155, Marly",https://www.pilimstra.com/asset-management
820633006,PIMS TRANSACTIONS,"4 rue Faure Belon, 42000, Saint-Étienne",http://www.pims-transactions.fr/
831111778,Pineau Immobilier - L'Agence Angevine,"18 Bd du Général de Gaulle, 49100, Angers",https://www.pineau-immobilier.com/
413940560,PINOY IMMOBILIER,"33 Grande Rue, 77940, Voulx",http://www.pinoy-immobilier.com/
537453052,PIRAINO,"142 RUE DU HAUT VINAGE, 59290, Wasquehal",http://www.piraino.fr/
788420883,PISANI IMMOBILIER,"2 rue du Capitaine Gosselin, 76280, GONNEVILLE LA MALLET",http://www.immobilier-pisani.fr/
938369832,PJ IMMO Jacquot Immobilier Père & Fille,"25 rue des Rossignols, 59250, Halluin",https://www.pj-immo.fr/fr
951267046,PJ REALESTATE,"2a place carnot, 54000, Nancy",https://www.pjr-immo.fr/
792741993,Place Privée,"11 PLACE DES VOSGES, 54000, NANCY",http://www.placeprivee-immobilier.com/
301126975,PLAISANCE IMMOBILIERE,"Les îles du ponant 2- 47 avenue du Lazaret, 17000, La Rochelle",http://www.la-rochelle-immobilier.com/
483078093,PLANET IMMOBILIER JUAN-LES-PINS,"19 rue St Honorat, 06160, Juan-les-Pins",https://www.planetimmobilier.com/
944391408,PLANIFIQUE IMMOBILIER,"160 Rue Georges de Mestral, 74160, Archamps",https://planifique-invest.com/
840867378,PLEIN SUD IMMO,"1605 route de Cannes, 06560, Valbonne",http://www.pleinsudimmo.com/
808261218,PLERIN IMMOBILIER,"1, rue Ville Hellio, 22190, PLERIN",http://www.plerin-immobilier.fr/
838457653,PLOTTON IMMOBILIER,"10-12 Rue Nicolas Chaize, 42100, Saint-Étienne",https://www.plotton-immobilier.fr/
793652553,PLOUFRAGAN IMMOBILIER,"3 RUE DE LA POSTE, 22440, PLOUFRAGAN",http://www.ploufragan-immobilier.fr/
951412949,Plume Immobilier,"8 rue Ernest De Lannoy, 62000, Arras",https://plume-immo.fr/
057506206,PLURALIS,"74 COURS BECQUART CASTELBON, 38500, Voiron",http://www.pluralis-habitat.fr/
504803339,PLURIEL IMMOBILIER,"6 RUE SAINTE MAURICE, 67000, Strasbourg",https://www.immo-pluriel.fr/
437887235,PLURIMMO,"17 chemin de Malacher, 38240, Meylan",https://www.plurimmo.fr/
407484310,PLUS IMMO,"1 RUE HAUTE, 74270, FRANGY",http://www.plusimmo.fr/
531549871,PLUS IMMO,"49 RUE JEANNE D ARC, 76000, Rouen",http://www.plus-immo-neuf.fr/
822352241,Plusurimmo,"8 chemin du haut Murget, 78380, Bougival",https://plusurimmo.fr/home-plusurimmo/
478024524,PM IMMOBILIER,"22 Rue de Stalingrad, 38100, Grenoble",http://www.pmimmobilier.net/
797507985,PM IMMOBILIER TRANSACTION,"70 BD CHAVE, 13005, Marseille",http://www.pm-immobilier.fr/
318670957,PNB IMMO,"4Bd Carnot, 10000, Troyes",https://www.pnbimmo.com/
498771633,POINAS IMMOBILIER,"21 BIS AVENUE DU FOREZ, 43110, Aurec-Sur-Loire",http://www.poinas-immobilier.com/
811882190,Poinsot Immobilier - Agence Immobilière Ancenis,"11 R DU BARON GEOFFROY, 44150, Ancenis",http://www.poinsot-immobilier.com/
795406651,Point Habitat RODEZ,"2 Bd Gally, 12000, RODEZ",http://www.pointhabitat-rodez.fr/
399983220,POINT IMMO,"32 AVENUE PAUL SIRVENT, 13380, Plan-De-Cuques",http://www.pointimmo.fr/
948719455,POINT IMMO,"1, Rue de Varsovie-Bourran, 12000, Rodez",http://www.pointimmo-pasturel.com/
402487359,POINT VERT Vert-le Grand,"5 B RUE DE LA CROIX BOISSEE, 91810, Vert-le-Grand",http://www.groupepointvert.fr/
943882068,Poitou Conseil Immobilier,"2 Rue Robert Turgot, 79000, Niort",https://poitouconseilimmobilier.fr/
489810994,Poitou-Terrains,"8 boulevard Maréchal de Lattre de Tassigny, 86000, Poitiers",https://www.poitou-terrains.com/
900130220,POLE HABITAT 66 - Agence immobilière - Aménageur,"81 Av. du Haut Vernet, 66430, Bompas",https://www.polehabitat66.com/
499224327,POLE IMMOBILIER,"46 Bis route de Bérardier, 38200, Jardin",http://www.pole-immobilier38.com/
511070401,POLE IMMOBILIER,"3 avenue de Melsungen, 28100, DREUX",http://www.pole-immobilier28.fr/
538563966,POLE IMMOBILIER,"96 Bis Bd Leroy, 14000, CAEN",http://www.pole-immobilier-caen.com/
793649161,POLE IMMOBILIER MUSSIPONTAIN,"28 RUE DE LA TREICHE, 54700, Pont-À-Mousson",http://www.polim.fr/
881108658,POLE SANTE MUSEUM,"102 RUE JEAN MOULIN, 69300, Caluire-et-Cuire",https://polesantemuseum.fr/nos-poles-sante/
443511944,POLGE IMMOBILIER,"34 RUE JEAN JAURES, 26190, Saint-Jean-En-Royans",http://www.api26.com/
434754701,POLIMMO PROMOTION,"5 avenue Léon Blum, 29000, Quimper",https://www.polimmo.fr/
405420159,Polygone SA,,http://www.polygone-sa.fr/
789741329,Polymmo,"730 Avenue Léopold Fabre, 38250, Lans-en-Vercors",http://www.agencepolymmo.fr/
100180272,POM - Propriétés Off Market,"50 Avenue des Champs-Élysées 75008 Paris Île-de-France France, 75008, Paris",http://www.pomimmo.fr/
808086540,Pompel Conseil Immobilier,"28 Quai de l'Astrée, 42600, Montbrison",https://pompelimmobilier.fr/
479253866,PONT CARDINAL IMMOBILIER,"38 AVENUE DE PARIS, 19100, BRIVE LA GAILLARDE",http://www.immobilier-brive.com/
509766341,PONT IMMOBILIER,"31 rue des trois journées, 30130, PONT SAINT ESPRIT",http://www.pontimmobilier.fr/
919480988,Pont Loup Immobilier,"45 avenue Jean Jaures, 77250, Moret-Loing-et-Orvanne",https://www.pontloupimmobilier.com/
333844769,PONTIM IMMO DE FRANCE,"12 RUE DE SALINS, 25300, Pontarlier",http://www.pontim.com/
845346261,PONTONX IMMOBILIER,"419, avenue Robert LABEYRIE, 40465, PONTONX SUR ADOUR",http://www.pontonximmobilier.com/
919083444,PORCHEFONTAINE IMMOBILIER,"8 Rue Coste, 78000, Versailles",http://www.porchefontaine-immobilier.fr/
833381593,PORQUEROLLES IMMOBILIER,"RUE DE LA DOUANE, 83400, Hyères",https://www.porquerolles-immobilier.fr/article-gestion.html
522005586,PORT IMMO,"7 AVENUE JEAN JAURES, 06800, CAGNES SUR MER",https://www.portimmo.com/
349620278,PORT LEUCATE IMMOBILIER,"1 CENTRE CIAL DU PORT BP 24, 11370, Leucate",http://www.portleucateimmobilier.com/
951004894,PORTAL GROUPE,"CHATEAU DE L OIZEROLLE, 21360, La Bussière-sur-Ouche",http://www.portalgroupe.fr/
838028785,PORTES IMMOBILIER,"50 BD EDOUARD ANDRIEU, 81000, ALBI",http://www.portes-immo.com/
938409927,PORTET IMMOBILIER,"16 RUE DU COMMERCE, 31120, PORTET SUR GARONNE",https://www.portetimmobilier.fr/
411642663,Portier Immobilier Antibes,"23 AVENUE ROBERT SOLEAU, 06600, Antibes",http://www.portierimmo.fr/
512711375,Poulpiquet Immobilier Nantes,"32 Rte de Sainte-Luce,, 44300, Nantes",https://www.poulpiquet-immobilier.fr/
894065341,"POUR VOUS, PARTICULIERS","127 Rue Jules Guesde, 59510, Hem",http://www.pourvousparticuliers.com/
901059543,Pourp'immo,"23 RUE DU MOURIER, 24100, Bergerac",http://www.pourprimmo.com/
824691539,"POURSINE IMMOBILIER, Les Transactions de l’océan","115 RUE PIERRE LOTI, 17300, Rochefort",http://www.poursine-immobilier.com/
432225449,POUTEAU Caroline,"-----, 91490, Milly La Foret",https://www.expert-immo-millylaforet.fr/
980623888,POUZOL IMMOBILIER,"36 RUE DU PETIT CLOS, 63000, Clermont-Ferrand",https://pouzolimmobilier.fr/
823890603,PRADES Sophie,"Chemin du Pont Rout, 13090, Aix-en-Provence",https://cezanne-et-toits.com/
380689331,PRADIMMO,"4 BOULEVARD EMILE SICARD, 13008, Marseille",http://www.pradimmo.com/
902643519,Pradines Immobilier - Agence immobilière à ECHALAS,"40 RUE JEAN ANTOINE FOISSON, 69700, Échalas",https://www.pradines-immobilier.fr/
499736551,PRAGOUT IMMOBILIER,"4 AVENUE DU 19 MARS 1962, 87230, Châlus",https://www.pragout-immo.fr/
420724569,PREFECTURE IMMOBILIER,"10 RUE BONNIER D ALCO, 34000, Montpellier",https://www.prefectureimmobilier.com/
849159405,PREMI'HOME IMMOBILIER,"2 Avenue de Carthage, 13100, Aix-en-Provence",http://www.premihome-immobilier.com/
924918212,Premier CHOIX Immobilier,,https://www.premierchoix.co/
481088888,PREMIERE AGENCE,"3 Rue Eugène Varlin, 34000, Montpellier",http://www.premiere-agence.com/
518258843,PREMIUM ESTATE,"17 Rue Vauban, 67000, Strasbourg",https://www.premiumestate.fr/
479505372,Premium Immobilier,"1 avenue Jules Ferry, 81300, Graulhet",https://www.premium-immo.com/
791044571,PREMIUM IMMOBILIER,"28 BIS AVENUE GENERAL DE GAULLE, 66240, Saint-Estève",http://www.premium66immobilier.com/
508591567,PREMIUM IMMOBILIER OI,"11 RUE RUISSEAU DES NOIRS APPT N 1 RESID DELPHIS A, 97400, Saint Denis",http://www.premiumioi.fr/
532125788,PREMIUM IMMOBILIER TRANSACTION,"12 AVENUE MARECHAL RANDON, 38000, Grenoble",http://www.premiumimmobilier.net/
528146913,PREMIUM Promotion,"9, PLACE DE LA LIBERTE, 67240, Bischwiller",http://premiumpromotion.fr/
921436200,PREMIUM RETAIL TRANSACTIONS,"28, rue Galilée, 75016, Paris",https://premium-retail.fr/
819182098,PRESTANT LUXURY REALTY,"2 Rue de la Maison Suisse, 64200, BIARRITZ",http://www.prestant.com/
353824873,Prestig'immo,"4 Place des Terreaux, 69001, Lyon",https://www.prestig-immo.net/
921843868,PRESTIGE CONTACT IMMO,"34 TRA DE LA LISE, 13012, Marseille",https://prestigecontactimmo.fr/
815222906,PRESTIGE IMMOBILIER,"01 rue de Bourgogne, 59140, Dunkerque",https://www.prestigeimmobilierdunkerque.com/fr
852122290,PRESTIGE TRANSACTION,"20 Rue de Strasbourg, 38000, Grenoble",https://www.prestige-transaction.fr/
421210816,PRESTIGE&CHATEAUX STE CECILE LES VIGNES,"4, cours du Portalet, 84290, Sainte-Cécile-Les-Vignes",http://www.saintececile.prestigechateaux.com/
532102647,PRESTIGIA IMMOBILIER,"91 rue Du mont d'Arène, 51100, Reims",https://www.prestigiaimmobilier.fr/transaction/
521196246,Presto Promotion,"16 Rue Isaac Newton, 18000, Bourges",https://www.prestopromotion.fr/
829265446,PREUX IMMOBILIER,"24 AVENUE BERTHOLLET, 74000, Annecy",http://www.preuximmobilier.fr/
477593768,primera développement,"95 BOULEVARD CARNOT, 59800, LILLE",http://www.primadev.fr/
814090338,PRIMMO,"122 ALLEES DE CRAPONNE, 13300, SALON DE PROVENCE",http://www.primmo-salon.fr/
941812935,PRIMMO CAPITAL,"99 Quai du Docteur Dervaux, 92600, Asnières-sur-Seine",http://www.primmocapital.fr/
341668911,PRIMMO FLASH,"13 AVENUE PRÉSIDENT ROOSEVELT, 93300, Aubervilliers",http://www.primmo-flash.fr/a-propos-de-nous/
339708430,PRIMMO NEUVILLE,"2 Rue Pierre Dugelay, 69250, Neuville-sur-Saône",http://www.agence-primmo.com/
353215791,Primogest - Atout Gestion,"23 Rue Maryse Bastié, 69500, Bron",https://www.primogest.fr/fr
434530663,Prisma Immobilier Avrillé Val d'Or,"2 Avenue du Commandant Mesnard, 49240, Avrillé",https://www.prisma-immobilier.fr/
891619983,PRISMO,"-----------, 22580, PLOUHA",http://www.prismo.bzh/
929338341,PRISS'IMMO,"1 allée du Bicetre, 80000, Amiens",http://www.prissimmo.fr/
909467532,PRIVILEGE IMMO,"51 rue de la république, 89100, Sens",https://privilegeimmo.fr/
880967773,PRIVILEGE IMMOBILIER & CONSEIL,"18 Avenue Felix Faure, 69007, Lyon",http://privilegeimmoconseil.com/
801450552,PRO - IMMO,"ESPACE COMMERCIAL CAP SUD RUE DU VIEUX LAVOIR, 66570, Saint-Nazaire",http://www.pro-immo66.fr/
883216988,PRO DEAL TRANSACTION,"Trux, 69330, Meyzieu",https://www.prodeal-transaction.fr/
979763794,PRO G IMMO,"145 Ter Rue Augustin Archambaud, 97410, Saint-Pierre",https://www.progimmo.re/
334346921,PRO IMMO,"1 RUE DE L'HOTEL DE VILLE 63110 BEAUMONT, 63110, Beaumont",http://www.proimmo.fr/
821869617,PRO IMMO PROVENCE,"Rond Point du Golf de Pont Royal, RN7, 13370, Mallemort",http://www.proimmoprovence.fr/
810820803,Prodeom Immobilier Neuf,"1025 avenue Henri Becquerel, Parc Club du Millénaire bât 31, 34000 Montpellier, 34000, Montpellier",http://www.prodeom-immobilier.com/
520468653,Profil Immo,"12 rue joseph bertola, 01200, Valserhône",https://www.profilimmo.fr/
801186784,PROFIL IMMOBILIER,"23 rue Marcel Mauméjean, 34590, MARSILLARGUES",http://www.profil-immobilier.fr/
483639266,PROGEST,"96 avenue du Pont Juvénal, 34000, Montpellier",http://www.progest34.fr/
894568245,Progress immobilier Agence Immobilière,"40 AV DE LA PLAGE, 62155, MERLIMONT",https://progressimmobilier.fr/
445275779,Progressia Immobilier,"87 quai Colbert, 76600, Le Havre",https://www.progressia-immobilier.fr/
953179470,Projed'Immo,"14 Rue de la République, 42390, Villars",https://projedimmo.fr/fr/
501825871,PROJET IMMO,"38 rue des Santolines, 34270, LES MATELLES",http://www.projetimmo34.com/
503210403,PROJET IMMO,"10 Avenue Clément Monnier, 13960, Sausset-les-Pins",http://www.projet-immo.com/
953489341,PROJET IMMO,"33 PLACE GODARD DES VAUX, 76110, Goderville",http://www.projetimmo76110.fr/
790558753,PROJET IMMO VICHY,"15 RUE DU RIVAGE, 03200, Vichy",http://www.projetimmo-vichy.fr/
834600595,ProjetLocatif,"1025, avenue Henri-Becquerel, 34000, Montpellier",https://projetlocatif.fr/
814546255,PROLOCAUX,"57 AVENUE DE BRETAGNE, 76100, Rouen",http://www.prolocaux.fr/
819763285,PROM-S,"19b rue de la République, 69740, Genas",http://www.prom-s.net/
803205624,PROMECIA,"6 rue des Consuls, 34970, LATTES",http://promecia.fr/
489305854,PROMETHEE,"1014 Chemin des Roches, 83110, Sanary-sur-Mer",http://www.promethee-immo.com/
884288523,PROMETHEE TRANSACTION,"1014 chemin des Roches, 83110, Sanary-sur-Mer",http://www.promethee-transaction.com/
351556451,PROMO EST IMMOBILIERE,"Route Nationale 2 Bourbier les Bas, 97470, Saint-Benoît",https://promo-est-immobilier.fr/
412010977,PROMO OUEST IMMOBILIER,"29 Quai Chateaubriand, 35000, Rennes",https://promo-ouest-immobilier.com/
477929996,Promoca,"1952 Rte des Pugets, 06700 Saint-Laurent-du-Var, France",http://www.promoca.fr/
381082072,Promomidi,"13 Rue Paul Mesplé bp 24757, 31100 Toulouse, France",https://promomidi.com/
819794850,PROMOTEAM,"148 Route de la Plagne, 74110, Morzine",https://www.promoteam.fr/nos-programmes/
306267832,PROMOTION 2000,"744 Rue de la République, 38290, La Verpillière",https://www.c-immobilier.com/
400327995,PROMOVAL,"45 CHEMIN DU MOULIN CARRON, 69570, Dardilly",https://www.promoval.fr/
534137120,PROMPT'IMMO,"14 RUE KELLER, 75011, Paris",http://www.promptimmo.fr/
928199223,PROMUP,"121 Rue d'Aguesseau, 92100, Boulogne-Billancourt",http://promup.com/
998961924,PROPERTIES HYERES,"12 Avenue des Îles d'Or, 83400, Hyères",http://www.properties-agency.com/
907518906,PROPRIETE NORMANDE,"5 rue de la place de la ville, 27500, Pont-Audemer",http://www.propriete-normande.fr/
980951339,PROPRIETES COTE SUD,"10 place de la poste, 30131, Pujaut",https://proprietescotesud.com/fr/
887758092,PROPRIO ACCESS,"4 IMPASSE DU GENERAL KELLERMANN, 57360, Amnéville",https://proprio-access.fr/
887579662,Proprium,"26 rue de Londres, 75009, Paris",https://proprium.expert/
828906081,PropriUp,"30 AVENUE DE NIMES, 07300, Tournon-Sur-Rhône",https://www.propriup.fr/
998956494,PROPRIZEN,"6 Rue d'Entraigues, 37000, Tours",https://proprizen-immo.com/
493811178,PROSPECT IMMO,"1 rue du colombier, 12310, Laissac-Sévérac l'Église",http://www.prospect-immo.fr/
514271865,PROST Immobilier,"90 Pl. du Marché, 01320, Chalamont",http://www.immobilierdombes.com/
493902142,PROTERAM,"27 RUE PAUL DUBRULE, 59810, Lesquin",https://proteram.fr/
438302044,PROUDREED,"7 RUE DE L AMIRAL D ESTAING, 75116, PARIS",http://www.proudreed.com/
529774358,PROVENCE CONSEIL IMMOBILIER - AGENCE PCI,"57 rue d'Italie, 13100, Aix-En-Provence",http://www.provence-conseil-immobilier.com/
900565193,PROVENCE REAL ESTATE,"320 avenue du prado, 13008, Marseille",http://www.provencerealestate-france.com/
404085169,PROVENCIA,"13 rue des électriciens, 13012, Marseille",https://www.provencia-immobilier.com/
899778625,PROVENSA IMMOBILIER,"10 impasse Pierre de Coubertin, 13380, Roquefort-la-Bédoule",https://www.provensa.immo/
849416045,PROVIMO,"11 rue henri chevalier, 55000, L'Isle-en-Rigault",https://www.provimo.fr/fr
995245826,Prox-immo,"1 Impasse des Longoses, 97432, Saint-Pierre",http://www.prox-immo.re/
442274544,PROXIMMO IMMOBILIER DERVAL,"2 PLACE BON ACCUEIL, 44590, Derval",http://www.proximmo-immobilier.com/
940834021,PROXIMO,"1 AVENUE DE L'ESPERANCE, 90000, Belfort",https://www.proximo-immobilier.fr/
834592743,Prudenzia Immobilier S.a.r.l.,,https://www.prudenzia-immobilier.com/
402585087,Pruès Immobilier - Agence Immobilière Poitiers,"43 RUE DE LA MARNE, 86000, POITIERS",http://www.cabinet-prues.fr/
893531863,PRYSM IMMOBILIER,"9 ALLEE ANNE FRANK, 35830, BETTON",http://www.prysm-immobilier.fr/
819331091,PUIG IMMOBILIER,"9 RUE SAINTE CLAIRE, 87000, Limoges",http://www.puig.immo/
529329617,PULLMANN Immobilier,"108 Boulevard de Castelnau, 85100, Les Sables-d'Olonne",http://www.pullmann-immobilier.com/
498310689,PULP IMMOBILIER,"1 Boulevard Robert Schuman 62000 Arras, 62000, Arras",http://www.pulp-immobilier.fr/
884181207,PULSAR IMMOBILIER,"171 Route de Thizy, 69870, Grandris",http://www.pulsarimmo.fr/
990031577,PUR IMMOBILIER,"6 RUE DU PARC, 74100, Annemasse",http://www.purimmobilier.fr/
448988691,PY IMMOBILIER,"88 BIS AVENUE DE LA REPUBLIQUE, 70200, Lure",http://www.py-immobilier.fr/
515129922,PYB SERVICES IMMOBILIER,"4 RUE DU PUITS BRAY, 60260, Lamorlaye",http://www.pybimmo.com/
822265864,Pygmalion immobilier,"8 Chem. de la Chauderaie, 69340 Francheville, France",http://pygmalyon.immo/
802426734,PYRAMID IMMOBILIER,"74 Rue de Chanzy, 51100, Reims",https://pyramid-immobilier.com/
449213750,PYRAMIDE IMMOBILIER,"1 Rue des Orfèvres, 67000, Strasbourg",https://www.pyramideimmobilier.fr/
913786653,Pèira Immobilier,,http://www.peiraimmobilier.fr/
884498049,PÉGASE PATRIMOINE,"55 avenue Marceau, 75016, Paris",https://pegasepatrimoine.com/
840282925,Pépite Urbaine Nantes - Investissement locatif,"7 Rue Auguste Brizeux,, 44000, Nantes",https://pepite-urbaine.com/
978308211,Pévèle Vente Location PVL Immobilier,"63A Grande rue, 59780, Camphin-en-Pévèle",http://pvl-immobilier.fr/
840139430,Pôle Immo,"85 Avenue Henri Barbusse, 93150, Le Blanc-Mesnil",https://www.dbpoleimmobilier.fr/
794759886,Qalipsé Patrimoine,"8 Avenue des Ternes, 75017 Paris France, 75017, Paris",https://qalipse.com/construire-votre-patrimoine/
931174924,Qasa immobilier,"228 rue breuteil, 13006, Marseille",https://www.qasa-immobilier.fr/
792805855,QAZA IMMOBILIER,"79 RUE NATIONALE, 62290, Noeux-Les-Mines",http://www.qaza.fr/
989240262,QG IMMO,"16 rue du Danemark, 59100, Roubaix",https://www.qgimmo.fr/
948209598,QORIDOR,"740 Avenue des Apothicaires, 34090, Montpellier",https://qoridor.fr/
823274493,qovop immobilier,"Avenue de la rotonde, 17440, Aytré",http://www.qovop-immobilier.fr/
813104254,QUADRAN IMMOBILIER,"167 rue du Musée, 97424, SAINT-LEU",https://www.quadran-immobilier.com/quadran-bareme-honoraires.pdf
800596124,QUADRANCE IMMOBILIER AGENCE REIMS,"32 RUE CERES, 51100, Reims",http://www.quadrance-immobilier.fr/
909829111,Quadrea Immobilier,"8 bis chemin des sourdes, 31620, Labastide-Saint-Sernin",https://www.quadrea-immobilier.fr/
494266257,QUADRIGIMMO,"24 Rue Porte de France, 30900, Nîmes",http://www.quadrigimmo.com/
914606538,QUADRIMM,"1321 avenue de la pompignane, 34000, MONTPELLIER",https://www.quadrimm.com/
523555860,Qualit'Immo,"20 Avenue de Bourran, 12000, rodez",https://qualit-immo.fr/
905363461,QUALITY HOME BY BARBARA,"31 Allée des Pelouses d'Ascot, 33270, Bouliac",https://qualityhome.immo/
801183666,QUARTIER PRIVÉ,"-------------, 75012, PARIS",https://www.reseau-expertimo.fr/
901429688,QUARTO,"9 RUE CLEMENT ADER, 68127, SAINTE-CROIX-EN-PLAINE",https://www.quarto-immo.fr/programme/bellis/
821143039,QUARTUS RESIDENTIEL,"À l'attention du service communication digitale1-3-5 rue Paul Cézanne, 75008, PARIS 08",https://www.quartus-residentiel.fr/?utm_source=leboncoin&utm_medium=referal&utm_campaign=page_pro
500966551,QUARTZ IMMOBILIER,"14, rue Victor Hugo, 71000, MACON",https://www.quartz-immobilier.com/
947958872,Quatuor,"66 Rue Cuvier, 69006, Lyon",http://www.quatuor.immo/
843632076,Que des Belles Maisons,"3 PL DE LA REPUBLIQUE, 49320, Brissac Loire Aubance",https://quedesbellesmaisons.fr/
491215356,QUENTIMMO,"10 PLACE DU 8 OCTOBRE, 02100, Saint-Quentin",http://www.quentimmo.fr/
914905963,Quentin Gallot Immobilier,"52 Rue Saint-Michel, 59122, Killem",https://www.quentin-gallot-immobilier.fr/
992346932,QUERCY LOT IMMOBILIER,"9 RUE DE LA REPUBLIQUE, 46400, SAINT CERE",http://www.quercylotimmo.com/
788909463,QUINT IMMOBILIER,"7 RUE ARMAND DUPORTAL, 31460, CARAMAN",https://www.quint-immobilier.com/vente/1
792894743,QUOI DE NEUF IMMOBILIER,"11 RUE PAUL EMILE VICTOR LES PERSPECTIVES DU LAC IV, 17000, La Rochelle",https://quoideneufimmobilier.fr/
832100341,QUORNER,"36 rue de l'intendance, 83600, Fréjus",https://www.quorner.com/
522987635,Qwartz immobilier,"9 place Notre Dame, 56260, Larmor-Plage",https://www.qwartz-immobilier.fr/
918516444,R B IMMO,"------------, 59128, Flers-en-Escrebieux",https://www.rb-immo.fr/
504246737,R ET B IMMOBILIER,"48 RUE MAURICE JOUET, 78340, Les Clayes-sous-Bois",http://www.rbimmobilier.com/
821445020,R IMMO,"Les Académies Aixoises, 75 Rue Paul Sabatier, Aix-en-Provence, 13090, Aix-en-Provence",http://www.r-immo.com/
828234922,R IMMOBILIER HERAULT,,http://www.r-immobilierpro.com/
989997473,R&A Conseils et Patrimoine,"23 Rue Desbiey, 33000, Bordeaux",http://racp.fr/
951914332,R.Immo34,"av. du president Wilson, 34500, Béziers",http://www.rimmo34.com/
480819986,R2I,"20 bis rue Julien, 69003, Lyon",http://www.immobilier-r2i.fr/
528862287,RACINE IMMOBILIER,"--------, 06130, Grasse",http://www.terrain-ecohabitat.com/
343826319,RAMBAUD IMMOBILIER,"227 RUE DE LA LIBERATION -BP 116, 73300, Saint-Jean-De-Maurienne",http://www.rambaud.immo/
344329933,RAMOS IMMOBILIER,"10, Avenue de saint Georges, 89000, Auxerre",http://www.agencesramos.com/
335188033,Rampa Réalisations,"3 ZI Rhône Vallée Nord, 07250, Le Pouzin",https://www.rampa-realisations.fr/
828451179,RANCE IMMO,"9 ROUTE LYVET LA CROIX REGIS, 22690, La Vicomté-Sur-Rance",http://rance-immo.com/
504936790,RAP Immobilier,"58 Avenue de la libération, 73600, Moûtiers",https://www.rap-immobilier.com/fr
522866011,Raphaël Immo,"32 ALLEE DE LA ROBERTSAU, 67200, Strasbourg",https://www.raphaelimmo.com/
988045845,RAYMOND IMMOBILIER,"53 RUE BLATIN, 63000, Clermont-Ferrand",https://www.raymond-immobilier.fr/
319558102,RAYMOND RAYNAL,"16 Rue de la Gare, 15000, Aurillac",http://www.constructeur-maison-cantal.com/
512735739,RB CONSEILS,"8 Allée des Althéas, 93340, LE RAINCY",https://rbimmobilier-leraincy.fr/fr/
909023400,RB IMMO,"9 rue Saint Saens, 29200, Brest",https://www.rb-immobilier.fr/
985001023,RC IMMOBILIER & CONSULTING,"16, Place des Ducs de Bourgogne, 21000, Dijon",https://www.rc-immobilier.com/
940981129,RCH Immo,"3920 route de la Viallière, 38780, Septème",https://rch-immo.com/
911239390,RCH IMMOBILIER MERE GAMBAIS,"43 AVENUE DU GENERAL DE GAULLE, 78490, Méré",https://rchimmobilier.com/
507393452,RCI Immobilier,"1 AVENUE DE LA GARE, 43130, Retournac",http://www.rci-immobilier.fr/
810544569,RD IMMO,"Clos Chatelagne, 79 B Rue de Menin, 59700, Marcq-en-Baroeul",http://www.rdimmo.fr/
479696767,REAL 31 HOUILLES,"3 PLACE MICHELET, 78800, Houilles",http://www.real31.fr/
795338821,REAL EXPERT,"10 Rue de Penthièvre, 75008, Paris",http://www.realexpert.fr/
814589271,REAL'SUD IMMOBILIER,"565 AVENUE DU PRADO, 13008, Marseille",http://www.realsudimmobilier.fr/
988966099,REALESTY,"30 Avenue Maréchal Foch, Bureau 3,, 69006, Lyon",https://realesty.fr/
804259497,REALTY'Z,"54 Rue Saint-Lazare, 75009, Paris",https://www.realtyz.fr/
828478677,REALTYSSIMMO,"CAP ESTEREL - Rue des Calanques, 83530, AGAY - Saint-Raphaël",http://www.realtyssimmo.com/
840159099,REBERGA IMMOBILIER,"3 RUE CORMOULS HOULES, 81200, Mazamet",http://www.reberga-immobilier.com/
833813199,RECHERCHE-MAISONS.COM,"AVENUE DU 19 MARS 1962 ZONE ARTISANALE DU PUJOL LOT B3, 13390, Auriol",http://www.recherche-maisons.com/fr/
530864206,Recherches&Biens,"196 RUE GAMBETTA - Tourlaville, 50110, Cherbourg-en-Cotentin",http://www.recherchesetbiens.com/
837556703,RED IMMOBILIER COTE BASQUE LANDES,"24 Bd Marcel Dassault, 64200, Biarritz",https://red.immo/
487911554,Redouté Immobilier,"37 avenue hoche, 51100, Reims",https://www.redoute-immobilier.fr/
999848005,REEL IMMOBILIER,"25 avenue de l'Yser, 32000, Auch",https://www.reelimmobilier.com/
504404468,REFERENCE IMMOBILIER,"61 RUE DU DOCTEUR ESCAT, 13006, Marseille",http://www.reference-immo.fr/
893870527,REFERENS,"12b Rue des Hérons, 67960, Entzheim",https://referens-promotion.fr/
843738253,Reflex en s'home,"21 rue Lamarck, 80300, Albert",http://www.reflexenshome.fr/agence-2/
505123752,REGARD IMMOBILIER SARL,"12, rue des Alliés, 57410, Rohrbach-lès-Bitche",http://www.regard-immo.com/
979676749,Regent Alps - Christie's International Real Estate,"Le Nagano, 120 Rte du Front de Neige, 74260, Les Gets",http://www.regent-alps.com/
979382769,REGENT IMMOBILIER,"2 rue des filles dieu, 10000, Troyes",https://regentimmo.fr/fr/
830898102,REGI INVESTISSEMENT,"174 Avenue des Minimes, 31200, Toulouse",https://www.regi-investissement.fr/
912650645,REGIE BBC,"5 place St Michel, 38300, Bourgoin-Jallieu",https://regiebbc.fr/
443546486,REGIE BERTRAND-DEPAGNEUX,"22 RUE DE LA POSTE, 69220, Belleville-en-Beaujolais",http://www.regiebertrand.com/
499135275,REGIE BOUSCASSE,"15 Grande Rue de Vaise, 69009, Lyon",https://www.regiebouscasse.com/
890030182,REGIE CASTAN-MARCILLAT,"44 RUE HENON, 69004, Lyon",https://www.regiecm.com/
332507961,REGIE CHOMETTE,"5 COURS RICHARD VITTON, 69003, Lyon",http://www.chomette-immobilier.fr/
493417455,REGIE CONSEIL,"50 cours Romestang, 38200, VIENNE",https://www.regie-conseil.fr/
338074693,REGIE CROIX D'OR,"8 PL DE LA REPUBLIQUE, 26000, Valence",https://croixdorimmobilier.fr/
808682785,REGIE D'IMMEUBLES BEAUFARON,"44 AVENUE CHARLES DE GAULLE, 71400, Autun",http://www.locationautun.fr/
844080523,REGIE DES GONES,"16 RUE SAINT EUSEBE, 69003, Lyon",https://regiedesgones.fr/
500224076,REGIE DUPRONT,"31 AVENUE ALSACE LORRAINE, 38300, Bourgoin-Jallieu",https://www.dupront-immobilier.fr/
016750895,REGIE FONCIERE DIJON LOCATION,"9 BIS RUE DU TEMPLE, 21000, Dijon",http://www.regie-fonciere.net/index.php?lang=fr
749870044,REGIE FRANCOIS GOFFIN,"87 RUE DE SEZE, 69006, Lyon",http://www.regiegoffin.fr/
377650171,REGIE GASC BATTISTELLA IMMOBILIER,"3 PLACE DE LA CHAITE, 38460, Crémieu",http://www.rgb-immo.com/
403036684,REGIE GOUDARD-PATOT,"6 BD DE LA REPUBLIQUE, 07100, ANNONAY",https://www.goudard-patot.com/
072503022,REGIE IMMOBILIA VENTE,"5 boulevard Edouard Rey, 38000, Grenoble",https://www.regie-immobilia.com/
328234109,REGIE IMMOBILIERE DE VIENNE,"35 37 COURS BRILLIER, 38200, Vienne",http://www.riv.immo/
340269752,REGIE IMMOBILIERE DELAS,"200 ROUTE DE MARSEILLE, 26200, Montélimar",http://www.agence-delas.com/
957527716,REGIE JURON ET TRIPIER,"27 RUE DE BREST, 69002, Lyon",http://www.juron-tripier.fr/
300179363,REGIE MIALON,"49 AVENUE DES ETATS-UNIS, 63000, CLERMONT- FERRAND",http://www.regiemialon.com/
988011979,REGIE ROSÉLIE,"-------, 69140, Rilleux-la-Pape",https://regieroselie.fr/
853768109,REGIE SIMONET,"17 A RUE DE LA PRESSE, 42000, Saint-Étienne",https://www.regiesimonet.fr/
392794293,REIMS HABITAT,"71 AVENUE D EPERNAY, 51100, Reims",https://www.reims-habitat.fr/
450413422,REINA IMMOBILIER,"15 avenue de Saint Julien, 13012, Marseille",http://www.reinaimmo.com/
499518710,REITZ IMMOBILIER,"9 RUE CHARLES DE GAULLE, 60800, CREPY EN VALOIS",http://www.reitz-immobilier.fr/
792377871,RELAIS IMMO GESTION,"29 Rue du Logelbach, 68000, Colmar",https://www.relais-immo-gestion.com/
793232513,RELAXIMMO,"10 RUE BEYLE STENDHAL, 38640, Claix",http://www.relaximmo.fr/
751189119,RELIVE,"9 Rue de la Négresse, 64200, Biarritz",https://company50803nxm.netty.fr/
881703482,Rely'on Immobilier Aigrefeuille et Mons,"29 place du languedoc, 31280, Mons",http://www.relyon-immobilier.com/
482110103,Renel Legal Sirius Home,"99 boulevard Auguste Blanqui 75013 Paris, 75013, Paris",http://www.siriushome.fr/
821314556,RENNES IMMOBILIER,"88 rue St Hélier, 35000, Rennes",http://www.rennesimmobilier.com/
852682855,RENOIR ET VALORIS,"7 Place Saint-Epvre, 54000, Nancy",https://www.renoiretvaloris.com/
483877247,RENOULT CONSEIL IMMOBILIER,"22 PLACE VOLTAIRE, 76300, Sotteville-Lès-Rouen",http://www.renoultconseil.com/
853922045,RENOUVIER IMMOBILIER,"21 BOULEVARD RENOUVIER, 34000, Montpellier",https://www.renouvierimmobilier.com/
944501972,RENSON Madeleine,"------------, 54000, NANCY",http://www.barbasimmobilier.com/
883357741,Rent'immo,"143 Rue Paul Bellamy,, 44000, Nantes",https://www.rent-immo.fr/notre-agence/
900761461,RENTAL EXPERT IMMOBILIER,"8 Place de la Fontaine, 95000, Cergy",https://rental-expert.com/
910149798,Rentier & Co,"14 domaine des dix cailloux, 59253, LA GORGUE",https://www.rentierandco.com/
421947763,REPUBLIQUE IMMOBILIER,"102 AVENUE DE LA REPUBLIQUE, 52100, Saint-Dizier",http://repimmo-saintdiz.fr/
839121126,RESEAU BONAPARTE,"26 avenue Jean Kuntzmann, 38330, Montbonnot-Saint-Martin",http://www.bonaparte-artdevivre.com/
812601086,RESEAU IMMO ANGELS,"1025 AVENUE HENRI BECQUEREL10 PARC CLUB DU MILLENAIRE, 34000, Montpellier",http://www.immoangels.com/
894960236,RESERVOIR IMMO BEAUNE,"26 RUE DU FAUBOURG MADELEINE, 21200, BEAUNE",https://www.reservoirimmo.fr/
407555366,RESID'IMMOBILIER,"1 Rue de la Gabelle, 34300, AGDE",https://resid.agency.re/fr/
918056433,RESIDENCE U QUERCIU,"Immeuble Pasqualini - Casatorra, 20600, Furiani",http://www.corse-developpement-immobilier.com/programmes-neufs-promotions-immobilieres-corse-2-fr.html
518081682,RESO IMMOBILIER,"6 Place Jean Deffaugt, 74100, Annemasse",https://www.reso74.com/
788782837,RESOMIA IMMOBILIER,"8 AVENUE SAINT EXUPERY, 92320, Châtillon",https://www.resomia.com/
820591527,RESONANCE IMMOBILIERE,"20, avenue de Geneve, 74000, Annecy",http://www.resonance-immobiliere.com/
809993306,RETAIL PREMIUM,"95 Rue Saint-Georges, 54000, Nancy",http://www.retailpremium.fr/
985020957,REVALYS Consultant Immobilier,"24 rue Louis Blanc, 75010, Paris",http://www.revalys.eu/
813067287,REVE PROVENCAL IMMOBILIER,"12 PLACE DE LA LIBERTE, 83170, Tourves",http://www.reveprovencalimmobilier.com/
831671128,REVEDIMMO,"975 avenue corniche d'azur, 83370, Saint-Aygulf",https://www.agencerevedimmo.com/
802362749,REVERDIN IMMOBILIER,"12 rue des Poules, 67000, Strasbourg",https://www.reverdin-immobilier.com/
480511120,REVERMONT IMMOBILIER,"9 Rue Jérôme Lalande, 01250, Ceyzériat",http://www.revermontimmobilier.com/
789064722,REVOLIM,"143 AVENUE SAINT DOMINIQUE, 83700, Saint-Raphaël",http://www.revolim.com/
835108549,REYNAUD IMMOBILIER,"7, boulevard Gambetta, 34800, Clermont-l'Hérault",https://www.reynaud-immo.fr/
513451302,REZ-DE-CHAUSSEE.COM,"32 RUE PONCELET, 75017, PARIS 17",http://rez-de-chaussee.com/
951366632,REZANA Thierry,"-------, 77850, HERICY",https://rezana-immobilier.com/
951414416,REZO'CO IMMOBILIER,"CENTRE VILLE, 34120, Tourbes",http://www.rezocoimmobilier.fr/
877486068,RF Maitre d'oeuvre,"2 Boulevard John Fitzgérald Kennedy, 66100, Perpignan",https://rfmaitredoeuvre.com/
839119930,RH Patrimoine,"PLACE PEYBERLAND, 33000, Bordeaux",http://www.rhpatrimoine.com/
997625801,RHONE SAONE HABITAT,"Immeuble Woopa, 10 avenue des Canuts, CS 10036, 69517, Vaulx-En-Velin Cedex",http://www.rhonesaonehabitat.fr/
508783982,RHONE SAONE IMMOBILIER,"42 CHEMIN DU POULET, 01480, Fareins",http://www.rhone-saone-immo.com/
921238705,Rhône Alpes Immo Stéphane Goutteratel,"5 Impasse des Genêts, 69150, Décines-Charpieu",https://www.rhonealpesimmo.fr/
490831724,Rhône Patrimoine Immobilier Lyon 5,"75 RUE DE TRION, 69005, LYON",http://www.rhonepatrimoineimmobilier.com/
919534511,RIALTO,"431 Rue de Lille, 59223, Roncq",https://rialtoinvest.com/
452923261,RIANI IMMOBILIER,"38, Route d'Avignon COUSTELLET, 84220, Cabrières-d'Avignon",https://www.riani-immobilier.com/
981279615,RIAZHOME Immobilier,"101-103 Avenue de la division Leclerc, 93350, Le Bourget",https://www.riazhome-immo.com/
448640821,RICHARD AND SONS,"186 boulevard Malesherbes, 75017, Paris",https://www.richard-sons.com/fr/
334721420,Richard Immobilier SARL,"56 Bd Joseph Vallier, 38000, Grenoble",http://www.richardimmo.fr/
682009121,Richardière,"22, rue Georges Picquart, 75017, PARIS",https://richardiere.fr/
798145082,RICHER IMMOBILIER,"50 Boulevard Stalingrad, 06300, Nice",https://www.richerimmobilier.com/
851999821,RICHTER GROUPE IMMOBILIER,"45 RUE DE LA VIEILLE POSTE, 34000, Montpellier",https://www.richtergroupeimmobilier.com/
791541329,RIETSCH IMMOBILIER,"13 rue de la Victoire Bât. A – Résidence 3.14, 67206, Mittelhausbergen",http://www.rietsch-immobilier.com/
753103043,RIF - Régie Immobilière Fiducia,"113 rue vendôme, 69006, Lyon",http://www.regieimmobilierefiducia.com/
511324881,RIGAL Immobilier,"5 PLACE GRAND ROND, 81370, Saint-Sulpice",http://www.rigalimmobilier.com/
485139133,RIHB,"9 BIS AVENUE DE BRESSEBP 103, 01460, Montréal-La-Cluse",http://www.rihb-immobilier.com/
889571964,RIMBAUD IMMO,"7 AV FOREST, 08000, CHARLEVILLE-MEZIERES",https://www.rimbaudimmo.fr/
523978559,RINGENBACH Sylvia,"-------, 75020, PARIS",https://www.reseau-expertimo.fr/980/-agent-la-petite-agence-du-grand-paris/1
901982751,Rita Bououdnine,"---, 25460, étupes",http://www.bououdnine-immobilier.com/
842714743,Riva immobilier,"120 chemin des Baumes, 83740, La Cadière-d'Azur",http://www.rivaimmobilier.com/
100773555,RIVE 8 immobilier,"8 rue du Parc, 29000, Quimper",https://www.rive8immobilier.com/
499313138,RIVE DROITE,"3 rue de Robien, 35000, RENNES",http://www.rivedroite.immo/
515179703,RIVE OUEST Boulogne-Billancourt,"81 avenue Jean-Baptiste Clément, 92100, Boulogne-Billancourt",https://riveouestimmo.com/
102259967,RIVE SAINT GERMAIN,"11 quai chateaubriand, 35000, Rennes",http://www.rivestgermain.fr/
838693869,RIVE-DROITE IMMOBILIER,"LD LE PIED DU CHATEAU 2 B RUE DU MOULIN A EAU, 33550, Langoiran",http://www.rive-droiteimmobilier.fr/
942723719,RIVERA IMMOBILIER,"11 B AVENUE LALANDE, 77108, CHELLES",https://riveraimmobilier.com/
913836201,RIVES LOIRE IMMOBILIER,"20 rue de la poste, 41220, Saint-Laurent-Nouan",https://www.rivesloireimmobilier.fr/
528963382,RIVES PARISIENNES,"55 bd Pereire, 75017, Paris",https://www.rives-parisiennes.com/
980734057,RIVES SAINTE-CATHERINE,"3 Place du Marché Sainte-Catherine, 75004, Paris",https://rives-immobilier.com/
809112188,RIVIERA ANTIBES,"34 Boulevard Albert 1er, 06600, Antibes",http://www.riviera-antibes.fr/
444534416,RIVIERA IMMOBILIER REAL ESTATE CAVALAIRE,"LES RESIDENCES DU PORT - 55 RUE DU PORT, 83240, Cavalaire-Sur-Mer",http://www.rivimo.com/
504889775,RIVIERA REALISATION IMMOBILIER,"34, Boulevard Albert 1er, 06600, Antibes",http://www.rivieraantibes.com/
792753006,RIVOLI IMMOBILIER,"Le Vénus - Avenue Marie Fliche Bergis, 83430, Saint-Mandrier-sur-Mer",http://rivolimmobilier.fr/
833409048,RIZZO Immobilier,"80 route du Nant - Parc des Anneaux, 01280, Prévessin-Moëns",http://www.rizzoimmobilier.fr/
832047211,RM Immo'Concept,"194 Chemin d'Arvey, 73460, Verrens-Arvey",http://www.rm-immoconcept.com/
789471539,RMP IMMOBILIER,"5 Rue Emile Machet, 73350, BOZEL",http://www.rmpimmobilier.com/
391887957,ROBERT LASKAR IMMOBILIER,"16 BD HENRI PAUL SHNEIDER, 71200, LE CREUSOT",http://www.laskarimmo.fr/
489767905,ROBIN DES TOITS,"SIÈGE SOCIAL - 47, rue des Alliés, 67680, EPFIG",http://robindestoits.com/
348617846,Robinson Immobilier,"63, avenue Raymond Croland, 92350, Le Plessis-Robinson",https://www.robinson-immobilier.fr/
901194282,ROC PROMOTION,"285 Rue Louis Rustin, 74160, Archamps",http://roc-promotion.fr/
495402349,ROCHAT IMMOBILIER,"26 cours Suchet, 69002, Lyon",http://www.rochat-viagers.fr/
451290928,ROCHE IMMO,"32 Boulevard Aristide Briand, 43100, Brioude",https://agencerocheimmo.com/
750573529,ROCHE Sylvie,"------------, 84860, CADEROUSSE",https://www.duroche.fr/
490911450,ROCHER IMMOBILIER,"19 RUE DE NANTES, 85300, Challans",http://www.rocher-immobilier.fr/
852063171,ROCHER IMMOBILIER SUCCESSEUR WILLIAM DALLE,"1 bis Rue Vidal, 48100, Marvejols",https://www.rocherimmo.fr/
494409287,ROCHETTE IMMOBILIER,"80 avenue du Pont, 42210, Montrond-les-Bains",https://www.rochette-immobilier.com/
879404259,Rock in Share,"30 rue Mazelle, 57000, METZ",https://www.rock-in-share.com/fr/confiez-nous-votre-bien
533554382,RODEZ AGENCE,"20 AVENUE JEAN MONNET, 12000, RODEZ",http://www.rodez-agence.fr/
881598791,RODIER IMMOBILIER,"68 RUE DU DOCTEUR FRANCOIS, 67000, Strasbourg",https://www.rodier-immobilier.com/
922377197,RODRIGUES IMMOBILIER,"89 AVENUE DU 20EME CORPS, 54000, NANCY",https://www.rodriguesimmobilier.fr/
453313025,ROLLING IMMOBILIER,"1 QUAI FINKMATT, 67000, Strasbourg",https://www.rolling-immobilier.com/
933003287,ROMAIN CERNY IMMOBILIER,"39 Rue des carmes ., 09100, Pamiers",https://www.romaincernyimmobilier.fr/
539882415,Romain Mereau,"---, 67810, holtzheim",https://immo-maxx.com/
927749143,"Romain Terral,","7 rue D'ISLY, 87000, LIMOGES",https://romainterral.fr/
881782031,Romain Tuault Immobilier,"ZA DE LA PEPINIERE GALERIE DU SUPER U, 53400, Craon",https://www.romaintuaultimmo.fr/fr
884951534,RONDOT IMMO,"14 rue Dominique Ancemot, 21120, Is-sur-Tille",http://rondot-immo.fr/
751786914,RONGERE Sandrine,"26 rue des bruyères - le bourg, 63560, NEUF EGLISE",https://www.sandrinerongere.fr/
492118054,ROQUES IMMOBILIER,"8 PLACE DU MARCHE, 34700, Lodève",http://www.roques-immobilier.com/
890242522,Rose d'Argent Immobilier,"165 boulevard saint-jean, 83470, SAINT-MAXIMIN-LA-SAINTE-BAUME",https://rosedargentimmobilier.fr/
891177016,ROSE IMMOBILIER,"2 rue de la forêt, 67113, Blaesheim",https://www.rose-immobilier.fr/
810392019,ROSINE IMMO WEST,"7 RUE DU PAVILLON, 49070, Beaucouzé",http://www.rosineimmowest.com/
898887351,ROUQUET IMMOBILIER,"20 Rue Henri Pétonnet, 86000, Poitiers",https://www.rouquet-immobilier.fr/
853051415,ROUSSEL IMMOBILIER,"Centre d'Affaire LBA 11 Avenue du 8 septembre 1944, 21200, Beaune",https://www.roussel-immobilier.com/avis-clients/
351244553,ROXIM PROMOTION,"Espace Club 7 448 rue de la Roqueturière, 34090, Montpellier",http://www.roxim.com/fr/
502531999,Royal Immobilier Dijon,"32 avenue victor hugo, 21000, Dijon",https://www.royal-immobilier-dijon.com/
831428677,Rue de la paix immobilier,"24 Ter rue de la Paix, 74000, Annecy",https://www.ruedelapaiximmobilier.com/
877639120,RUE DE LA PAIX.IMMO.LENCLOITRE,"16 Place du Général Pierre, 86140, Lencloître",https://www.ruedelapaiximmo.com/
750297707,Rue des Victoires,"2 place Jean Jaurès, 42000, Saint-Étienne",https://ruedesvictoires.candidature-location.com/b/admin/agence/bien/
790675094,RUE DU SOLEIL IMMOBILIER,"7 RUE DU SOLEIL, 75020, Paris",https://www.ruedusoleilimmobilier.com/
922640768,Rue'Brique Immo - Agence Immobilière - Liévin,"52 Rue Jean Baptiste Défernez, 62800, Liévin",http://www.ruebriqueimmo.com/
334380995,Rulleau Immobilier,"132 RUE NATIONALE, BOÎTE POSTALE 66, 33240, ST ANDRE DE CUBZAC",https://www.rulleau-immobilier.fr/
832541486,RUNIMMO,"240 rue du Général de Gaulle, 97434, Saint-Paul",http://www.runimmo.re/
830258927,Réaliti Immobilier,"55 RUE DES MARTYRS, 76500, Elbeuf",http://www.realitimmobilier.fr/
502061120,Référence Building,"25 RUE DE LA RESISTANCE, 42000, Saint-Étienne",https://www.reference-building.com/
450454269,Référence Immobilière,"4 RUE DE LA DISTILLERIE, 59118, Wambrechies",http://www.reference-immobiliere.com/
399659986,Régie BAYARD,"19 Quai Perrache, 69002, LYON",https://www.malsh.com/gestion/trouver-une-habitation-3
411228737,Régie Des Quatre Rues,"34 Rue de la République, 69220, Belleville-en-Beaujolais",http://www.regiedes4rues.com/
957528201,Régie FRANCHET ET CIE,"2 Place Bellecour, 69002, LYON",http://www.regiefranchet.fr/
404776296,Régie Générale de Lyon,"9 rue grolée, 69002, Lyon",https://regiegeneraledelyon.com/
509176277,RÉGIE HORVATH & ASSOCIÉS,"49 cours Suchet, 69002, Lyon",http://www.regie-lyon-metropole.fr/
389202631,Régie Saint-Pierre,"105 RUE DUGUESCLIN, 69006, Lyon",https://www.regiesaintpierre.fr/
964501704,Régie Simonneau Lyon 6e,"11 Place du Maréchal Lyautey, 69006, Lyon",http://www.regie-simonneau.com/
813212974,Réponse Location,"18 RUE PARMENTIER, 80500, Montdidier",https://bailleurtranquille.com/la-location/
500800248,Réseau MAXImmo,,https://www.reseau-maximmo.fr/
100530203,RÉSIDENCE HUP ANGERS ALIENOR,"310 AVENUE MARECHAL JUIN, 34200, Sète",https://residence-hup.com/
911240612,Résolument Immo,"7 Avenue Foch, 68000, Colmar",http://www.resolumentimmo.fr/
520817230,RÊVE DE SUD IMMOBILIER,"3147, Corniche des Issambres, 83380, Les Issambres",https://www.revedesud.com/
819076522,S IMMO CONCEPT,"3 rue chanoine colombani, 20200, Bastia",http://s-immoconcept.com/
488604802,S'ANTONI IMMOBILIER,"2 RUE GRAND CAP, 34300, Agde",https://www.santoni.fr/
834739872,S'PRIM - Savoie Promotion Immobilière,"130 Chemin de Jacob, 73000, Chambéry",http://www.s-prim.fr/
902910975,S'TEAM IMMO,"767 côte du Chaillot, 79410, Echiré",http://s-team-immo.com/
889822540,S-immo,"23 RUE JULES JEANNENEY, 70300, Luxeuil-les-Bains",https://www.s-immo.fr/
751200817,S.A.R.L. ALPHA IMMOBILIER,"13 ESPLANADES DES FONTAINES, 82000, Montauban",http://www.alpha-immobilier-82.com/
528343270,S.A.R.L. LE LOROUX IMMOBILIER,"12 RUE DES FORGES, 44430, Le Loroux-Bottereau",http://www.lelorouximmobilier.com/
925200982,S.L. IMMO,"24 place Vaillant Couturier, 18100, VIERZON",http://www.sli-cher.fr/
488658592,S.T Investimmo,"1 RUE JULES MICHELET, 60140, LIANCOURT",http://www.stinvestimmo.fr/
898375860,S.T.I PROMOTION,"Zone Industrielle, 54190, Tiercelet",http://www.stipromotion.com/
310764816,SA MONT-BLANC - Siège,"9 RUE ANDRE FUMEX, 74000, Annecy",http://www.samontblanc.com/
799496591,SAB PRIVATE ESTATE,"9 rue brunel, 75017, Paris",https://www.sabprivate-estate.com/
838584266,Sable Blanc Immobilier,"1 Place du Maréchal Foch, 85100, Les Sables-d'Olonne",https://www.sableblancimmobilier.com/
933450967,Sables&sens Immobilier,"36 Rue des sauniers, 85100, Les Sables-d'Olonne",https://sables-et-sens.fr/
442262341,SABLETTES IMMOBILIER,"LE PROVENCE PLAGE 707 AVENUE CHARLES DE GAULLE, 83500, La Seyne-Sur-Mer",http://www.sablettes-immobilier.fr/
303689483,SACCLO,"12 rue raymond poincaré, 10000, Troyes",http://www.sacclo.fr/
318054004,Sadone immobilier et patrimoine,"149 avenue achille peretti, 92200, Neuilly-sur-Seine",http://www.sadone.fr/
808643761,SADSIMMO,"11 RUE TRONCHET, 75008 PARIS, 75008, Paris",https://www.sadsimmo.com/
306916768,SAEMANN Immobilier,"33 RUE DE LA DIVISION LECLERC, 67170, Brumath",http://www.saemann-immobilier.fr/
392170619,SAEM’ALES,"131 Impasse des Palmiers, 30100, Alès",http://www.saem-ales.com/
897995478,SAFE INVEST,"40 Rue du Colisée, 75008, Paris",https://safeinvest.fr/
062500368,SAFER AUVERGNE RHONE ALPES,"AGRAPOLE 23 RUE JEAN BALDASSINI, 69364, Lyon CEDEX 07",https://safer-aura.fr/
428775647,Safimmo,"8 rue Jules Chausse, 69630, Chaponost",http://www.agence-safimmo.fr/
525002143,SAGEPRIM,"Europarc de Pichaury Bat B3 1330 AV J R G GAUTIER DE LA LAUZIERE, 13290, Aix-en-Provence",https://www.sageprim.com/
897921730,Sagesse immobilière,"7 rue Burnouf, 75019, Paris",https://sagesseimmobiliere.fr/
813830445,SAINT ALYRE IMMOBILIER,"48 Boulevard Lavoisier, 63000, Clermont-Ferrand",http://stalyre.immo/
794531053,SAINT ANDRE IMMOBILIER,"7 PLACE DE LA REPUBLIQUE, 34120, Pézenas",http://www.st-andre-immobilier.fr/
909011041,SAINT ANDRE IMMOBILIER,"1 Avenue Théophile Delorme, 84130, Le Pontet",https://www.saint-andreimmo.fr/fr
492521257,Saint André Immobilier,"2 PLACE SAINT ANDRE, 38260, La Côte-Saint-André",http://www.standreimmo.fr/
811972512,SAINT ARNOULT IMMOBILIER,"36, rue Charles de Gaulle, 78730, ST ARNOULT EN YVELINES",https://www.imopi-immobilier.fr/
422244269,SAINT CLAIR IMMOBILIER,"1 RUE GOETHE, 67000, Strasbourg",http://www.saint-clair-immobilier.fr/
435165048,Saint Cybard Immobilier,"99 rue de Saintes, 16000, ANGOULEME",http://saintcybard-immobilier.fr/
419724117,SAINT ELOI PATRIMOINE,"45 RUE DU GENERAL DE GAULLE, 35360, Montauban-De-Bretagne",http://www.sainteloipatrimoine.com/
422637553,SAINT EX IMMOBILIER,"99 AVENUE ANTOINE DE SAINT EXUPERY, 31400, TOULOUSE",http://www.sainteximmobilier.net/
391455417,Saint Ferdinand immobilier,"21, rue Saint-Ferdinand, 75017, Paris",https://www.agencessaintferdinand.com/
477743264,SAINT FERDINAND IMMOBILIER,"71 Avenue du Roule, 92200, Neuilly-sur-Seine",http://www.agencessaintferdinand.com/
348820531,SAINT HILAIRE IMMOBILIER,"1056 ROUTE D ORLEANS, 45160, Saint-Hilaire-Saint-Mesmin",http://sthilaireimmobilier.fr/
828047530,Saint Jean Immobilier,"1 rue du Commerce, 85160, Saint-Jean-de-Monts",https://www.saintjeanimmobilier.fr/
889413118,SAINT JOSEPH IMMOBILIER,"30 avenue Maurice Petsche, 05100, Briançon",http://www.saintjosephimmobilier.fr/
434294948,SAINT LEONARD IMMOBILIER 87,"4 AVENUE DU CHAMP DE MARS, 87400, SAINT-LEONARD-DE-NOBLAT",http://www.agencesenlimousin.com/
910677483,Saint Léonard immobilier,"29 rue Pierre Mendès France, 35300, Fougères",http://www.saint-leonard-immobilier.fr/
414337154,SAINT MICHEL IMMOBILIER,"7 RUE DU NEUBOURG, 27000, Évreux",http://www.saintmichel-immobilier.com/
508748480,Saint Nazaire Immo SARL,"32 AVENUE ALBERT DE MUN, 44600, Saint-Nazaire",http://www.saint-nazaire-immo.fr/
910043710,SAINT PIERRE IMMOBILIER,"2 RUE DE CONSTANTINE, 57160, Moulins-lès-Metz",https://linktr.ee/saintpierreimmobilier
979020450,SAINT QUENTIN IMMOBILIER,"CENTRE COMMERCIAL LES MUGUETS, 38070, Saint-Quentin-Fallavier",http://www.stquentin-immobilier.com/
441887866,SAINT ROCH IMMOBILIER,"7 rue Jean André, 06300, Nice",http://www.saintrochimmobilier.com/
880810791,SAINT SAULVE TRANSACTION,"131 Rue Jean jaures, 59880, Saint-Saulve",https://lecomptoirdhestia.fr/
851514265,Saint Sauveur immobilier,"5 rue Saint-Sauveur, 75002, Paris",https://saint-sauveur.immo/
814827556,SAINT VALERY IMMOBILIER,"7 bis quai Blavet, 80230, Saint-Valery-sur-Somme",http://www.doyen-immobilier.fr/
421030057,SAINT-BRIEUC IMMOBILIER,"4 RUE SAINT BENOIT, 22000, Saint-Brieuc",http://www.st-brieuc-immobilier.fr/
498865294,Saint-François Immobilier,"140, Rue Saint François de Paule, 83600, Fréjus",https://www.saintfrancoisimmobilier.fr/
831438155,SAINT-HUBERT IMMOBILIER REUNION,"Siège social: 2689 Chemin Lefaguyès, 97440, Saint-André",http://www.sthubertimmobilierreunion.re/i/redac/honoraires
451455331,SAINT-PIERRE IMMOBILIER TOURNEFEUILLE,"45 BOULEVARD VINCENT AURIOL, 31170, Tournefeuille",http://www.saintpierre-immobilier.com/
803971555,SAINTE ANNE IMMO,"79 rue Jules Barni, 80000, Amiens",https://www.sainte-anne-immo-amiens.fr/
482371218,Sainte Aubane Immobilière,"3 RUE DES PYRAMIDES, 75001, Paris",http://www.sainteaubane.com/
307263780,SAINTE BARBE,"13 Avenue Clemenceau, 57500, Saint-Avold",http://www.saintebarbe-groupesni.fr/rechercher-un-logement/acheter-un-logement/les-offres-disponibles.html
482528262,SAJAC IMMOBILIER,"120 AVENUE HENRY CHERRON, 14000, Caen",https://www.sajac-immobilier.fr/
897690079,SALANQUE MEDITERRANEE IMMOBILIER,"12 BOULEVARD DE LA REVOLUTION, 66250, Saint-Laurent-de-la-Salanque",http://www.salanqueimmobilier.fr/
752782961,Sales In the City,"25 Rue Thiboumery, 75015 Paris, 75015, Paris",https://www.salesinthecity.fr/
900271958,SALMON IMMOBILIER,"6A Rue De strasbourg, 67150, Erstein",https://www.salmonimmobilier.fr/
879791697,Samuel Bououdnine,"---, 25460, Étupes",https://www.bououdnine-immobilier.com/
984156703,SANCHEZ Pierre,"-------------, 67400, ILLKIRCH-GRAFFENSTADEN",https://www.pierresanchezimmobilier.fr/
847585064,SANCY IMMO,"5 Avenue Jean Giraudon, 63710, Saint-Nectaire",https://www.sancy-immobilier.com/
485281679,SANDRA VIRICEL IMMOBILIER,"99 rue Tronchet, 69006, LYON",http://www.sandraviricel-immobilier.com/
879404655,SANDRINE TURGIS IMMOBILIER,"88 rue Jean Jaurès, 45230, Châtillon-Coligny",http://st-immobilier.com/
983257932,SANIMMO,"845 AVENUE EDOUARD HERRIOT, 83200, Toulon",https://agence-sanimmo.fr/
844843185,Sankom Immobilier,"36 Boulevard Saint Louis, 43000, Le Puy-en-Velay",https://www.sankom-immobilier.fr/
822475596,Sans Vis a Vis,"191 avenue Charles de Gaulle, 92200, Neuilly-sur-Seine",http://www.sansvisavis.com/
897390811,Sant'immo - Le Cabinet,"7 Bd Gambetta, 87000, Limoges",https://www.santimmo.fr/
791399082,SANTINI & BASTELICA IMMOBILIER,"Route d’Alata, les 7 Ponts, 20090, Ajaccio",https://www.santinibastelica.immo/
901249995,SAPALY&Co – Immobilier d’entreprise !,"Centre, 74890, Bons-en-Chablais",https://www.sapaly-immo.fr/
381728914,Sapene immobilier,"13 Rue du Pré Botté, 35000, Rennes",https://www.sapene-immobilier.com/
977855568,SAPET MICHELAS IMMOBILIER,,https://www.sapetmichelasimmobilier.fr/
792998452,SARL AHV FRANCK GABRIEL,"1 RUE DE L EGLISE, 77480, Bray-Sur-Seine",http://www.ahv.fr/notre-agence.html
932216682,SARL AOI-PRO,"422 Route de Toulouse, 33130, Bègles",http://www.aoi-pro.fr/
513719609,SARL BW IMMO,"90 RUE ERNEST HEMINGWAY, 29200, BREST",https://www.bwimmo.fr/
397422833,SARL Cabinet CORDIER,"27, RUE ARSON, 06300, NICE",http://www.cabinetcordier.com/
395380132,SARL CABINET RONDREUX,"28 AVENUE JEAN JAURES, 77250, Moret-sur-Loing",http://www.cabinet-rondreux.fr/
481528784,SARL CADR'IMMO,"46 R CHABOT CHARNY, 21000, Dijon",http://www.cadrimmo.com/
414631101,SARL COLLIN IMMOBILIER,"09 rue Sadi Carnot, 54300, LUNEVILLE",https://www.collin-immobilier.com/
819078577,SARL COTE PATIO IMMOBILIER PARENTIS EN BORN,"86 AVENUE DU 8 MAI 1945, 40160, Parentis-en-Born",http://www.cote-patio.fr/
750183790,SARL D.M. IMMOBILIER,"8 rue jean Monnet, 82000, Montauban",http://www.duchein-mathaux-immobilier.com/
432438281,SARL EQUINOXE,"4 PLACE DE LA PASTIERE, 84470, Châteauneuf-De-Gadagne",http://www.maisons-equinoxe.com/
488253949,SARL EXPANSION,"1 place Jacques Froment, 75018, Paris",https://www.agentimmo18.com/
798358347,SARL HANNA'S,"278 rue de rosny, 93100, MONTREUIL",http://hannas.fr/
801918236,SARL HERRANZ IMMOBILIER,"1 cours du chapeau rouge, 33000, BORDEAUX",http://www.herranz-immobilier.fr/
434105698,SARL IM.CO.IMMOBILIER,"45 RUE VILLE PEPIN, 35400, SAINT MALO",http://www.imcosaintmalo.com/
533547287,SARL IMMO CONSEIL CARAIBES,"AVENUE MAURICE BISHOPIMMEUBLE DU PORT, 97200, Fort-De-France",http://www.iccdom.org/
410718712,SARL IMMOBILIERE DU GOLF,"507, AVENUE DU GENERAL DE GAULLE, 59910, BONDUES",http://immobiliere-du-golf.fr/
499470409,SARL IMPACT IMMO BOULOGNE,"94 ROUTE DE LA REINE, 92100, Boulogne-Billancourt",https://www.laresidence.fr/agences-immobilieres/boulogne-billancourt
987575321,SARL JADEN,"1 Rue de l'Étoile du Matin, 44600, SAINT-NAZAIRE",https://maison-jaden.com/a-propos/
889634929,SARL LA BASTIDE AGENCE IMMOBILIERE,"10 Avenue du Lieutenant Cheynis, 26160, La Bâtie-Rolland",http://www.labastide-immobilier.com/
851183152,SARL TERRES DU ROUSSILLON,"17 rue des Glaïeuls, 66000, Perpignan",http://www.terresduroussillon.fr/
404736456,SARREGUEMINES IMMOBILIER,"301 rue de la montagne, 57200, Sarreguemines",http://immobilier-sarreguemines.fr/
890307366,SARRO IMMOBILIER - EURL JADAM,"1 Place Montfort BP66, 84110, Vaison-la-Romaine",http://www.sarroimmobilier.fr/
403040850,Sarthe habitat,"158 Avenue BOLLEE, 72000, LE MANS",http://www.sarthe-habitat.fr/
812748242,SARTROUVILLE IMMOBILIER,"33 Avenue Jean Jaures, 78500, Sartrouville",http://www.sartrouvilleimmobilier.fr/
801416116,SARZEAU IMMOBILIER,"7 chemin du Motenn, 56370, Sarzeau",http://www.sarzeau-immobilier.fr/
323355966,SAS AB GESTION IMMOBILIERE,"238 Cours Bournissac Bp 40015, 84300, Cavaillon",http://www.gestionimmobiliere.fr/
450309224,SAS ACROPOLE TRANSACTIONS,"3 PLACE GEORGES POMPIDOU, 69290, Saint-Genis-Les-Ollières",http://www.acropoletransactions.fr/
852943935,SAS AGENCE DURIS IMMO,"6 Ballot, 87310, Saint-Auvent",https://agencedurisimmo.com/
840185185,SAS ALLURE,"16 avenue Alsace Lorraine, 19100, Brive-la-Gaillarde",https://www.allure.immo/fr
823003959,SAS AZUREL IMMOBILIER,"47 Rue des Fossés Louis VIII 76000 Rouen, 76000, Rouen",http://www.azurel.immo/
823140942,SAS CCI IMMOBILIER,"17 C Place Clémenceau, 50630, Quettehou",https://www.cci-immo.fr/
418731741,SAS CEPROGIM COLIN,"98 RUE grignan 13001, 13292, Marseille",https://ceprogim-colin.immo/
450609060,SAS CITIC,"88 avenue de Fontainebleau, 94270, Le Kremlin-Bicêtre",https://www.citic.fr/
384393468,SAS COBATI ENTREPRISE,"5 BOULEVARD JULES JANIN, 42000, Saint-Étienne",http://www.maisoncobati.fr/
801169871,SAS Demeures en Perigord,"23, avenue de la Préhistoire, 24620, Les Eyzies",http://www.demeuresenperigord.fr/
834780199,SAS ELOGE IMMOBILIER,"87 rue Jeanne d'Arc, 76000, Rouen",https://www.eloge.immo/
900908641,SAS FRATRIES,"75 AV DU 47E REGIMENT INFANTERIE, 35400, SAINT-MALO",https://fratries.com/
807382445,SAS LANKIDEAK,"918 RUE HIRIBEHERERESIDENCE BEDERATZIAK, 64480, Ustaritz",http://www.lankideak.immo/
983010992,SAS LE SPECIALISTE IMMOBILIER,"4 Rue du Pensionnat Nd de France, 43000, Le Puy-en-Velay",http://www.reseaulsi.fr/
344453311,SAS LECOUTRE IMMOBILIER,"237 RUE DU GENERAL DE GAULLE, 59110, La Madeleine",http://www.lecoutre-immobilier.com/
431843697,SAS MAYA IMMO,"GALERIE COMMERCIALE HYPER U ZAC HOELL, 68510, Sierentz",http://www.maya-immo.com/
990354342,SAS Millenium Properties,"129 Avenue de Genève, 74000, Annecy",http://www.milleniumproperties.ch/
481624948,SAS MOBILITE LOGEMENT,"8 chemin du Jubin, 69570, Dardilly",http://www.mobilitelogement.com/
445108566,SAS MONTAUT,"140 CHEMIN DES VIGNES, 31370, Rieumes",http://www.maisons-montaut.fr/
532812955,SAS PREMIUM,"7 Rue de Montreuil, 94300, Vincennes",https://www.loft.fr/
100666650,SAS RVC Immobilier,"12 place Carnot, 50300, Avranches",http://wwww.rvc-etude.fr/
889031134,SASSANA Immobilier,"39 Rue Honoré Pourchier, 83200, Toulon",https://www.sassana-immo.fr/
900154766,SASSI IMMOBILIER Agence Immobilière Indépendante,,https://www.sassi-immobilier.fr/
814487930,SASU CABINET NICOLAS BARTHE,"70 AVENUE DE LA GINESTE, 12000, RODEZ",https://cabinet-nicolasbarthe.fr/
881635007,SASU IMMOBILIERE DE LA HAUTE DORDOGNE,"21 Boulevard Georges Clémenceau, 63150, La Bourboule",http://www.agencehautedordogne.fr/
102444536,SAËNA,"4 Place Rhin et Danube 44500 La Baule-Escoublac, 44500, La Baule-Escoublac",https://www.fnaim.fr/agence-immobiliere/924146/43-la-baule-escoublac-saena.htm
753229152,SB L'IMMOBILIERE D'ORSAY,"1 PLACE DE LA REPUBLIQUE, 91400, Orsay",https://www.immobiliere-orsay.fr/
326520574,SBM,"24 BOULEVARD DU LYCEE, 74000, Annecy",http://www.sbm-immo.com/
404748469,SC2A,"4 impasse de l'arsenal, 28480, Luigny",http://www/sc2avotregarage.com
834433807,SCAGLIARINO IMMOBILIER,"364 rue des Icares, 83230, Bormes-Les-Mimosas",http://www.scagliarino-immobilier.com/
815620463,SCALIS,"14-16 RUE SAINT LUC, 36000, Châteauroux",http://www.scalis.fr/
344403787,SCCV MARINAA,"20 CHEMIN DEPARTEMENTAL 916, 59380, Bergues",https://marinaa-gravelines.fr/
802344457,SCELLOS IMMOBILIER,"37 Rue de L Hôtel de ville,, 44310, Saint-Philbert-de-Grand-Lieu",https://scellos-immobilier.com/
999412141,SCH CONCEPT,"2 Rue du Petit Rempart, 67230, Benfeld",https://www.mikit.fr/agence/mikit-benfeld/
415173574,SCHARF IMMOBILIER,"8 RUE DU PARC, 67205, Oberhausbergen",http://www.scharf-immobilier.com/
448302133,SCHMIDT WABNITZ IMMOBILIER,"26 rue du Jura, 74100, Ambilly",https://www.schmidt-wabnitz.com/Default.asp
491832937,SCI Beauval Village d'entreprises,"73 Av. d'Orléans 62, 45190, BEAUGENCY",https://www.village-entreprises-beaugency.fr/
884111568,SCI THE COLOC,"rue legendre, 75017, Paris",http://www.the-coloc.fr/
402014120,SCI YOUBHAGYA,"45 impasse de la Bousselière, 72610, Saint-Paterne - Le Chevain",https://youbhagya.fr/
392022794,SCIPA MAISONS D EN FRANCE,"101 RUE MICKAEL FARADAY, 01440, Viriat",http://www.maisonsdenfrance01.com/
329581870,SCIT Maisons Gérard ABADIE,"4 RUE VIDAILHAN, 31130, BALMA",http://www.abadie-constructeur.fr/
840405047,Scot'Immo,"62 RUE DE MADRID, 62730, Les Attaques",https://scotimmo.fr/
951662808,Scotimmo,"28 place Saint-Ferdinand, 75017, Paris",https://www.scotimmoparis.fr/
058502329,SD'UP!,"34 avenue de Grugliasco, 38130, Échirolles",https://www.sdh.fr/sd-up
947979217,SDSIMMO L'AGENCE,"20c Rue Dupetit Thouars, 49000, ANGERS",https://www.sdsimmo.com/
882027071,SEB IMMO,"Chemin des douaniers - Quai Arthur Rimbaud - Villa Salix 2, 66750, Saint-Cyprien",http://www.sebimmo.fr/
428082606,Sebastien Silferi - VISITA,"2 IMPASSE DES GEAIS BLEUS, 05000, Gap",http://www.visita.immo/
512378894,SEBIMMOBILIER,"2 route des plantes, 55500, Ligny-en-Barrois",https://www.sebimmobilier.fr/
320218944,Secib Immobilier Rennes,"1 PLACE DE LA GARE, 35000, Rennes",http://secib-immobilier.com/
300072576,Seckler Immobilier Colmar,"-------------, 68000, COLMAR",https://www.immo-seckler.com/
307157693,SECRI,"2 place de la République, 92300, Levallois-Perret",http://secri.fr/
433644085,Securité Gestion Plus Immobilier,"34 GRAND RUE LOUIS FABRY, 13013, Marseille",https://www.securitegestion.fr/
303544258,SEDEI,"49 RUE MALHERBE, 60000, Beauvais",http://www.vitavi-immo.fr/
301100756,SEDELKA,"70 Av. de l'Hippodrome, 14000, Caen",https://www.sedelka.fr/
775665359,SEDIA IMMOBILIER NEUF,"6 rue Louis Garnier, 25000, Besançon",https://sedia-bfc.fr/metiers/construction.html#metier-promotion
841242670,SEEDS,"20 rue Novital, 31150, Gagnac-sur-Garonne",https://www.seeds.immo/
822310124,SEEMO,,https://www.seemo.fr/#1
336880604,SEFIC Immobilier,"9 BOULEVARD JULES CESAR, 51100, Reims",http://www.sefic.com/
339619389,SEGERAD,"7 BIS RUE DU TEMPLE, 21000, Dijon",http://www.segerad.fr/
335185146,SEGIME,"110 Avenue du Peyrou, 33370, Artigues-près-Bordeaux",https://www.segime.net/a-propos/
492103676,SEGRE IMMOBILIER,"19 Place Aristide Briand, 49500, Segré",http://www.segreimmobilier.fr/
352909006,SEGUENOT IMMOBILIER,"29 RUE BOSSUET, 21000, DIJON",https://www.seguenot-immo.com/
890299845,SEIXO IMMOBILIER,"15-17 Boulevard des Cigales, 40130, Capbreton",https://www.seixo-immobilier.fr/
828916437,SELARL La Côte des Abers,"9B, rue du Verger, 29880, PLOUGUERNEAU",https://www.immobilier.notaires.fr/fr/annonces-immobilieres?crpcen=29044
103126033,SELD,"Chemin De La Pèze, 24290, Montignac-Lascaux",http://www.seldimmobilier.fr/
830076618,Select Azur Immobilier,"195, avenue de la Fontonne, 06600, Antibes",http://www.select-azur-immobilier.com/
834407728,SELECT INVEST IMMO,"71, Chemin Pente Sassy - Local 81 - Bureau G, 97440, Saint- André",http://www.selectinvestimmo.com/
789103405,Select'Immo,"6 rue de la République, 60240, Chaumont-en-Vexin",http://www.selectimmovexin.com/
335074779,SELECTION ARTISANALE,"Actipark La Richassière 662 rue des Jonchères Bât C, 69730, Genay",https://www.selectionartisanale.fr/
451492169,SELECTION IMMOBILIER,"3 Boulevard des frères Jaumary, 04700, Oraison",http://www.selection-immobilier04.com/
341067833,SELECTION IMMOBILIERE,"1 Rue Terradou, 84200, Carpentras",http://www.jamesimmobilier.com/
434876371,SELECTION SUD IMMOBILIER,"4 QUAI VALLIERE, 11100, Narbonne",http://www.selectionsud.com/fr/
804286102,SELEDEN IMMOBILIER,"75 Rue NATIONALE, 62290, Noeux Les Mines",https://www.seledenimmobilier.fr/
529105348,SELFSTOCK.COM,,https://selfstock.com/
437986854,SELIKA,"53 BOULEVARD DEGANNE, 33120, ARCACHON",http://www.agence-selika.com/
482110913,SELLAM IMMOBILIER,"4 Place du Temple Neuf, 67000, Strasbourg",http://www.sellam-immobilier.com/
994156768,SELY,"41 Rue de Bourgogne, 75007 Paris, France",https://sely.pro/
429618812,SEMENADISSE IMMOBILIER,"10 RUE DU VIEUX COLOMBIER, 31120, Roques",http://www.semenadisse.fr/
820564755,SENECLAUZE IMMOBILIER CONSEIL,"22 Route de Lyon, Parc d’Affaires Brignais 2000, 69530, Brignais",https://seneclauze-immobilier.fr/
518649884,SENS HABITAT,"8 montée du Villey, 71330, SAINT GERMAIN DU BOIS",http://www.sens-habitat.fr/
853809978,Sensée Immobilier,"21 rue Fily, 59151, Arleux",https://www.sensee-immobilier.fr/
978913812,SEON Immobilier Bourg-Saint-Maurice,"25 Pl. de la Poste, 73700, BOURG-SAINT-MAURICE",https://www.seon-immobilier.fr/
491582680,SEPIG,"412 Route de Montpellier, 34730, Prades-le-Lez",https://www.sepig-groupeimmobilier.com/
632003638,Sepimo,"31 Rue François 1er, 75008 Paris, France",http://www.sepimo.fr/
888638764,SerafiniIMMO,"5 Avenue Berthollet, 74000, Annecy",http://serafiniimmo.fr/
918169525,SERAPH IMMO,"33 rue rabelais, 85150, Vairé",http://seraph-immo.com/
922548094,SEREA GESTION,"90 RUE FRANCOIS RICHER, 37000, Tours",https://groupe-serea.fr/serea-gestion/
880106588,SERENITY,"10 RUE JEAN DE L OSTREVENT, 59178, Hasnon",http://www.serenityimmobilier.fr/
879991073,SERENITY IMMO,"143 Avenue du 8 mai 1945, 13240, Septèmes-les-Vallons",http://www.serenity-immo.net/
919465633,Serenity Immobilier,"12 avenue Charles de Gaulle, 31130, Balma",https://www.serenity-immo.fr/
820873727,SERIMM,"4 RUE DOCTEUR BALLY, 38000, Grenoble",http://www.serimm.fr/
379858244,SERMACO IMMOBILIER,"13 Place du marché, 57200, Sarreguemines",http://www.sermacoimmobilier.com/
853995959,SERRANO IMMOBILIER,"24 cours carnot, 13160, Châteaurenard",http://www.serrano-immobilier.com/
913629093,SERRE IMMOBILIER,"20 Rue Croque Cerises - Saint Victor sur Loire, 42000, Saint-Étienne",http://www.serre-immobilier.fr/
820574754,Serrendy,"85 avenue du Maréchal juin, 06400, Cannes",http://maeva.com/
939946505,SERVICES IMMOBILIERS,"112 Rue de la Vigne, 80260, Flesselles",https://www.services-immobiliers.fr/
322395617,SESAM IMMOBILIER,"3 rue Alexandre Mari, 06000, Nice",https://sesam-immobilier.com/fr/
887921443,SESAME IMMOBILIER,,http://www.sesame.immo/
584801625,SET,"40 Rue James Watt, 37200, Tours",https://set.fr/
898432281,SETE IMMO,"2 AVENUE MARX DORMOY, 34200, Sète",https://www.agence-seteimmo.com/
905339610,SETI IMMO,"52 Rue Alexandre Dumas, 93230 Romainville, France",http://www.setiimmo.com/
803602424,SEV'IMMO,"12 RUE PIERRE SEMARD, 03260, Saint-Germain-Des-Fossés",https://www.sevimmo.fr/
829068493,Seven immobilier,"1 RUE PAUL DIJON, 38000, Grenoble",http://www.seven-immo.com/
535078166,SEVRE ET LOIRE IMMOBILIER,"106 Route de Clisson, 44200, Nantes",https://sevreetloireimmo.com/
832288955,SEVREMOINE IMMOBILIER,"8 bis Rue de Bel air, 49230, Sèvremoine",https://www.sevremoineimmobilier.fr/
818100737,SFEIR IMMOBILIER,"-------, 31150, BRUGUIERES",http://www.sfeir-immobilier.fr/
538035270,SG CONSEIL ET PATRIMOINE,"72 Avenue Charles de Gaulle, 13140, Miramas",https://www.sgconseiletpatrimoine.com/
529018319,SH CONSEIL IMMOBILIER ET PATRIMOINE,"9 RUE GENEVIEVE PERRIER, 45160, Olivet",http://agenceshconseil.com/
499097970,SHALLYD IMMOBILIER,,http://shallyd-immobilier.com/
045550258,SIA HABITAT,"612 Rue de la Chaude Rivière, 59800, Lille",http://www.sia-habitat.com/acheter-un-logement-dans-ancien.html
520631748,SIA IMMOBILIER,"125 Rue de Charenton, 75012, Paris",https://www.siaimmobilier.fr/fr
537565715,SIAMO,"1 Rue Saulpic, 94300, Vincennes",https://www.siamo-immobilier.com/
782199038,SIC HABITAT,"Rue HENRI FABRE, 47400, Tonneins",https://sic-habitat.com/?utm_source=LBC&utm_medium=lbc&utm_campaign=LBC
453192593,SICRE Jean-Pierre,"------------, 31550, CINTEGABELLE",http://www.jps-immo.fr/
978334225,SIELLO,"22 Rue Habsheim, 68400, Riedisheim",https://www.siello.co/
305233850,SIGA MARSEILLE,"7 RUE D'ITALIE, 13006, MARSEILLE",https://www.siga.fr/
548800382,SIGH,"40 Bd Saly, 59300 Valenciennes, France",http://www.sigh-habitat.fr/
889817433,SIGNATUR,"134 Rue sainte teresa de calcutta, 34170, Castelnau-le-Lez",https://www.signatur-immobilier.fr/
913602272,SIGNATURE Agence Immobilière,"1 Avenue du général Leclerc, 72000, Le Mans",http://signatureimmobilier.com/
891516999,SIGNATURE IMMO,,https://www.signature-immo.com/fr/
383895372,SIGNATURE IMMOBILIER,"8 RUE DE L'APPORT AU PAIN, 60300, Senlis",http://www.signature-immobilier.com/
949224620,SIGNATURE L'AGENCE IMMOBILIERE,,http://www.signature-immo.fr/
820198505,Signature promotion,,http://www.signature-promotion.fr/
548500768,SIIHE,"28 Rue de la Redoute, 67500, HAGUENAU",http://www.siihe.com/
793008186,SIKA IMMOBILIER,"7 PLACE D'ARMES, 57370, Phalsbourg",http://www.sika-immobilier.fr/
539538702,SILLINGY IMMOBILIER,"1444 route de Clermont, 74330, Sillingy",http://www.sillingyimmobilier.com/
643650393,SILOGE,"6 Bis Boulevard Chambaudoin, 27000, Evreux",http://www.siloge.fr/
321460370,SIM,"21 AVENUE DE LA RESISTANCE, 77500, Chelles",http://www.agence-sim.fr/
435230461,SIMAB CONSEILS,"20 allées D'Orléans, 33000, BORDEAUX",http://www.simabconseils.com/
834827040,SIMEKA IMMOBILIER,"29 Avenue du Général Gallieni, 10300, Sainte-Savine",http://www.simekaimmo.fr/
980763999,SIMMONE,"8 Cours de la Liberté, 69003, Lyon",http://simmone-immo.fr/
808478846,SIMON & DEBUYSERIE Cie,"45 Rte de la Côte d'Amour, 44600, Saint-Nazaire",https://www.simonetdebuyseriecie.com/
441820537,SIMON IMMOBILIER,"1 Place des Fusillés la Résistance, 28190, Courville-sur-Eure",https://www.simon-immobilier.com/
793511296,SIMON LACORD IMMOBILIER,"6 BIS RUE DU PETIT SEMINAIRE, 59400, Cambrai",http://www.simonlacordimmobilier.fr/
809538663,SIMONET Immobilier,"6B Rue des Primevères, 17640, Vaux-sur-Mer",https://www.simonet-immobilier.com/
528730641,SIMONIN Agence Immobiliere,"12 bis Bd Bazin, 63400, CHAMALIERES",https://www.lamontagne.fr/immobilier/annuaire-professionnels/simonin-agence-immobiliere/SIMONIN-63400-2
981965486,Simons Immobilier,"33 Rue Jean Bart, 17440, Aytré",https://simonsimmobilier.fr/
829647171,Simply-Up Immobilier,"9 RUE DE MONCEAU, 75008, Paris",https://simply-up.fr/
825294606,Simpl’immo,"1 rue des Eronnelles, 17620, Echillais",https://www.simpl-immo.fr/fr/
918303603,SINDY MICOTS IMMOBILIER,"6 Rue Léa Jonquet, 30700, Uzès",http://micotsimmobilieruzes.com/
908483522,Sinecera Immobilier,"5 allée de tourny, 33000, Bordeaux",http://sinecera-immobilier.com/
411291701,SINFONIA - Agence Immobilière,"12 Pl. Albert 1er, 30700, Uzès",https://www.sinfonia.immo/
423693415,Sionneau Immobilier SARL,"1 RUE SERPENTINE BP52, 85002, La Roche-Sur-Yon",https://www.sionneau-immobilier.fr/
911883866,SISTOM,"9 Allée des Impressionnistes, 93420, Villepinte",http://www.sistom.fr/
948465935,SIX-FOURS IMMO,"273 AV JOSEPH RAYNAUD, 83140, SIX-FOURS-LES-PLAGES",https://www.sixfoursimmo.fr/
822321899,SIXTINE Immobilier Bourgoin-Jallieu,"18 avenue des alpes, 38300, Bourgoin-Jallieu",https://www.sixtineimmobilier.fr/
982587248,SJ Solutions Immobilières,"32 Bd des Allées, 69420, Ampuis",https://www.sjsolutionsimmobilieres.com/
904962776,SKOOP,"101 av pierre racine, 34280, La Grande-Motte",http://www.skoop-immobilier.fr/
101095990,SKY IMMO,"3 AVENUE LEON LAURENT, 26190, SAINT-NAZAIRE-EN-ROYANS",https://skyimmo26.vercel.app/
832116511,SL IMMOBILIER,"254 RUE PARADIS, 13006, MARSEILLE",http://www.slimmobilier.fr/
841057235,SLDI,"23 AVENUE DE POUMEYROL BAT C, 69300, Caluire-Et-Cuire",https://www.sldi-immobilier.com/
410532972,SM IMMOBILIER NARBONNE,"4 BOULEVARD GAMBETTA, 11100, NARBONNE",http://www.smimmobiliernarbonne.com/
884811258,Smart House Immobilier,"12 Avenue du Chatelard, 74200, Thonon-les-Bains",http://smarthouse-immobilier.fr/
803203686,Smart Proprio,"5 rue Hassard, 75019, Paris",https://smartproprio.fr/
900231309,smartup.immo,"34 Chem. de la Speck, 68000, Colmar",http://www.smartup.immo/
951665058,SMASH IMMOBILIER,"38 Rue des Vignerons, 68400, Riedisheim",http://smashimmo.com/
804661338,SMB Habitat,"4 Avenue Didier Daurat, 64000, PAU",http://www.smbhabitat.com/
444473375,SMCI EDITEUR IMMOBILIER,"25 RUE J BAPTISTE VICTOR PROUDHON, 25000, Besançon",http://www.smci.fr/
492868641,SMEB'Habitat,"48 BD DU ROI RENE BP 50705, 49007, Angers CEDEX 01",http://www.smebhabitat.fr/
451023345,SN AGENCE MOLINARD,"32 BIS RUE HENRI BECQUEREL JARRY, 97122, Baie-Mahault",http://www.agencemolinard.com/
402083562,SNB IMMOBILIER,"15 AVENUE DE LA REPUBLIQUE, 16340, L' Isle-D'Espagnac",http://www.snb-immobilier.com/
341826782,SNCF RETAIL & CONNEXIONS,"16 Avenue d'Ivry, 75013, Paris",https://territoires.placedelagare.sncf/
444655955,SNG Extensia - Vente,"1015 rue du Lieutenant Parayre, 13100, Aix-en-Provence",https://www.sng-immobilier.com/
921745717,SNV IMMOBILIER PRESTIGE,"RTE DE PARIS, 42310, La Pacaudière",http://www.snvimmobilierprestige.com/
811018266,So' Link Conseil - Conseil Immobilier Orléans,"82 RUE BANNIER, 45000, Orléans",https://www.solinkconseil.com/
393241583,SO'9 HABITAT LE BOUSCAT,"-------, 33110, Le Bouscat",https://so9-habitat.fr/
511891137,SOAMCO,"665 Rue des Filatiers, 62223, Anzin-Saint-Aubin",https://www.soamco.fr/index.php
310864970,SOCIETE HERREN IMMOBILIER,"10 RUE NEUVE, 97400, Saint-Denis",https://www.herren-immobilier.com/
440272524,SOCIETE IMMOBILIERE DE TRETS,"3 COURS ESQUIROS 13530 TRETS, 13530, Trets",http://www.immobilier-trets.com/
329151492,SOCIETE IMMOBILIERE DU MOULIN,"2 RAMBLA DE L'OCCITANIE, 66100, PERPIGNAN",http://www.sim-moulin.com/
401720594,SOCIETE POSEIDON,"48 les chenaies,, 50470, Tollevast",https://www.groupe-delacour.fr/
394824833,SOGEM - IMMOBILIERE FALGUIERE,"44 allée de Barcelone, 31000, Toulouse",https://www.sogem-immo.fr/votre-agence-a-toulouse/
326314846,SOGEPA,"18 a Boulevard d'Anvers, 67000, Strasbourg",https://www.sogepa-strasbourg.fr/
326818762,SOGEPRIM BESANCON,"9 AVENUE CARNOT, 25000, Besançon",http://www.sogeprim.fr/
479162117,SOGERIM,"82 AVENUE MARECHAL DE SAXE, 69003, Lyon",https://www.sogerim.fr/
947250692,SOGIM,"9 RUE FLORA, 68100, MULHOUSE",http://sogim-immobilier.com/
054803770,SOGIMA,"6 PLACE DU 4 SEPTEMBRE, 13007, MARSEILLE",http://www.sogima.fr/
622920247,SOLAGI- MARTY BRUN IMMOBILIER,"2 Rue du Grand Cap, 34300, Agde",https://www.marty-brun-immobilier.com/
883528101,SOLEILUNA,,https://soleiluna.fr/
978922052,SOLENE B IMMOBILIER,"------------, 40530, Labenne",http://www.soleneb-immobilier.fr/
880568670,SOLID IMMO,"46 chemin de Chastaldin, 07200, Saint-Sernin",http://www.solid-immo.com/
444305452,SOLIS IMMOBILIER,"3 Rue du 14 Juillet, 16100, Cognac",http://www.solis-immobilier.fr/
310667654,Sologec Immobilier,"16 Boulevard Henri Bourillon, 48000, Mende",https://www.agence-immobiliere-sologec.com/
835088485,SOLOGNE CONSEIL IMMOBILIER,"10 RUE DU GÂTINAIS, 41600, Souvigny-en-Sologne",http://www.sologne-conseil-immobilier.fr/
884489741,Sologne Immobilier,"La Gaucherie, 41320, Langon-sur-Cher",https://www.sologne-immobilier.com/
890440134,SoluciO,"-------------, 06200, Nice",https://solucio-immo.com/
910817444,Solutions Immo invest,"1 rue de Brest, 29830, Ploudalmézeau",http://www.solutionsimmoinvest.fr/
799423694,SOLUTIONS MAISONS,"-----, 54480, Cirey-sur-Vezouze",http://www.solutions-maisons.com/
752655761,SOLYGEST,"49, rue Tête d'Or, 69006, LYON 06",https://www.solygest.com/
315485896,SOMATRIM,"11 AV ROLAND CORRAO BP 55, 13700, Marignane",https://www.immobiliersomatrim.fr/
945753531,SOMCO,"20 Porte du Miroir, 68100, Mulhouse",https://www.esh-somco.fr/
804579571,SONADEV,"10 esplanade Anna Marly, 44600, Saint-Nazaire",https://www.sonadev.fr/
103919395,SONIA OUASSIM - SIGNATURE IMMOBILIER,,https://signatureimmobilier-so.fr/
815031760,Soon Immo,"4 Rue Dupont des Loges, 75007, Paris",https://www.soonimmo.fr/soonimmo/
513576348,SOPHIA BUSINESS CENTER,,http://www.templiers-valley.com/
848691523,Sophie BUOU,"-----------, 84460, CHEVAL-BLANC",https://www.reseau-expertimo.fr/1208-mandataire/2
331788372,SOPHIE CHASSAGNE IMMOBILIER,"2, ROUTE DE CABARA, 33420, BRANNE",http://www.sophiechassagneimmobilier.fr/
533061354,SOPHIES 2 L'IMMOBILIER,"10 ALLEE DE L ATRIUM, 38640, Claix",http://www.sophies2immobilier.com/
487446866,SOQUET IMMOBILIER,"59 RUE DE BREST, 22100, Dinan",http://www.soquetimmobilier.com/
894334887,SORGEL IMMOBILIER,"6 rue du Général Leclerc, 67210, Obernai",http://sorgel-immobilier.com/
482182904,SOULET Olivier,"223 Route De Carpentras, 84410, Bédoin",http://www.soulet-immobilier.com/
841572886,South Blue,"8 PLACE DE LA REPUBLIQUE, 66820, VERNET LES BAINS",http://www.bleudusud.fr/
888505161,SOUTHWEST VILLAS,"85 Avenue de la Légion Tchèque, 64100, Bayonne",https://www.southwestvillas.fr/
480435668,Sovalfon Maître d'œuvre,"1 allée Alan Turing - Bât 1,, 63170, Aubière",https://construction-sovalfon.fr/
344047600,SOVAMER COUDOULIERE,"537 AVENUE DU CAP NEGRE, 83140, Six-Fours-Les-Plages",http://www.sovamer.fr/
316139930,SOVI,"2 ROUTE DE LA FORESTIÈRE, 33750, Beychac-et-Caillau",https://www.sovi.fr/qui-sommes-nous
352163869,SOVIA,"65 rue de la SEMM, 68000, Colmar",http://www.sovia-amenageur.fr/
411678220,SOVIMO,"3 PLACE DE LA LIBERTE, 16500, Confolens",https://sovimo-immobilier-confolens.fr/
877574731,SP IMMO,"2 RUE JULES DESBIAUX, 09200, Saint-Girons",https://www.sp-immo.fr/
878285402,SPARN'IMMO,"5 RUE LOCHET, 51200, EPERNAY",https://www.sparn-immo.fr/
844555359,SPARRING IMMOBILIER,"250 IMP JACQUES DAGUERRE, 82000, Montauban",https://www.sparring-immobilier.fr/
993273861,Spectre Immobilier,,https://www.spectre-immobilier.fr/
421363979,SPEEDY FRANCE,"---, 92000, Nanterre",https://www.speedy.fr/
752073429,SPGRI,"42bis boulevard Nelson Mandela, 97300, CAYENNE",http://relocationguyane.com/
834983488,SPI Montargis Doree,"50 rue dorée, 45200, Montargis",https://montargis.stephaneplazaimmobilier.com/
852758853,SPLA LANNION-TREGOR AMENAGEMENT,"1 rue Chappe Bâtiment B, 22300, Lannion",https://www.lannion-tregor.com/vos-services/logement/se-loger/terrains-a-vendre/
523239309,SPLM,"PL GEN DE GAULLE, 83160, La Valette-du-Var",https://www.splm-semexval.com/
885013136,SPME - Solution Pour Mon Entreprise,"828 Avenue des Marchés, 84200, CARPENTRAS",https://immopro.solution-pour-mon-entreprise.fr/
403836976,SPORTING IMMOBILIER LOCATIONS,"272 ROUTE DE LAUNAGUET, 31200, Toulouse",http://www.sporting-immobilier.fr/
851016964,Spot'immo,"328 Rue du Luxembourg, 83500, La Seyne-sur-Mer",https://spotimmo-france.fr/
428246482,SPR IMMOBILIER,"67 Place du Docteur Félix Lobligeois, 75017, Paris",https://www.spr-immobilier.fr/
882925571,SPSB Pôle immobilier à Chateauneuf-du-Rhône,"6 place de la Grangette, 26780, Châteauneuf-du-Rhône",https://www.spsb-invest.com/
853575520,SPY IMMOBILIER,"40 ROUTE DE ST JULIEN, 74520, Valleiry",http://www.piesy-immobilier.fr/
915165203,Square's international,"33 PLACE SAINT FERDINAND, 75017, Paris",https://www.squares-international.com/fr/
537810350,SR IMMOBILIER,"74bis rue Dalayrac, 94120, Fontenay-sous-Bois",https://www.sr-immobilier.com/
514918432,SR IMMOBILIER - Immobilier d'Entreprise,"21, rue de Sarliève, 63800, Cournon-D'Auvergne",https://www.srimmo-pro.fr/
420135444,ST BENOIT IMMOBILIER,"40 BOULEVARD SAINT JEAN, 34150, Aniane",http://www.stbenoitimmo.com/
404992422,ST GENIS IMMOBILIER,"1 rue georges clemenceau, 66740, Saint Genis Des Fontaines",http://www.stgenisimmobilier.com/fr/
910062686,STABILIS IMMOBILIER,"1 RUE FONTAINE A L AUGE ZAC DU BREUIL, 57245, Jury",https://stabilis-immobilier.fr/
451026603,STAND IMMO,"22 BOULEVARD BAILLE, 13006, MARSEILLE",https://www.standimmo.fr/
434437729,Stanislas Immobilier,"2, rue du Marché aux Poissons, 67160, Wissembourg",http://www.stanislas-immobilier.com/
819724881,STARK IMMOBILIER,"6 rue Emile Zola, 90000, Belfort",http://www.stark-immobilier.com/
350046264,Stars Immobilier,"125 Av. Eugène Varlin, 77270, Villeparisis",https://www.avendrealouer.fr/professionnels/villeparisis-77/stars-immobilier/loc-101-37403/fa-85890.html
840618268,START ACCESSION & PATRIMOINE,"4 RUE DU TEMPLE, 21000, Dijon",https://www.start-dijon.fr/
538736927,START'IMMO,"5 rue de Vesoul, 25000, Besançon",http://start-immo.fr/
879408987,STARTHOM Immobilier,"105 rue de la république, 38260, La Côte-Saint-André",http://www.starthom.fr/
400966594,Statim Immobilier34,"222 RUE GUY DE MAUPASSANT - MAS VERDIER, 30900, Nîmes",https://www.statim-immobilier.fr/
453206005,STATION IMMO FRANCE,"39 Route Les Maragolles, 54400, Cosnes-et-Romain",http://www.stationimmo.fr/
450898572,STAUB IMMOBILIER,"16 rue de Mulhouse, 68300, Saint-Louis",http://www.staubimmo.com/
341712974,STE FOY IMMOBILIER,"39 Avenue Maurice Jarrosson, 69110, Sainte-Foy-Lès-Lyon",http://www.lyonimmo.com/
515289007,STEBAS IMMOBILIER,"22-24 BOULEVARD COMMANDANT DAMPEINE, 84170, Monteux",https://www.stebasimmo.com/
829074624,STEINMETZ IMMOBILIER,"106 Avenue Raymond Poincaré, 57800, FREYMING MERLEBACH",https://www.steinmetz-immobilier.fr/
501438923,STELLA HABITAT,"1550 BOULEVARD EDMOND LABRASSE STELLA PLAGE, 62780, Cucq",http://www.stella-habitat.com/
831310503,STELLA PATR'IMMO,"ZONE INDUSTRIELLE CALDANICCIA, 20167, Sarrola-Carcopino",http://stellapatrimmo.com/
481885010,STELLANGEL Immobilier,"9 Rue Thomas Ruphy, 74000, Annecy",http://www.stellangel.fr/
487798423,STEMPNIAK,"103 rue saint jacques, 59500, Douai",https://www.ventes-terrains.net/
817642135,STEPHAN CEREZO IMMOBILIER,"4 Bd de la Buffardière, 27000, Évreux",http://www.sci.paris/
477918627,STEPHANIE BRUYELLE IMMOBILIER,"Habitation Case Navire, 97233, Schoelcher",http://www.bruyelleimmobilier.com/
882562127,STEPHANIE CORNELIS IMMOBILIER,"..., 59400, Cambrai",http://www.stephaniecornelisimmobilier.com/
798032058,STEPHIMMO,"146 RUE PARADIS, 13006, Marseille",http://www.stephimmo.fr/
835342833,STEPH’ IMMO,"40 B GRANDE RUE, 25420, Voujeaucourt",http://www.stephimmo.com/
750539066,Steve Matheis,"---, 67370, DINGSHEIM",https://www.instagram.com/quai34immo/
529981128,STG IMMOBILIER,"5 Rue Maréchal Ornano, 20000, AJACCIO",https://v2.stgimmobilier.com/
377532346,STI Pernety,"102 RUE RAYMOND LOSSERAND, 75014, PARIS 14",http://www.sti-immo.com/
483061750,STIEGLER IMMOBILIER,"1 A Rue de la Saône, 67400, Illkirch-Graffenstaden",https://www.stiegler-immobilier.fr/
987834702,STO'CAJ,"Actisud Saint-Jean, 57130, Jouy-aux-Arches",https://stocaj.fr/
791437239,STOA Agence Immo,"9 COURS DE GOURGUE, 33000, Bordeaux",http://www.agencestoa.fr/
819050964,STOCKERTOUT,"540 BD de l'Europe, 83500, LA SEYNE SUR MER",https://www.stockertout.com/
802337907,STOCKY IMMOBILIER,"19 rue Marie, 54110, Dombasle-sur-Meurthe",https://www.stocky-immobilier.com/
833272891,Stone Invest France,"22 AVENUE DE LA MAVERIA, 74940, Annecy-le-Vieux",https://www.stone-invest.fr/
883196388,STORAGE24,"19 Rue de la Grande Ozeraille, 54280, Seichamps",https://www.storage24.com/
878195072,STOREE RETAIL IMMOBILIER COMMERCIAL,"181 rue de Menin, 59520, Marquette-lez-Lille",https://www.storee-retail.com/
411044365,STRATEGIE IMMOBILIER,"37 GRANDE RUE, 71390, Buxy",http://www.strategie-immobilier.com/
835175365,StruKtur Immobilier,"54 rue de Tivoli, 57070, Metz",http://www.struktur-immobilier.com/
880831748,STUCKERT IMMOBILIER,"116A Rue de l'Illberg, 68200, Mulhouse",http://www.stuckert-immobilier.fr/
342090834,STUDEA - Nexity,,http://www.nexity-studea.com/
378888796,STUDELITES,"7 avenue de la Gare - CS 35157, 26958, Valence Cedex 09",http://www.studelites.com/
912172160,Studio Ymô - Agence Immobilière Annecy,"15 Ter rue de l’Isernon, 74000, ANNECY",http://www.studioymo.fr/
338657604,STYL'HABITAT,"9 ROUTE DE PARIS, 58640, Varennes-Vauzelles",http://www.styl-habitat.fr/
789097219,STYL'IMMOBILIER,"13 PLACE DES OTAGES, 29600, Morlaix",http://www.styl-immobilier.fr/&#8206;
484347232,STYLES,"10 PLACE VENDOME, 75001, Paris",https://www.styles.fr/fr
432051712,Stéphanie Grévin IMMOBILIER,"25, rue Emile Zola, 02100, Saint-Quentin",https://www.sgrevin-immobilier.fr/
494010358,SUBLIMO,"71 Rue de Bourgoin, 38230, Tignieu-Jameyzieu",http://www.agencesublimo.fr/
828759365,SUBLIMONS TRANSACTIONS,"106 avenue de la Marne, 56000, Vannes",https://www.sublimons.com/
822967634,SUCCESS HOUSE,"1 BIS RUE PORTES D' EN BAS, 31430, Le Fousseret",https://www.successhouse.fr/
937961498,Success Immo - Elyes BABOURI,"120 rue de la République, 69120, Vaulx-en-Velin",https://www.successimmolyon.com/
413519273,SUCCESS IMMOBILIER,"34 RUE D ARRAS, 62140, Hesdin",http://www.success-immobilier.com/
820365120,SUCCESS IMMOBILIER GACE,"26 RUE GRANDE RUE, 61230, Gacé",http://www.successimmobilier.com/
819366634,SUCCESS’IMMO,"Pole immobilier 25 avenue dµauphine, 45100, Orléans",http://www.success-immo.fr/
842606519,Suchet Immobilier,"_______________, 74410, Saint-Jorioz",http://www.suchet-immobilier.fr/
399549179,Sud Espace Immobilier,"216 ROUTE DE NARBONNE, 31400, Toulouse",http://www.sudespaceimmobilier.com/
818815284,SUD LOIRE IMMO BLOIS,"10, avenue Wilson, 41000, BLOIS",http://www.sudloireimmobilier.fr/
801842402,SUD LOIRE IMMOBILIER,"5 place de l église, 44840, Les Sorinières",http://www.sud-loire-immobilier.com/
493705222,SUD PROPRIETES,"7 Avenue de Boulogne, 31420, Aurignac",http://www.sudproprietes.com/
913774022,SUD ROUSSILLON AMENAGEMENTS,"11 RUE DES POTIERS, 66240, Saint-Estève",https://pleinsud-amenagement.fr/
491700217,SUD SAINTE VICTOIRE IMMOBILIER,"49 COURS FORBIN, 13120, Gardanne",http://www.sudsaintevictoire.com/
481953917,Sud Value,"154 rue paradis, 13006, Marseille",https://sudvalue.com/
450974050,Sudprod Immo,,http://www.sudprodimmo.com/
847853256,SUFFREN IMMOBILIER,"40 cours Mirabeau, 13100, Aix-En-Provence",http://suffren-immobilier.com/
790238075,Sully Immobilier,"6 COURS VICTOR HUGO, 45100, Orléans",http://www.sully-immobilier.fr/
429048770,SUN IMMOBILIA Cagnes-sur-mer,"56 Promenade de la plage, 06800, Cagnes-sur-Mer",https://www.sunimmobilia.fr/
398460410,SUNKAZ,"31ter rue Marius et Ary Leblond, 97410, Saint-Pierre",https://www.sunkaz.re/
912004728,SUNNY HOUSE IMMOBILIER,"800 RUE JEAN MONNET, 06210, Mandelieu-la-Napoule",https://www.sunnyhouseimmobilier.com/
519461453,SUNNYMMO ROMANECHE THORINS,"40 LE BOURG, 71570, Romaneche-Thorins",http://www.sunnymmo.fr/
895267128,SUNSET AVENUE,"21 Place de la République, 75003, Paris",https://www.sunsetavenue.fr/fr/
891869596,SUNSET IMMO,"12 avenue albert camus, 13960, SAUSSET-LES-PINS",http://www.sunsetimmo.fr/
818500415,SUPER BESSE IMMO,"4 ROUTE DES LACS, 63610, Besse-Et-Saint-Anastaise",http://www.superbesse-immo.com/
951843135,SUPER'B'IMMO BRIOUDE,"27 Rue Sébastopol, 43100, Brioude",https://www.superbimmo.com/
342339769,SUPERFICIES,"37 rue Doudeauville, 75018, Paris",https://superficies.com/
885223602,SUPERHOME,"41 Rue Fongate, 13006, Marseille",http://www.superhome.fr/
904926433,Sur les Toits Immobilier,"1 boulevard du lycée, 74000, Annecy",https://www.surlestoits-immobilier.fr/
921455945,Sur-mesure Immobilier,"378 AVENUE DE DUNKERQUE, 59130, Lambersart",https://www.surmesure-immobilier.fr/
752552992,SURAULT IMMOBILIER PLELAN LE GRAND,"56, Avenue de la Libération, 35380, Plélan-le-Grand",http://www.surault-immobilier.fr/fr/
382269595,Suzanne Immobilier,"20 rue CONDORCET, 38000, Grenoble",http://www.suzanne-immobilier.com/
803346873,SV IMMO,"100 RUE DON DOSCO, 34000, Montpellier",http://www.svimmo.fr/
834192197,SV Immobilier,"16 Rue Jean Ferrat, 34410, Sauvian",http://www.sv-immobilier.com/
908655137,SVS ALSACE IMMOBILIER,"14 route Romaine, 67730, Châtenois",https://www.svsalsaceimmobilier.fr/
941107781,SWAN & CO. IMMO,"2 rue de Lalande, 33000, Bordeaux",https://www.swanimmo.com/
904998424,SWEET HOME,"12 terrasse de la raviniere, 95520, Osny",http://www.sweet-home-immo.com/
799416094,SWEET IMMO CORP.,"19 rue thiers, 59230, ST AMAND LES EAUX",http://www.sweetimmocorp.fr/
802793885,SWELL immo Moliets,"Place de la Bastide, 40660, Moliets-et-Maa",https://www.swell-immo.fr/
321469116,SWII,"67 Cours Mirabeau, 13100, Aix-en-Provence",https://smartworldimmobilier.com/
894967207,Sylogest,"113 RUE HONORE MARTIN, 74130, Bonneville",https://sylogest.fr/
524979895,Sylvain GARDÈRES,"---------------, 64230, ARBUS",https://sylvain-garderes.capifrance.fr/fr
799514062,Sylvie Bazard Expertimo,"Route d'Eyragues - Paluds de Noves, 13550, Noves",https://www.reseau-expertimo.fr/132/-agent-sylvie-bazard/1
834649766,SYLVIE BLANC IMMOBILIER,,http://www.sylvieblancimmobilier.com/
934422536,SYMBIHOME RESIDENCES,"169 Rue de Richwiller, 68260, Kingersheim",http://www.symbihome.fr/
831589189,SYNALP IMMOBILIER,"27 place Georges Clémenceau, 73100, Aix-les-Bains",https://synalp-immobilier.fr/
411787690,SYNDIC HORIZON,"64 rue de CHANZY, 51100, REIMS",http://www.syndichorizon.com/
903883627,SYNDICAP IMMOBILIER,"33 Rue C. CAMPINCHI – 1er étage, 20200, Bastia",http://www.syndicap.fr/
881033005,SYNDICLAIR,"612 AVENUE D'OCCITANIE, 34090, Montpellier",http://www.syndiclair.fr/
928028687,SYNDIXIA Immobilier,"20 bis place Metezeau, 28100, Dreux",https://syndixia-immobilier.fr/
430112953,SYNERGIE ET HABITAT,"68 BOULEVARD JEAN JAURES, 54510, Tomblaine",http://synergie-habitat.org/
931287726,SYNERGIMO,"156 avenue de la Somme, 33700, MERIGNAC",https://www.synergimo.com/
804409423,SYNTHESE GESTION,"2 RUE DES ROCHERS, 17100, Saintes",https://www.synthese-gestion.com/
485219075,SYSTEM PLUS Immobilier - Brétigny sur Orge,"14, rue du Général Leclerc, 91220, Brétigny-Sur-Orge",http://www.plus-immobilier.com/
900620410,SZENTENDREI IMMOBILIER,"40 rond point espace Julius Estève, 34400, Lunel",http://www.szentendrei-immo.com/
483431086,Sélection Immobilier,"4 Grande Rue, 69290, Grézieu-la-Varenne",http://www.selection-immobilier.com/
811755172,Séléction Bordelaise,"7 Rue Duffour Dubergier, 33000, BORDEAUX",https://www.selectionbordelaise.immo/
922204318,T'IMMO NIVERNAIS,"14 ROUTE D'ISENAY, 58290, Isenay",https://www.timmonivernais.com/
839625753,T.R. IMMO,"251 AVENUE SAINTE VICTOIRE, 13300, Salon-De-Provence",http://www.trimmo.fr/
984671115,TABARY IMMOBILIER,"10 RUE DE LA PAIX, 66470, Sainte-Marie-la-Mer",http://tabaryimmobilier.com/
510006554,TABONI TRANSACTIONS,"82 Boulevard Gambetta, 06000, Nice",https://www.cabinet-taboni.fr/
849039383,TAILOR IMMO,"26 rue Servient, 69003, Lyon",https://www.tailorimmo.com/
789812633,TAILPIED immobilier,"26, RUE DE LA ROSIERE D'ARTOIS, 44100, NANTES",http://www.tailpied.fr/
388786113,TAL CORPORATE,"66 RUE SAINT ANTOINE, 75004, Paris",https://www.talcorporate.fr/
533642401,TALBOTIER IMMOBILIER,"35 AVENUE WILSON, 63122, Ceyrat",http://www.immobilier-ceyrat-chamalieres.com/
494356488,TALENTIS IMMO,"6-8, rue Didienne, 44000, NANTES",http://www.talentis-immo.com/
539017236,TALLARD IMMO,"8 BIS RUE DU BARRY, 05130, Tallard",http://www.tallard-immo.com/
839552932,TAM Immobilier,"53 RUE GABRIEL PERI, 78210, SAINT CYR L'ECOLE",https://www.tam-immo.fr/
348734583,TANDEM,"8 RUE SOPHIE GERMAIN, 90000, BELFORT",http://www.tandem.immo/
392936167,TANDEM IMMOBILIER,"21 RUE DE GESVRES, 60000, Beauvais",https://www.tandem-immobilier60.fr/
913038238,Tandem immobilier Dunkerque,"70, rue Belle rade, 59240, DUNKERQUE",https://www.tandem-immo.fr/
451296552,Tanguy Immobilier,"67 Av. Gabriel Péri, 95100, ARGENTEUIL",http://www.atanguy-immobilier.com/
428915748,TARAVANT IMMOBILIER,"73, Boulevard Jean Jaurès, 63000, CLERMONT-FERRAND",http://www.taravantimmo.fr/
389372590,TARRIOTTE IMMOBILIER,"208 ROUTE DE MARSEILLE, 26200, Montélimar",http://www.tarriotte-immobilier.com/
891516056,Tassin Immobilier,"8 Avenue Général Leclerc, 69160, Tassin-la-Demi-Lune",https://www.tassin-immobilier.com/
493661482,TAULIER IMMOBILIER,"65 GRANDE RUE, 38160, Saint-Marcellin",http://www.taulier-immobilier.fr/
821213394,TAVERNY IMMO,"202 RUE DE PARIS, 95150, Taverny",http://www.taverny-immo.fr/
904045077,TCB - IMMOBILIER D'ENTREPRISE,"3 Rue du Printemps, 44700, Orvault",https://www.tcb-immobilier.com/
944991868,TD Immobilier,"18 AVENUE CHARLES DE GAULLE, 73100 AIX-LES-BAINS, 73100, Aix les bains",https://www.tdimmobilier.fr/
888579737,TEAM DE LA RADE Brest,"Rue Jean Fourastié, 29480, Le Relecq-Kerhuon",https://www.kwocean.com/fr/2/chercher-bien/a-vendre
535229660,TEAM OUEST IMMOBILIER,"22 RUE DU CHAPEAU ROUGE, 29000, Quimper",http://www.team-ouest-immobilier.com/
848662904,TEAMFI,"43 rue de la République, 69002, Lyon",http://www.teamfi.fr/
485052872,TECCELIA,"18 rue de la Tuillerie, 38170, Seyssinet-Pariset",https://teccelia.com/
441102878,TECH IMMOBILIER,"187 avenue du Tech, 66700, ARGELES SUR MER",https://www.techimmobilier.com/
820115640,TEISMANN IMMOBILIER,"34 COURS JEAN JAURES, 13560, Senas",http://teismann.flatbay.fr/fr
832406961,TEISSIMMO,"103 T CHEMIN BASSIN BLEU, 97437, Saint-Benoît",https://www.teissimmo.com/
531986073,TEKA IMMO,"8 BOULEVARD LANCASTEL, 97400, Saint-Denis",http://www.tekaimmo.com/
904776515,TEM Immobilier,"689 Rte de Genève,, 01360, Béligneux",https://tem-immobilier.fr/
398447565,TEMERAIRE IMMOBILIER,"65 AVENUE DE LA REPUBLIQUE, 39300, Champagnole",http://www.temeraire-immobilier.com/
409407046,TEMPLUM IMMOBILIER,"94 Avenue d'Avignon, 84700, Sorgues",https://agencetemplum.com/fr/notre-agence
800320087,TEMPO IMMOBILIER,"12 BIS RUE FALGUIERE, 31000, Toulouse",http://www.tempo-immo.com/
539091157,TENDANCE IMMO,"7 PLACE DU GENERAL DE GAULLE, 61170, LE MELE SUR SARTHE",http://www.tendanceimmo.com/
918484643,TENDANCE IMMO,"10 rue Hippolyte Faure, 11100, Narbonne",http://www.agence-tendanceimmo.com/
843294596,TENDANCE IMMO 05,"7 PLACE DE LA RÉPUBLIQUE, 05000, Gap",http://tendanceimmo05.fr/
527509699,Tendance Immobilier,"1160 Rue Principale, 31330, Larra",http://www.tendance-immobilier.fr/
442784674,TERACYTÉ BOURG EN BRESSE,"16, rue de la grenouillère, 01000, Bourg-En-Bresse",https://www.teracyte-immobilier.fr/
921503751,TERAMATA,"96 Rue Paradis, 13006, Marseille",http://www.teramata.com/
834644254,TEREMIS Gestion Immobilière,"10, Rue Jean ROUXEL ZAC DE LA PENTECOTE-DYNAMIA 2 Bât B,, 44700, Orvault",https://teremis.fr/
820125904,Terence Frank Real Estate | Nice,"11 Rue Lamartine,, 06000, Nice",http://terencefrank.com/fr/
422843821,Terimmo Atlantique,"22 Rue Benjamin Franklin Bâtiment Le Phoenix, 85000, La Roche-sur-Yon",https://terimmo-atlantique.com/
850626912,TERR'ALTA,"155 Chemin d’Evordes, 74160, Collonges-sous-Salève",https://www.terralta-immobilier.com/
799046073,TERR-IMMO,"482 Rue de Baudringhem, 62120, Campagne-lès-Wardrecques",https://www.terr-immo.com/
809108137,TERRA ALBERA - Agence Immobilière - Real Estate,"4 BIS RUE DU STADE, 66740, Laroque-Des-Albères",http://www.terra-albera.com/
849599410,TERRA AMENAGEMENT,"Rue d'Obermodern, 67330, Bouxwiller",https://terra-amenagement.fr/
977753078,TERRA COSTA IMMOBILIER,"378 avenue de Pascouaou, 40150, Soorts-Hossegor",https://terra-costa-immobilier.com/fr/
902514355,TERRA FORUM,"4 rue du lavoir, 67270, DURNINGEN",http://www.terraforum.immo/
441309408,TERRA IMMOBILIER AJACCIO,"Résidence les dauphins BAT A saint-joseph, 20090, AJACCIO",http://www.terra-immobilier.com/AJACCIO/
827617812,TERRA IMMOBILIER SOLENZARA,"T10 Via Di U Commandanti Poli, 20145, SOLENZARA",https://www.terraimmobiliersolenzara.com/
503458929,TERRA MARE IMMOBILIER,"Les galeries de Malassan, 11120, Saint-Marcel-sur-Aude",https://www.terra-mare-immobilier.fr/
901309526,TERRA TRANSACTION,"3 Place du Monument aux Morts, 30700, Saint-Quentin-la-Poterie",http://www.terra-transaction.com/
983090739,TERRA VILLA IMMO,"20 Chemin du Petit Pin Vert, 13400, Aubagne",https://www.terravillaimmo.com/
498456367,TERRACOTA IMMOBILIER,"165 rue charles goujon, 83700, Saint-Raphaël",http://www.terracota-immobilier.fr/
434106704,TERRAIN SERVICE,"48-49 Boulevard de Chézy, 35000, Rennes",http://www.terrainservice.com/
492495155,TERRASSE DU SUD,"565 AVENUE DU PRADO, 13008, Marseille",https://www.terrassedusud.com/
814623815,Terrasse en ville la Ciotat,"4 rue Lamalgue, 83000, Toulon",http://www.terrasse-en-ville.com/
843450800,TERRAVENIR IMMOBILIER,"183 Rue de l'Industrie, 26700, Pierrelatte",http://www.terravenir-immobilier.fr/
481232106,TERRAVIA,"3 Place Albert Einstein, 56000, Vannes",http://www.terravia.fr/
309980977,TERRAZUR IMMOBILIER,"11 avenue pierre chalmette, 06220, Golf Juan",http://www.terrazurimmo.com/
500066642,Terre & Développement,"Cité de l'Habitat, Rue de Thann, 68460, Lutterbach",https://www.terre-developpement.com/
899223697,TERRE & MER Immobilier,"5 BD ARISTIDE MAILLOL, 66750, Saint-Cyprien",http://www.terreetmerimmo.com/
444136337,Terre bleue immobilier,"2 allee des lumieres, 13600, LA CIOTAT",https://www.terrebleueimmobilier.com/
789185675,TERRE D IMMO,"4 rue René Madec, 29000, QUIMPER",http://terredimmo.fr/
495183121,TERRE D OC PATRIMOINE,"88 Route d’ALBI, 31240, SAINT-JEAN",http://www.terredoc-patrimoine.fr/
909120263,TERRE DE BIENS,"3 RUE DU BOUT DU PORT, 02290, FONTENOY",https://terredebiens.fr/fr/
518752803,TERRE DU SUD IMMOBILIER,"19 cours de la république, 11200, Lézignan-Corbières",http://www.terredusud-immobilier.com/
515337673,Terre du Sud Ouest Bidart,"Route de Bayonne - Espace Agorreta -, 64210, Bidart",http://www.terredusud-ouest.com/
793848615,TERRE ET MER DU SUD IMMOBILIER,"5 bis rue du 4 Septembre, 34500, Béziers",http://www.terremerdusudimmo.com/
448401786,TERRE ET MER IMMOBILIER,"Pole Constance - 165 Route de Nimes, 30220, Aigues-Mortes",http://www.terremerimmo.com/fr/
445042625,TERRE ET TOIT,"7 Avenue de Tizé, 35235, Thorigné-Fouillard",https://monterrain35.fr/
519289086,terre latine,"4 place albert ollivier, 06390, Contes",https://terre-latine.com/index.php
491761326,TERRE MARINE,"6 AVENUE DE PERPIGNAN, 66140, CANET EN ROUSSILLON",http://www.agenceterremarine.com/
913371134,TERRENLOT,"960 Route du Col, 38340, La Sure en Chartreuse",https://www.terrenlot.com/saint-bueil/
844689943,Terres & Toits Immobilier,"1 rue des plantiers, 04100, Manosque",https://www.terres-toits-immobilier.com/
422223529,TERRES DE BOURGOGNE,"14B Rue Colbert, 71100, Chalon-Sur-Saône",http://www.terres-de-bourgogne.fr/terrains-disponibles/
349338111,TERRES DE LOIRE HABITAT,"18 AVENUE DE L EUROPE, 41000, Blois",http://www.terresdeloirehabitat.fr/
272200015,TERRES D’ARMOR HABITAT,"6 rue des Lys, 22440, PLOUFRAGAN",http://www.cotesdarmorhabitat.com/
495056723,TERRES ET DEMEURES DE NORMANDIE CORMEILLES,"2 rue de l'Abbaye, 27260, Cormeilles",https://www.terresetdemeuresdenormandie.com/
913776597,TERRES ET DOMAINES,"5 Rue du Pont de Pierre, 18300, Saint-Satur",https://www.terresetdomaines.com/
833980956,TERRES ET PIERRES EN PERIGORD,"39, bis ,avenue de la Liberation, 24210, Thenon",http://www.immobilier-perigord.net/
537689507,TERRES LATINES IMMOBILIER,"11 boulevard de Prague, 30000, Nîmes",http://www.terreslatines.com/
403161169,TERRES NOBLES,"2 Ter Montée du Roy, 69780, Toussieu",https://www.terresnobles.com/
877728485,TERRIEN IMMOBILIER Agence Immobilière,"24 rue Carnot, 49290, Chalonnes-sur-Loire",http://www.terrien-immobilier.com/
498556463,TERRINVEST et CIE,"110 Route de Lyon, 38300, Domarin",http://www.terrinvest.fr/
539426114,Territoire 25,"6 rue Louis Garnier, 25000, Besançon",http://www.sedia-bfc.fr/
279000038,Territoire habitat,"29 Quai Vauban, 90000, belfort",http://www.th90.fr/
802646117,TERRITOIRE VAUCLUSE,"6 Passage de l'Oratoire, 84000, Avignon",https://splterritoire84.com/fr/
527552236,TERRITOIRES,"1 rue Geneviève de Gaulle-Anthonioz - CS 50726, 35207, RENNES CEDEX 2",https://www.territoires-rennes.fr/commercialisation/terrains-a-vendre
531349421,TERROINE - IMMOBILIER T.GM Sarl,"12 QUAI KLEBER, 67000, STRASBOURG",http://www.terroine-immobilier.com/
824759476,Terrrasse en ville AIX,"4 bis rue Campra, 13090, Aix-En-Provence",http://www.terrasse-en-ville-aix.com/
840062244,Terrésens,"19 bis Place Tolozan, 69001, Lyon",https://www.terresens.com/fr/accueil-terresens/
985276476,TESS'IMMO,"10 AVENUE DES HOSPITALIERS, 31880, LA SALVETAT ST GILLES",https://www.tessimmo.fr/
498482876,Tesserim,"59 av. Maréchal de Saxe, 69003, Lyon",https://www.tesserim.com/
839034899,TETRIS IMMOBILIER,"181 Cours de la République, 84120, Pertuis",https://www.tetris-immobilier.com/
775545882,TEYSSIER CHRISTIN,"4 PLACE DE LA MAIRIE, 69440, Mornant",http://www.teyssier-christin.com/
753349893,TF IMMO,"11 PLACE DU MARCHE AUX POISSONS, 54200, Toul",http://www.tfimmo.com/
430143768,TFC IMMOBILIER,"5 PLACE DES SAPEURS POMPIERS, 22170, Châtelaudren",http://www.tfcimmobilier.com/
433767365,TGE IMMOBILIER,"77 Chem. de la Baou, 83110, Sanary-sur-Mer",https://www.tge-immobilier.fr/
821963261,Thadée Patrimoine,"38 RUE PAUL COXE, 13015, Marseille",http://www.thadeepatrimoine.com/
834924730,Thalia Patrimoine,"2 rue Henri Chivaley, 33360, Quinsac",https://www.thalia-patrimoine.com/
915180012,THALIS IMMOBILIER,"170 ROUTE DE LA COMMANDERIE, 33240, La Lande-de-Fronsac",http://www.thalis-immobilier.com/
839731569,THE HOME CLUB,,http://www.gravier-immobilier.com/
849494521,THE HOME CLUB,,http://www.the-home-club.com/
899878581,THE HOME IMMOBILIERE,"QUARTIER DES GARDIS - JOUQUES, 13490, JOUQUES",http://www.thehome-immobiliere.com/
984610766,The IMMO TIMES,"14 Rue Du Bailliage, 76000, Rouen",http://www.the-immotimes.com/
489070482,The Nest Immobilier,"8, route de Bâle, 68000, Colmar",https://thenestimmo.fr/
898544168,THE OTHER FLAT IMMOBILIER,"263 CHEMIN DU VALLON DE LORIOL, 13007, Marseille",https://theotherflat.com/
850786567,THE OU CAFE IMMOBILIER,"71 rue Robert Schuman, 57050, Longeville-lès-Metz",http://www.theoucafeimmobilier.com/
440744993,THE WEDGE IMMOBILIER,"16 Bd de la Liberté, 94170, Le Perreux-sur-Marne",http://www.the-wedge.com/
929336154,THEAMILLERS,"Parc citérama route de napollon, 13400, Aubagne",https://www.theamillers.com/
890932122,Thela Immobilier,"42 grande rue, 08260, Maubert-Fontaine",https://www.thela-immobilier.fr/
401161112,THELENE ENTREPRISES,"LE MILLENAIRERUE HENRI BECQUEREL 63 ALLEE NIELS BOHR, 34000, Montpellier",http://www.thelene-entreprises.com./
810816884,THEMEIS IMMOBILIER,"20 rue chasles, 78120, Rambouillet",https://www.themeis.fr/
801844317,THEODORE IMMOBILIER,"112 avenue Ledru rollin, 75011, Paris",https://www.theodore-immo.fr/
881884845,THIBAUD VENET IMMOBILIER,"32 Quai Paul Sédallian, 69009, Lyon",http://www.thibaud-venet-immobilier.com/
910446772,THICENT GROUPE,"31 RUE DE LA RÉPUBLIQUE, 67720, Hoerdt",https://www.thicent-groupe.com/
819936378,THIDAM-IMMO,"4 CHEMIN DE BOSDARROS, 64800, Nay",http://thidam-immo.fr/
477715981,THIERRY BADIN IMMOBILIER,"391 Grande rue, 73130, La Chambre",http://www.btimmo.com/
397928391,Thierry Bervas immobilier,"10 Rue Kerhuel, 29280, Plouzané",https://www.tb-immobilier.fr/
887910198,THIERRY IMMOBILIER AGENCE DU THEATRE BRETAGNE,"2 place de la republique, 35800, Dinard",http://www.thierry-immobilier.fr/fr/agence-immobiliere/dinard/agence-du-theatre-dinard/5F7C23BC01AC1604497895
452978729,THIERRY LANGLOIS IMMOBILIER,"64 place de la République, 59830, CYSOING",http://www.langlois-immobilier.com/
881873186,Thomas & Piron,"160 rue des Clauwiers, 59113, Seclin",http://www.thomas-piron.fr/
887050268,THOMAS ENTREPRISE PROMOTION,"35 boulevard du Chateau BP 25, 42210, Montrond-les-Bains",http://www.thomas-entreprise.fr/
952548469,THOMAS METIVIER IMMOBILIER,"10 RUE NIEPCE, 34500, BEZIERS",https://www.thomas-metivier.fr/
851380733,THOMAS WILLIS IMMOBILIER,"44, rue Malesherbes, 69006, Lyon",https://www.thomaswillisimmobilier.com/
952106763,THORR & VINCI,"1 A RUE DU KLAENDERWEG, 68580, HINDLINGEN",https://thorr-vinci.fr/
948902861,THOULOUZE IMMOBILIER,"520 B CHEMIN DU SABLASSOU, 34170, Castelnau-le-Lez",https://www.thoulouzeimmobilier.fr/
953565918,Ticket Immobilier,"471 Route de Grenade, 31530, Saint-Paul-sur-Save",http://www.ticket-immo.fr/
401383039,TIGRE IMMOBILIER,"23 AV DU LT COLONEL MARTIN, 59600, Maubeuge",http://www.tigre-immobilier.fr/
845009893,TIMER IMMOBILIER,"Bureau 3 34 PLACE DU GENERAL DE GAULLE 59800 LILLE, 59800, Lille",https://www.timer-immobilier.fr/
994109908,TINY IMMO,"87 ROUTE DE PEYRILHAC, 87510, Saint-Gence",https://tiny-taux-credit.fr/fr/page/agence-immobiliere
879949600,TIPASSE IMMO,"150 GRANDE RUE - 27520 GRAND BOURGTHEROULDE, 27520, GRAND BOURGTHEROULDE",http://www.tipasse-immo.fr//
530891548,TIPI IMMOBILIER,"163 RUE SADI CARNOT, 62400, Béthune",http://www.tipi-immobilier.com/
454501289,TISSERIN HABITAT,"612, rue de la Chaude Rivière, 59800, Lille",https://www.tisserin-habitat.com/
880398417,TiT immobilier,"13 PLACE JULES MERCIER BP 199, 74200, Thonon-Les-Bains",http://www.tit-immobilier.com/
893480392,TITAN IMMOBILIER,"28-30 Rue du Maréchal French, 59140, Dunkerque",http://www.titan-immobilier.fr/
898622477,TITANIUM IMMOBILIER,"-----, 27140, GISORS",http://www.titanium-immo.fr/
509715959,TITOM TRANSACTION,"35 boulevard Carnot, 93200, Saint-Denis",http://www.titom-transaction.fr/
879927358,TIVOLI IMMOBILIER MEDOC,"2 Rue Jean Jacques Rousseau, 33340, Lesparre-Médoc",https://www.tivoli-immobilier-medoc.fr/
440268985,TMO PATRIMOINE,"13 Corniche du Fort, 44770, Préfailles",http://www.tmopatrimoine.com/
885358770,TNL Provence Immobilier,"34 Rue Alphonse Daudet, 13013, Marseille",https://www.tnlprovence-immobilier.fr/
879894418,TOAH IMMOBILIER,"533 chemin des grands Rès, 74370, Saint-Martin-Bellevue",http://www.toah-immobilier.fr/
992739920,TOIT & MOI,"20 Avenue des Rives du Lac, 70000, Vaivre-et-Montoille",https://www.toit-et-moi.com/
933394223,Toit & Tomette,"177 RUE SAINTE, 13007, Marseille",https://toitettomette.com/about
753884311,TOIT COMME VOUS,,https://www.toitcommevous.com/
311009146,Toit Français agence conseil,"61 Cr de Verdun, 33000, Bordeaux",https://toit-francais.fr/
948141056,TOIT POUR TOI,"147 avenue du Général Foy, 80000, Amiens",https://www.toitpourtoi.com/
823146014,TOP IMMO,"32 bis rue de la Libération, 91680, BRUYERES LE CHATEL",http://www.agencetopimmo.fr/
833979370,TOPIMMO,"18 PLACE DE LATTRE DE TASSIGNY, 68000, Colmar",http://www.top-immo.fr/
849446901,TOPS IMMOBILIER,"9 bd Charles de Gaulle, 12200, Villefranche-de-Rouergue",http://www.topsimmo.fr/
430200832,TORRENS IMMOBILIER,"5 ESPLANADES DES FONTAINES, 82000, Montauban",http://www.immobilier82.fr/
882326374,TOTEM IMMO,"22 RUE DU PRESIDENT WILSON, 92300, Levallois-Perret",https://www.totemimmo.fr/
797958410,Toul'house Immobilier,"31 avenue Jean Chaubet, 31500, Toulouse",http://www.toulhouseimmobilier.fr/
979845229,TOUL'IMMO,"19 RUE GAMBETTA, 54200, Toul",http://www.toul-immo.com/
834554933,TOULON IMMOBILIER,"282 Boulevard Docteur Cuneo, 83000, TOULON",https://toulon-immobilier.net/index.html
499101483,TOULOUSE IMMO CONSEIL,"6 RUE DE LA CONCORDE, 31000, Toulouse",http://www.toulouse-immo-conseil.com/
754098382,TOUR DES LACS - IMMOBILIER,"5 AVENUE DU PETIT PORT, 74000, Annecy",http://www.tourdeslacs.com/
684801293,TOURAINE LOGEMENT,"11 allée Pina Bausch, 37200, Tours",https://www.touraine-logement.fr/
993501121,TOURNAIRE IMMOBILIER,"823 rue des grillons, 69400, Gleizé",https://www.tournaireimmobilier.fr/
921848073,Tourneur Immobilier,"7 rue Louis Blanc, 83110, Sanary-sur-Mer",https://www.tourneurimmobilier.fr/
790631162,TOURNIER IMMOBILIER,"32 rue carnot, 31290, Villefranche-de-Lauragais",https://www.tournier-immobilier.fr/
821146396,TOURNY INVEST,"6 Cours de Tournon, 33000, Bordeaux",https://tourny-invest.fr/
351243076,TOURS HABITAT,"1 RUE MAURICE BEDEL CS 13333, 37033, TOURS CEDEX",https://www.tmh.fr/
432974889,Tours Val de Loire Sotheby's International Realty,"36 Rue de la Scellerie, 37000, Tours",https://www.valdeloire-sologne-sothebysrealty.com/fr/
529453029,TOURS’N GESTION IMMOBILIERE 37,"21 Rue Buffon, 37000, Tours",https://gautard-immobilier.fr/index.html#
940830136,Tourves Immobilier,"Route de Saint Maximin, 83170, Tourves",https://www.tourvesimmobilier.com/
929391530,TOUT L'IMMO,"2 Rue du Centre, 38550, Le Péage-de-Roussillon",http://www.toutlimmo.fr/
419656780,TOUT L'IMMOBILIER,"2 Place de la Mairie, 46240, LABASTIDE-MURAT",https://www.immobilier-labastide.com/
507451474,TOUT L'IMMOBILIER,"2066 AVENUE DU 11 NOVEMBRE, 40440, Ondres",https://www.toutlimmobilier-landes.com/
480160365,TOUT UN PROGRAMME,"11 Avenue d’Albigny, 74000, Annecy",http://www.gerimalp.fr/programmes-neuf
499418390,Toutabitat,"39, Avenue Forest, 08000, Charleville-Mézières",http://www.toutabitat.com/
498491067,TOUTATISSIMMO,"159 ROUTE DEPARTEMENTALE 386, 69560, Sainte-Colombe",http://www.toutatissimmo.fr/
809815962,TOZZOLI IMMOBILIER,"200 RUE DE LA PEPINIERE, 38070, Saint-Quentin-Fallavier",http://www.tozzoli-immobilier.fr/
334382256,TRADI DEMEURES,"1 rue des artisans, 71240, Saint-Loup-De-Varennes",http://tradi-demeures.com/
798900148,TRADI-ART IMMOBILIER,"38 RUE CLEMENT ADER, 91700, Fleury-Mérogis",https://tradi-art.fr/tradi-art/la-societe/
493063119,TRADIBATI,"138 AVENUE JEAN JAURES, 26200, Montélimar",http://montelimar.tradibati.com/
493063317,TRADIBATI,"162 Rue Jean Vilar, 26000, Valence",https://valence.tradibati.com/
537860215,TRADIECO,"42 RUE DE LA REPUBLIQUE, 03000, AVERMES",https://www.tradieco.com/
339718157,TRADIMAISONS,"2 rue de l'Eminée, 63000, CLERMONT FERRAND",http://www.tradimaisons.fr/
528863053,TRANQUILLIMMO,"51 Avenue Anatole France, 33160, SAINT MEDARD EN JALLES",https://www.tranquillimmo.fr/l-agence-tranquillimmo
479807695,TRANS' INNO,"3 place des Halles, 44260, Savenay",https://www.dominno-immobilier.fr/
514367978,TRANS'ACTIF,"24 RUE DE PARADIS, 75010, Paris",https://www.transactif-immobilier.fr/fr/
321897340,TRANSAC IMMO,"44 AVENUE CHARLE DE GAULLE BP 12, 77630, Barbizon",http://www.zabelimmo.fr/transac-immo-barbizon-163
445244049,Transac'Immo,"2 BIS AVENUE DE CIZOLLES, 63300, Thiers",http://www.transac63.fr/
988299673,TRANSAC'IMMO,"Rue Jean Pain, 38600, Fontaine",https://www.transac-immo.com/
894736883,TRANSAC'IMMOBILIER,"Bat B Residence les voiles blanches - route du port, 20145, Solenzara",http://transacimmobilier.fr/
511537136,TRANSACOM,"5, RUE JULES FAVRE et 8, PLACE DES HALLES, 37000, Tours",http://www.transacom.com/
832043418,Transaction Diffusion Immobilier,"3 Av. des Trois Frères Arnaud, 04400, Barcelonnette",https://www.diffusion-immobilier.com/
989880547,TRANSACTION GRAND OUEST,"55 Bis Rue de Rennes, 35510, Cesson-Sévigné",https://transactiongrandouest.fr/
910325893,TRANSACTION PASSION IMMOBILIER,"16 rue Gaïa - Tecnosud 2, 66100, Perpignan",https://www.transactionpassionimmobilier.com/
519465173,TRANSACTION-IMMO37.COM,"7 RUE RAPIN, 37000, Tours",http://www.transaction-immo37.com/
399818012,Transactions & Locations Immobilière,"20 PLACE TURENNE, 59240, Dunkerque",http://tli-immobilier.com/
533507158,TRANSAGEST,"5 place de Stalingrad, 91430, Igny",http://www.transagest.com/
453335671,Transalpes Immobilier Malakoff,"6 RUE MALAKOFF, 38000, Grenoble",http://www.transalpesimmobilier.fr/
823748215,TRANSAXIO ALSACE LORRAINE,"57 Rue Victor Schoelcher, 68200, Mulhouse",https://www.transaxio.fr/
508902418,TRANSMICIBLE,"6 place du palais, 33000, Bordeaux",http://www.transmicible.com/
931218945,Trans’Acte immobilier,"16 Rue des Capucins, 62000, Arras",https://www.transacte-immobilier.fr/
978557379,TRASSUD IMMOBILIER,"9 AVENUE COMMANDANT DUMONT, 05000, Gap",http://www.trassudimmo.fr/
808366397,TRECH HABITAT,"27 AVENUE CHARLES DE GAULLE, 19000, TULLE",https://www.trechhabitat.com/
939267886,TRINNITY IMMOBILIER,,http://www.immotrinnity.fr/
809061005,TRIPLEX,"3 Rue Golbéry, 68000, Colmar",http://www.tripleximmobilier.fr/
793777897,TRISKEL IMMOBILIER,"25, RUE DE L’HÔTEL DE VILLE, 22140, Bégard",http://www.triskel-immo.com/
842642639,TRIUMVIRAT FINANCES,"4 place de la république, 14000, Caen",http://www.triumvirat-finances.fr/
812087781,TROPIS IMMOBILIER,"33 bd Griffoul Dorval, 31400, TOULOUSE",http://www.tropis-immobilier.fr/
849945225,Troyes Champagne Immobilier,"11 rue Raymond Poincaré, 10000, Troyes",http://www.troyes-champagne-immobilier.fr/
981340219,TRUSTIFY,"1 Rue des Orchidées, 56230, Questembert",https://trustifygroup.fr/
925330144,TRYBE IMMO 34,"4 B Place de l'Europe, 34170, Castelnau-le-Lez",http://www.trybe.immo/
509017687,TSI LANNEMEZAN,"48 RUE ALSACE LORRAINE, 65300, Lannemezan",http://www.tsilannemezan.com/
484833066,TSM (Korine Olivier),"1695 ROUTE D EGUILLES, 13090, Aix-en-Provence",https://www.korineolivier.com/
938550688,TTCH IMMOBILIER,"15 AVENUE PHILIPPE AGUSTE, 75011, Paris",https://www.ttch-immo.com/
749964656,TUC IMMOBILIER SAINT AMBROIX,"1 RUE DE LA REPUBLIQUE, 30500, SAINT AMBROIX",http://www.saint-ambroix.letuc.com/
424523637,TURONE IMMOBILIER,"102 QUAI JEANNE D'ARC, 37500, CHINON",https://www.turoneimmobilier.com/content/1/notre-agence.html
897973111,TURQUOISE LOCATION,"83 Boulevard Emile Zola, 69600, Oullins",https://turquoiselocation.fr/
891560336,TY PROMOTION-RENOVATION,"16 Rue Ferdinand Buisson, 44600, SAINT-NAZAIRE",https://typromotionrenovation.fr/
927905984,TYPI IMMOBILIER,"Pôle de Technellys - Bat B, 56600, Lanester",https://www.typi-immobilier.bzh/
845269620,TYPIQUEMENT IMMO,"154 Route de Seysses, 31100, Toulouse",https://www.typiquement-immo.fr/
948337936,UBIREAL,"34 avenue des champs elysees, 75008, Paris",https://www.ubireal.fr/
850300286,UN JOUR UN BIEN IMMOBILIER,"5 allées de Tourny, 33000, BORDEAUX",http://www.unjourunbien.com/
902837962,UN L DEUX C IMMO,"---, 06300, Nice",http://www.clc-immo.com/
853615359,UN NOUVEAU CHEZ VOUS,"8 Rue des Coeurés, 44210, Pornic",http://www.unnouveauchezvous.fr/
883960460,Un Palmier Dans La Cour,"31 RUE RENE VENTURINI, 69370, Saint-Didier-au-Mont-d'Or",https://www.unpalmierdanslacour.com/
513923730,UN TOIT EN PROVENCE,"193 BD DE LA REPUBLIQUE, 13490, JOUQUES",http://www.untoitenprovence.com/
833372782,Un Toit et Vous,"56 Cr Pasteur, 33000, Bordeaux",https://www.untoitetvous-bordeaux.fr/
680201365,UN TOIT POUR TOUS,"8 BIS AVENUE POMPIDOU, 30914, NIMES CEDEX 2",http://www.untoitpourtous.fr/
851188433,"Un toit, une histoire...","44 Rue Edith Cavell, 92400, Courbevoie",http://www.untoitunehistoire.fr/
478173388,URBA SUD CONCEPT,"195 Quartier Coulondre, 30670, Aigues Vives",https://www.urbasudconcept.com/
529800088,URBAN IMMO,"278 PLACE ERNEST GRANIER, 34000, Montpellier",http://www.urbanimmo.com/
511375461,URBAN IMMOBILIER,"9 allée de Chartres, 33000, Bordeaux",http://www.urbanimmobilier.fr/
908709009,URBAN PRO GESTION,"4 rue de la Pompe, 75116, Paris",http://www.urbanpro.fr/
352588727,URBAT,"1401 AVENUE DU MONDIAL 98 RESIDENCE OXYGENE CS 68214, 34000, Montpellier",https://www.urbat.com/
903205888,UXCO,"125 Rue Gilles Martinet, 34070, Montpellier",https://www.uxco.com/
917506073,V&F IMMO,"9 rue Lagasso, 31820, Pibrac",http://v-fimmo.com/
323354746,V.I.A,"35 rue Pharaon, 31000, Toulouse",http://www.agencevia.com/
480230960,V.O IMMOBILIER,"51 ROUTE DE BLAGNAC, 31200, Toulouse",https://www.voimmobilier.fr/
810841049,VACHERAND BERGUES VENTE,"3 Rue Nationale, 59380, Bergues",https://www.vacherand.fr/
912967981,VADELLA Immobilier,"------------, 20200, Bastia",https://www.instagram.com/lsimmobilier_?igsh=YzM3dW83bzlvNW56
500069943,VAILLANT IMMOBILIER,"6 BOULEVARD MUTUEL, 72000, LE MANS",http://www.vaillant-immobilier.com/
888116019,VAISON VENTOUX IMMOBILIER,"5 Montée des Genêts, 84110, Vaison-la-Romaine",https://www.vaisonventouximmo.fr/
851850446,Val 60 - Agence Immobilière Clermont,"41 RUE DE LA REPUBLIQUE, 60600, Clermont",https://www.al60.com/
309989226,VAL D YERRES IMMOBILIER,"19 BIS RUE DE BOISSY ST LÉGER, 91480, Quincy-Sous-Sénart",http://www.vy-immobilier.com/
271800013,Val de Berry,"14 rue Jean-Jacques Rousseau, 18000, Bourges",http://www.valdeberry.fr/
794512087,VAL DE ROLAND,"3 RUE DE LA LANNE, 65120, Luz-Saint-Sauveur",http://immo-valderoland.fr/
414097162,VAL DE SAONE TRANSACTIONS,"46 RUE ANTOINE MASSON, 21130, AUXONNE",https://immobilier-vst.com/
382383206,VAL IMMOBILIER MAISSE,"55 Grande rue Maisse, 91720, Maisse",http://www.val-immo.com/
908877368,VAL SAVOIE IMMOBILIER - VSI,"12 Place de L'Hôtel de Ville, 73400, Ugine",http://www.valsavoieimmobilier.com/
781598248,VAL TOURAINE HABITAT,"7 RUE DE LA MILLETIERE, 37080, TOURS Cedex 2",http://www.valtourainehabitat-vente.fr/
344796701,Val Transaction,"26 AVENUE DE LA LIBERATION, 63000, Clermont-Ferrand",https://www.val-transactions.com/
831871892,VAL''IMMOPRO Immobier Commerces & Entreprises,"8 avenue des Allobroges, 74200, Thonon-les-Bains",http://val-immopro.com/
929937993,Val'immo by Valérie & Alexandre,"Rue désiré Corbehem, 62860, Oisy-le-Verger",https://www.val-immo.fr/fr/
815057187,Val'Neige Immobilier,"avenir 3, 73450, Valmeinier",http://www.valneige-immobilier.com/
845159094,VALADE IMMOBILIER,"68 avenue La Fayette, 17300, Rochefort",https://www.valadeimmobilier.fr/fr
524184785,VALAT LES 2 ALPES,"85 Avenue de la Muzelle, 38860, Les Deux Alpes",http://www.vallat-elegance.com/fr/agence-immobiliere/les-2-alpes/vallat-les-deux-alpes/60658229CC401123987665
423847649,VALBERG AGENCE,"6 Avenue de Valberg, 06470, Péone",http://www.valberg-agence.com/
800053779,VALCOR IMMO,"32 ALLEE DE LA ROBERTSAU, 67000, Strasbourg",http://www.valcorimmo.fr/
921002515,VALENCAY IMMOBILIER,"6 Rue des Piverts, 68110, Illzach",http://www.valencay-immo.com/
487676025,Valenti Immobilier,"10 Place de l'Église,, 44730, Saint-Michel-Chef-Chef",http://www.valenti-immobilier.com/
953329737,Valentimmo - Agence immobilière Neuilly-Plaisance,"36 Av. du Maréchal Foch, 93360, Neuilly-Plaisance",https://www.valentimmo.com/
943370122,"VALENTIN REAL ESTATE,","59 Ave de la Liberation Maison 8, 33120, Arcachon",https://www.valentinrealestate.fr/
344503784,VALENTINO IMMOBILIER,"4 PLACE DE LA REPUBLIQUE, 69740, Genas",http://www.valentino-immobilier.com/
910942499,VALERIE AUBRIT IMMOBILIER,"21 Av Du Général De Gaulle, 49400, Saumur",https://www.valerieaubritimmobilier.fr/
443233176,VALERIE GIGON IMMOBILIER,"7 BIS RUE DES BOIGENETS, 25600, Vieux-Charmont",http://www.gigon.immo/
881058796,VALERIE HERBELOT IMMOBILIER,"------, 94430, Chennevières-sur-Marne",http://www.valerieherbelot.com/
517413696,VALERIE LORENZO VOTRE AGENCE IMMOBILIERE,"CHEMIN DE LA ROQUE MARTINE, 13710, Fuveau",http://valerielorenzoimmobilier.com/
514538446,VALERIE VINEL IMMOBILIER,"27 Rue Maizières, 21200, Beaune",https://www.valerievinelimmobilier.com/
879294650,VALEUR AJOUTEE,"32 Allée du Parc, 13770, Venelles",http://www.valeurajoutee.immo/
914343041,VALEURS ET EXPERT : Agence immobilière solidaire,"25 rue Jules Guesde, 59175, TEMPLEMARS",http://www.valeurs-et-expert.fr/
850116229,VALEURS ET PATRIMOINE,"-------------, 68100, Mulhouse",https://www.vep.immo/
750215014,VALEURS IMMOBILIERES 31,"11 avenue FRIIZAC, 31000, Toulouse",http://valeursimmobilieres31.com/
423191287,VALEURS SURES,"24 Bvd de la REPUBLIQUE, 59100, ROUBAIX",https://www.valeurs-sures.net/
798273173,VALIMOVIA,"63 RUE DE LA REPUBLIQUE, 07130, Saint-Péray",http://www.valimovia.fr/
792081523,VALLAT IMMOBILER ANNECY,"8 BIS RUE DU PRÉSIDENT FAVRE, 74000, Annecy",https://www.immo-lacs.com/
510949027,VALLAT IMMOBILIER,"3 RUE DU 4 SEPTEMBRE, 34300, Agde",http://www.vallatimmo.com/
482719333,VALLEE VERTE IMMOBILIER,"972 ROUTE VALLA VERDA, 74420, Habère-Lullin",http://www.vvimmobilier.com/nous-contacter.htm
344083274,VALLET IMMOBILIER,"3 Place Saint Michel, 30130, PONT SAINT ESPRIT",http://www.valletimmobilier.com/
382156800,VALLET IMMOBILIER,"30 BOULEVARD MARECHAL FOCH, 38000, Grenoble",http://www.vallet-immobilier.fr/
949916803,VALMI,"7 BOULEVARD MARECHAL FOCH, 83300, Draguignan",https://valmi-expert.fr/
823097597,Valmorel Immobilier,"36 Le Bourg-Morel, 73260, Les Avanchers-Valmorel",http://www.valmorel-location-immobilier.com/
353462500,VALMY IMMOBILIER,"11 rue des Bains, 69009, Lyon",https://valmy-immobilier.com/fr/
813561867,VALOIS IMMOBILIER,"37 BIS AVENUE DU PRESIDENT WILSON, 87700, Aixe-Sur-Vienne",http://www.nvalois-immobilier.fr/
823123963,VALOPARK,"75 rue de RICHELIEU, 75002, Paris",https://www.valopark.fr/
813230786,VALORIANCE GESTION,"9 RUE PIERRE MARX, 77260, LA FERTE SOUS JOUARRE",http://valoriance-gestion.fr/
512369141,VALORIS IMMOBILIER,"27 BOULEVARD GAMBETTA, 38000, Grenoble",https://www.valoris-immobilier.fr/
845176619,VALORISER SON BIEN,"121 rue Andre Dessaux, 45400, Fleury-Les-Aubrais",https://valorisersonbien.com/
410463947,Valority,"94 QUAI CHARLES DE GAULLE, 69006, Lyon",https://www.valority.com/location-immobiliere/
878681550,VALORITY,"94 Quai Charles de Gaulle, 69006, Lyon",https://www.valority.com/vente-immobiliere/
878116607,VALOSTONE INTERNATIONAL,"., 40700, Hagetmau",https://www.valostone-international.com/
338282429,VALRIM AMENAGEMENT,"24 RUE BALZAC, 26000, Valence",https://www.valrim-amenagement.com/
979974052,ValSud Valorisation Sud Immobilier,"MARSEILLE, 13010, Marseille",https://www.valsud.fr/
794601427,VALTEOS,"6 Impasse Marthe CONDAT, 31200, Toulouse",http://www.valteos.fr/
911715985,VALTIS - AGENCE IMMOBILIERE SAINT CAST LE GUILDO,"4, rue Jacques Cartier, 22380, Saint-Cast-le-Guildo",http://www.valtis.net/
910581768,VALUCIAN,"12 Rue du Duc de Guise, 62100, Calais",https://www.valucian.fr/
914394192,Valuo,"63 rue Claude Bernard, 75005, Paris",https://www.valuo.immo/
849233002,ValYou&Home,"10 rue du professeur Bonnet 69230 Saint Genis Laval, 69230, Saint-Genis-Laval",https://www.valyouandhome.com/
449451954,Valérie Duparque Immobilier,"20, rue Albert Bailly, 59700, Marcq-en-Baroeul",https://www.valerie-duparque-immobilier.com/
898878756,Valérie Fermé Immobilier,"23 Rue André, 33200, Bordeaux",https://www.valeriefermeimmobilier.com/
915263875,Valéus – Transactions immobilières,"3 RUE DE BOLTON, 72000, LE MANS",https://valeus.fr/
389303363,VAN DEN IMMOBILIER,"62 RUE GRANDE, 77300, FONTAINEBLEAU",http://vandenimmobilier.fr/
792129330,VANKEMMEL Denis,"-----------, 59000, Lille",https://www.reseau-expertimo.fr/582/-agent-denis-vankemmel-ei/1
412118762,VARCES IMMOBILIER,"11 AVENUE JOLIOT CURIE, 38760, Varces-Allières-Et-Risset",http://www.varces-immobilier.fr/
948904974,VARTEM,"229 rue Solférino, 59000, lille",http://www.vartem.fr/
953707478,VASTIMMO,"178 Rue Nationale, 59200, Tourcoing",https://www.vastimmo.fr/
982450017,VATINE IMMOBILIER,"8 bis rue de la republique, 76190, yvetor",http://www.vatineimmobilier.fr/
950907360,VAUBAN IMMOBILIER,"7 Grande Rue, 05100, BRIANCON",http://www.vaubanimmo.fr/
381306430,VAUHALLAN IMMOBILIER,"16 rue Yann d'Argent, 29680, Roscoff",https://vauhallan-immobilier.fr/
433850765,Vaultier Dupuy Immobilier (Sas),"5 rue Pierre Brossolette, 76500, ELBEUF",http://www.vdimmo.com/
907480321,VAULTIER IMMOBILIER LORIENT,"53 rue de Merville, 56100, Lorient",https://www.vaultier.immo/
850584988,VBA Immobilier,"206 Route de Redoute, 97200, Fort-de-France",https://www.propriogagnant.com/
484946306,VDB IMMOBILIER,"69 AVENUE SAINTE MARGUERITE, 54510, Art-Sur-Meurthe",http://www.vdb-immobilier.com/
795098425,VDH NORD-IMMOBILIER,"28 rue du Molinel, 59000, Lille",http://www.vdh-nord-immobilier.com/
913137659,VdoubleV immobilier,"339 rue Léon Gambetta, 59000, LILLE",https://www.vdoublev.com/
102534070,VENDEZ SMART,"19 route de collonges, 74800, Etaux",https://vendezsmart.fr/
918985086,VendezBien.fr,"Route des Racines, 18230, Saint-Doulchard",http://www.vendezbien.fr/
929269330,VENDEZVOTREBIEN.COM,"1av du champ de mars, 45000, Orléans",http://www.vendezvotrebien.com/
450566096,Vendimo,"24 avenue de Verdun, 85000, La Roche-sur-Yon",https://www.vendimo.fr/
498193945,VENDOME IMMOBILIER,"71 Boulevard de la Liberté, 59000, Lille",http://www.vendome-immobilier.fr/
433291507,Vendome Immobilier Bordelais,"34 B AV DE MIRANDE, 33200, BORDEAUX",https://vendome-immo.com/
835300476,Vendre Ma Défisc,"64 Rue Benjamin Baillaud, 31500, Toulouse",http://www.aquitaineconsultingimmobilier.com/
445390339,VENELLES IMMOBILIER,"48 bis Avenue Maurice Plantier, 13770, Venelles",http://www.venelles-immobilier.com/
750425894,VENTU IMMO,"RESIDENCE LES PINS PARASOLS 3C - 101 CHEMIN SAINT JOSEPH, 06110, LE CANNET",http://www.ventuimmo.com/fr/
351986336,VERCORS IMMOBILIER MONTAGNE,"701 Avenue Léopold Fabre, 38250, Lans-en-Vercors",https://vercors-immobilier-montagne.com/
500511332,VERDIER Ghislain,"------------, 83560, LA VERDIERE",https://www.reseau-expertimo.fr/2449-mandataire/1
798859005,VERDON IMMOBILIER,"ZONE COMMERCIALE CASINO, 83690, Salernes",http://verdonimmo.com/
517638623,VEREECKE IMMOBILIER,"92 Rue du Général Leclerc, 59350, Saint-André-lez-Lille",https://vereecke-immobilier.com/
801776311,VERFEIL IMMOBILIER,"14 avenue GRAND FAUBOURG, 31590, VERFEIL",http://www.verfeilimmobilier.fr/
980430169,VERGARA immobilier,"4 ALL JOAN MARAGALL, 66180, Villeneuve-de-la-Raho",http://www.vergaraimmobilier.com/
792600470,VERGOZ IMMOBILIER,"Centre d'affaires Cadjee, 62 boulevard du chaudron, 97490, Sainte-Clotilde",https://taplink.cc/vergozimmobilier?fbclid=PAAab1L9kQBKAz7IYEqTQXf6OXZGaRrwAypo6hEzfumtdEJMjRBtfjwRhfBw8_aem_AaBrKlUKoEgnNIr9tLzDZLIcsaEul-xU3rMl42mbYiKc-aJ0NUiCE5a-kLBEMgxAmzs
898697958,VERITABLE IMMOBILIER,"127 ALL SOUS ALLARD, 74120, MEGEVE",https://www.veritableimmobilier.com/
888640059,VERLINGHEM IMMOBILIER,"11 Rue de l'Orée du Bois, 59237, Verlinghem",https://www.0320-immo.fr/
902099985,VERNAY IMMOBILIER,"10 Rue Gaston Perrier, 38540, Saint-Just-Chaleyssin",http://vernay-immobilier.com/
481278141,VERNET IMMOBILIER,"1 R CONSTANTIN WEYER, 03200, Le Vernet",https://www.vernetimmo.com/fr
397933227,VERNON IMMOBILIER,"7 AVENUE DE ROUEN, 27200, Vernon",http://www.vernon-immobilier.fr/
509027959,VERONIQUE COSTAZ IMMOBILIER,"2 PLACE LACOMBE MALOC, 38160, Saint-Marcellin",http://www.costaz-immobilier.com/
894834209,VERS L'IMMOBILIER,"18 Rue Professeur Langevin, 51200, Epernay",https://www.verslimmobilier.fr/
751021205,VERSION IMMOBILIER,"LA MONTAGNETTE 46 AVENUE DES CISTES, 34420, Villeneuve-Lès-Béziers",http://www.version-immobilier.com/
453993180,VERSION PATRIMOINE,"59 avenue victor hugo, 19000, Tulle",http://version-patrimoine.com/
515061174,Versus Immobilier,"23 RUE DU CAPITAINE CAILLON, 54230, Neuves-Maisons",http://www.versus-immobilier.com/
841725427,VERT ET BLEU IMMOBILIER,"27 Rue de la Révolution, 87400, Saint-Léonard-De-Noblat",http://www.vertetbleuimmobilier.com/
502158058,VERT-IMMO,"10, rue Georges Herbaut, 59310, ORCHIES",http://www.vert-immo.com/
431397702,VESOUL IMMOBILIER,"7 BD DES ALLIES, 70000, Vesoul",http://www.vesoul-immobilier.com/
983104175,VEST'IMMO,"17 RUE CLEMENCEAU, 57185, Clouange",https://vest-immo.fr/
480087956,Vesta Immobilier,"1/3 avenue Paul Langevin, 93100, Montreuil",https://www.vestaimmo.fr/
514605773,Vesta Immobilier,"23 rue de liège, 56100, Lorient",http://www.vestaimmobilier.net/
488507930,VESTER Immobilier,"35 rue des charmes, 78110, Le Vésinet",http://www.vester.fr/
841559677,VESUBIE IMMO,"18 avenue Corniglion molinier, 06450, Roquebiliere",http://www.vesubie-immo.com/
925308546,Veyre chez vous,"17 avenue de la gare, 63730, Les Martres-de-Veyre",https://www.veyrechezvous.fr/
909644452,VEZERE IMMO,"7 Avenue Edmond Michelet, 19240, Varetz",https://www.vezere-immo.fr/
423354810,VF CONSEILS - FRITSCH IMMOBILIER,"9 route d'Altkirch, 68720, ILLFURTH",http://www.fritsch-immobilier.com/
882933781,VIA DOMITIA IMMOBILIER,"67 AVENUE DE LA REPUBLIQUE, 13103, Saint-Étienne-Du-Grès",http://www.viadomitia-immo.com/
815275094,Via Humanis Immobilier,"3 allée du Moulin Berger, 69130, Ecully",https://www.via-humanis-immo.fr/
949867857,Via Strasbourg,"8 Avenue de la Marseillaise, 67000, Strasbourg",https://www.via-acc.com/
381170216,VIA SUD IMMOBILIER,"161 Rue Micheline Ostermeyer, 34500, Béziers",https://www.viasud.fr/
452600711,VIABILIS,"RUE DE LA TERRE ADELIE - PARC EDONIA - BATIMENT O, 35760, Saint-Grégoire",http://www.viabilis.fr/
941592099,VIAGICI,"22 Rue Bernadotte, 64000, Pau",https://www.viagici.fr/
383098266,VIALAN IMMOBILIER,"10 BOULEVARD MARECHAL JOFFRE, 11100, Narbonne",http://www.vialan.fr/
937749661,VIC'IMMO,"236 Boulevard du Jeu de Paume, 63270, Vic-le-Comte",http://vic-immo63.com/
908560394,VICHY TRANSACTIONS,"68 rue de Paris, 03200, Vichy",https://www.vichy-transactions.com/avis-clients?fbclid=IwY2xjawF0qpJleHRuA2FlbQIxMQABHYTTjzqhLA9bEcgftVGmgIbRNiA6A6Bt110S2VXosFIBRoriIHzg7iy1oQ_aem_N9GtuDW3mLiBXYrSyDFMPg
420867186,VICTOIRE IMMOBILIER,"108 COURS DU DOCTEUR LONG, 69003, Lyon",http://www.victoire-immo.fr/
852954742,Victor & Richard Immobilier,"51 rue des chalâtres, Pl. Victor Richard, 44000, Nantes",https://www.victoretrichard.fr/
902585199,VICTOR GESTION,"12 rue Clairaut, 75017, Paris",https://www.victor-gestion.com/
921632360,VICTORIA ATHENA,"24 rue de la Flèche, 03000, Moulins",http://www.grandoursimmo..fr/
885404624,Victoria Hayden Homes,"1 Boulevard d'Aragon, 64000, Pau",https://www.victoria-hayden-homes.com/
848436200,Victoria Immobilier,"31 AVENUE AMBROISE THOMAS, 83400, Hyères",https://www.victoria-immobilier.com/
414589705,VICTORIA KEYS,"13 cous Jean Baptiste LANGLET, 51100, REIMS",https://reims.victoria-keys.com/
931201222,VIDYA IMMOBILIER,"26 rue des Noés, 10000, Troyes",http://www.vidya-immobilier.fr/
530984939,VIERZON IMMOBILIER 18,"15 Avenue du 14 Juillet, 18100, Vierzon",http://www.vierzon-immobilier-18.com/
390606960,VIGIER IMMOBILIER,"8 PLACE CARNOT, 46100, Figeac",http://www.immo-vigier.com/
813045002,VIGNAC Mélanie,"-----, 64500, Ciboure",https://melanie-vignac.optimhome.com/fr
907550669,VIL'ACT,"29 chemin du Gris, 33750, Camarsac",https://vil-act.fr/website-admin/?hash=myervQVFfdQfkB5DAjSi&login_key=uJ3a0BLT84rHHgK8&user_id=106
824007090,VILAE IMMOBILIER,"4 Route de Klingenthal, 67530, Ottrott",https://www.vilae.fr/
983535063,VILLA FAMILIA,"168 allée de l'amerique latine, 30900, Nimes",https://villafamilia.fr/
422939397,VILLA LA PROVENCALE MARIGNANE MARSEILLE,"AVENUE DU 8 MAI 1945, 13700, MARIGNANE",http://www.villaslaprovencale.com/
842939647,VILLA MARINE,,https://www.villamarine.immo/
478392913,VILLA MYRTIL,"167 B AV MAL DE LATTRE DE TASSIGNY, 44500, La Baule-Escoublac",https://www.villamyrtil.fr/
841795933,VILLA PRESTIGE ANTILLES,"Imm. Océane - Rue Margagnan, 97118, Saint-François",http://www.villa-guadeloupe.com/
334832615,VILLA SOLEIL,"207 RUE BARNAVE, 26000, Valence",http://www.villa-soleil.com/
545850448,VILLA TRADITION,"143 AV DE LA ROCHELLE, 79000, NIORT",https://villa-tradition.fr/nos-realisations-de-maisons-et-villas-en-charente-maritime-et-deux-sevres
752510552,VILLADEALE,"3 AVENUE DE LA LIBERATION, 22000, Saint-Brieuc",https://www.villadeale.fr/
833520604,VILLADIM AMENAGEMENT PROMOTION,"4 Rue de la Charpraie, 37170, Chambray-Lès-Tours",http://www.villadim.fr/
483182341,VILLAGE IMMOBILIER,"27 RUE DU PRIEURE, 18700, Aubigny-sur-Nère",http://www.levillage.immo/
533613972,Village Immobilier,"7 GRANDE RUE, 69800, SAINT PRIEST",https://www.villageimmobilier.fr/
844518498,VILLAS DE LIVIA,"565 chemin des Cardelines, 13300, Salon-de-Provence",https://www.villasdelivia.fr/
480855154,VILLAS ET MAISONS D'EXCEPTION,"5, rue de la Charlette, 31810, Venerque",https://www.vmfrance.com/modeles-maison-villas-et-maisons-d-exception.php
842953333,VILLAS ET MAISONS L'AGENCE,"9 AVENUE DE BORDEAUX, 33740, Arès",http://www.villasetmaisonslagence.fr/
809850183,VILLAS GAIA,"3 AVENUE PHILIPPE LAMOUR, 30660, Gallargues-le-Montueux",https://www.villasgaia.fr/
792166217,VILLAS MEDOC,"05 AVENUE DE LA BREDE, 33930, Vendays-Montalivet",http://www.villas-medoc.com/
843725474,VILLAS TERRE & PIERRE,"1bis Avenue de Maignon, 64600, Anglet",http://www.villas-terre-et-pierre.com/
318697208,VILLE RENOUVELEE,"75 rue de Tournai, CS 40117, 59200, Tourcoing",http://www.ville-renouvelee.fr/opportunites-implantation/
818784720,VILLEBOIS IMMOBILIER,"16 Rue Villebois-Mareuil, 94300, Vincennes",https://villebois-immobilier.com/
419056205,VILLEJEAN BEAUREGARD IMMOBILIER,"17, Cours J.F. Kennedy, 35000, RENNES",http://www.villejean-beauregard-immobilier.fr/
985080670,VILLEMONT IMMOBILIER,"9 ZAC DU SORIECH, 34970, Lattes",https://www.villemontimmobilier.fr/
438719940,VILLES ET VILLAGES CREATIONS,"1, rue Conrad Killian, 38950, Saint-Martin-le-Vinoux",https://www.villesetvillagescreations.com/
475680815,VILOGIA,"271 Boulevard de Tournai - CS 10430, 59664, VILLENEUVE D'ASCQ Cedex",http://www.vilogia.fr/devenez-proprietaire
901936740,VIMMO,"21 Rue Aristide Briand, 44120, Vertou",http://www.agencevimmo.com/
530074574,Vincent FLOURET Proprietes-privees,"10 chemin des oiseaux, 66700, Argelès-sur-Mer",https://www.flouretimmobilier.fr/
901066415,Vincent Jos Immobilier,"34 BOULEVARD DES ITALIENS 75009 PARIS, 75009, paris",https://vincentjos-immobilier.com/fr/
808840524,VINCENT PRAZ IMMOBILIER & SOLUTIONS PATRIMONIALES,"254 RUE DE LA POSTE, 74120, Megève",https://www.agencepraz-megeve.fr/
423565159,VIP BOURGOGNE IMMOBILIER,"6, Faubourg de Marcy et avenue de la Charité, 58210, Varzy",https://vip-bourgogne-immobilier.com/
891205569,VIRGILE IMMOBILIER,"29 B rue du Village, 25370, Métabief",https://www.virgile.immo/
482556123,VISIANCE IMMOBILIER,"95 Allée du Nyonsais, 26300, Bourg-de-Péage",https://www.visiance.immo/
844246405,VisioImmo Sassenage,"18 avenue de romans, 38360, Sassenage",http://www.visioimmo.fr/
520596966,VISION IMMO,"2 Bis, Rue Voltaire, 38500, VOIRON",http://www.vision-immo.fr/
928270313,VISION IMMOBILIER,"8 rue de Mantoue, 08000, Charleville-Mézières",https://www.visiongroupeimmobilier.com/fr
844932285,Visite & Co,"82 AVENUE THIES, 14000, Caen",http://www.visite-andco.fr/
487438335,Vital Immo 33,"18 Avenue Aliénor, 33830, Belin-Béliet",https://www.vitalimmo33.com/
888050598,VITIS IMMOBILIER,"77 rue en Paillery, 21850, Saint-Apollinaire",https://www.vitisimmobilier.fr/
843968280,VIVET IMMOBILIER,"114 rue emile machet, 73350, Bozel",http://www.vivetimmobilier.com/
825019649,VIVIEN EMILIE,"Rue Philippe de Dangeau, 78000, VERSAILLES",https://www.reseau-expertimo.fr/2427-mandataire/1
831904040,VIVRE AUX SABLES Immobilier,"2 bis promenade GODET, 85340, Les Sables-d'Olonne",https://www.votre-loc.fr/vente+immobilier.html
513853598,VIVRE EN BEAUJOLAIS - Sauverzac Immobilier,"12 boulevard Crozet Mansard, 69460, LE PERREON",https://www.vivre-en-beaujolais.com/
888748530,VIVRE EN MORVAN,"4 rue de l'église, 71550, ANOST",http://www.vivre-en-morvan.fr/
521847277,VKS Immobilier,"26 Rue de Trévise, 75009, paris",http://www.vks-immobilier.com/
904037256,VM IMMOBILIER,"20 Rue Victor Roux, 26120, Chabeuil",https://www.vmimmo2607.com/
533819413,VMA IMMO,"19 chemin des Rosiéristes, 69410, Champagne-Au-Mont-D'Or",http://www.vma-immo.com/
899352413,VO IMMO,"104 GRAND RUE, 68390, Sausheim",http://www.vo-immo.fr/
904643053,VOILA IMMOBILIER,"60 allée d'Iena, 11000, Carcassonne",https://www.voilaimmobilier.fr/
931660096,VOIR IMMO,"50 Rue des Sablons, 72460, Saint-Corneille",https://voir-immo.fr/
502310758,VOISIN IMMOBILIER,"9 PLACE DARCY, 21000, Dijon",http://www.voisin-immobilier-dijon.com/
529740706,VOISINE IMMOBILIER,"53 rue Georges Clémenceau, 44150, Ancenis",http://www.voisine-immobilier.com/
978987766,Voisins Immobilier,"4 Bd Maréchal Lyautey, 14000, Caen",https://www.voisins-immo.com/
941589939,VOLKANIS IMMOBILIER,"38 RUE DU DAUPHINE, 37300, Joué-lès-Tours",https://www.volkanis-immobilier.fr/estimation
100509967,VOLTAIRE GESTION IMMO,"16 Avenue Voltaire, 95600, Eaubonne",http://www.vgi-immo.fr/
828606384,Voltaire Immobilier Aubagne,"16 Cours Voltaire, 13400, Aubagne",https://voltaireimmo.com/fr/
438582033,VOLVESTRE IMMOBILIER,"25 PLACE DE LA HALLE, 31310, MONTESQUIEU VOLVESTRE",http://www.volvestre-immobilier.com/
910904739,Vos agent ont du cœur,"5-7 avenue du general de gaulle, 13109, Simiane-Collongue",http://www.vosagentsontducoeur.com/
911666287,VOS AGENTS,"31 RUE GONOD, 63000, Clermont-Ferrand",http://www.vosagents.fr/
949416101,VOS IMMOBILIERES,"32 Avenue Clément Désormes, 01400, Châtillon-sur-Chalaronne",http://www.vosimmobilieres.fr/
902643923,Vos Projets Immo - Hélene Besson Agent Immobilier,"19 RUE DOCTEUR BERGAZZY, 42660, ST GENEST MALIFAUX",https://www.vosprojetsimmo-besson.com/
879994796,VOSA IMMOBILIER,"6 Rue de l'Étoile, 31000, Toulouse",http://www.vosa-immobilier.com/
527635783,VOTRE ACHAT IMMOBILIER.COM,"10 AVENUE ALAIN LE LAY, 29900, Concarneau",http://www.votreachatimmobilier.com/
507939171,VOTRE AGENCE IMMO FR,"49 AVENUE CYRILLE BESSET, 06100, Nice",http://www.votre-agence-immo.fr/
903115756,VOTRE BIEN,"12 place du terreau, 04100, Manosque",https://www.votrebien-immo.fr/
520773227,Votre Immobilier Pornicais,"32, Quai Leray, 44210, PORNIC",https://www.votreimmobilierpornicais.fr/
842295370,VOTRE MAISON,"13 RUE LOUIS PASTEUR, 29400, Landivisiau",http://www.votremaison.bzh/
388469264,VOTRE MAISON FUVEAU LOCATION,"14 PLACE PAUL BORD, 13790, Rousset",http://www.votremaison.fr/
850816992,VOURION IMMOBILIER,"5 Rue Abbé Ferry, 54120, Bertrichamps",https://www.vourion-immobilier.com/
538239518,VOUS LOGER IMMO,"34 grand rue, 31410, Longages",http://www.vouslogerimmo.com/
983793944,VOXIMO,"19 Bis rue Godefroy, 92800, Puteaux",https://www.voximo.fr/
524682465,VPI,"4ter rue de la République, 69330, Meyzieu",https://pmpi-vpi.immo/
847810876,VPS RESIDENTS TEMPORAIRES,"8 rue Bernard Buffet - Le Cardinet, 75017, Paris",https://www.vps-protectionparoccupation.fr/devenir-resident
898704630,VR FRANCE IMMOBILIER,"2 chemin Baritet, 01280, Prévessin-Moëns",https://urlr.me/!VRFI
491588984,VR immobilier,"8 rue Minvielle, 83400, Hyères",https://www.vr-immobilier.com/notre-agence
940306871,VR TRANSACTIONS,,http://www.vrtransactions.fr/
890232846,VRC IMMO',"60 T RUE JEAN JAURES, 59250, HALLUIN",https://www.vrcimmo.fr/
487380255,VRIGNAUD & BIRON IMMOBILIER SAINT HILAIRE DE RIEZ,"211C Avenue de la Forêt, 85270, Saint-Hilaire-de-Riez",https://www.vrignaudbiron.com/
497805069,VS CONSEILS,"21 Rue Vélane, 31000, Toulouse",https://vs-conseils.com/
921884656,Vue Ouest immobilier,"2 rue de Port-Louis, 56700, Merlevenez",https://vueouestimmo.fr/
510063845,Vue sur Parc,"58 Chem. des Hermières, 69340, Francheville",http://www.vuesurparc.com/
829282524,VUES D'AZUR,"13 BOULEVARD ALBERT 1 ER, 06600, Antibes",http://www.vuesdazur.com/
932511660,WAHOU IMMOBILIER,"------------, 06560, VALBONNE",https://www.wahou.immo/
903449262,WEEMYS,"1 rue kleber, 54000, Nancy",https://www.weemys.fr/
489891176,WEISS IMMOBILIER,"26 Avenue du puy de dome, 63100, Clermont-Ferrand",https://www.weissimmo.com/
498760958,Welchome Bourgogne,"17 Rue de la République, 71640 Givry, 71640, givry",https://welchomebourgogne.com/
900443391,Welcome Home immobilier,"1 boulevard Heurteloup, 37000, Tours",https://www.linkedin.com/feed/
439056565,WELCOME IMMOBILIER,"30 bis Rue Gustave Eiffel, 74600, Annecy",https://www.welcome-immobilier.com/
893341545,WELK'HOME Immobilier,"22 Rue d'Égleny, 89000, Auxerre",https://welk-home.com/
798630828,Well'C'Home Agence immobilière,"11 Av. du Général de Gaulle, 95310, Saint-Ouen-l'Aumône",http://www.wellc-home-immobilier.com/
884676545,WellCome Immobilier Agence G. Bouvier,"9 Avenue de Verdun, 73100, Aix-les-Bains",http://www.wellcome-immobilier.fr/
499630507,WELLER IMMOBILIERE,"39 RUE DE ZURICH, 67000, Strasbourg",http://www.wellerimmo.fr/
881819684,WELLOW,"178 Rue du Faubourg Saint-Honoré, 75008, Paris 8e Arrondissement",http://www.wellowhouse.com/
507835254,WG Immo,"310 AV LOUISIANE, 06210, MANDELIEU-LA-NAPOULE",http://wgimmo.fr/
699800157,WHITE BIRD,"1 Bureaux de la Colline, 92210, Saint-Cloud",https://www.whitebird.immo/
524883949,White Immo,"2 rue de la Mairie, 69340, Francheville",http://www.whiteimmo.com/
902966977,Wilok,"70 avenue de branne, 33370, Tresses",https://www.wilok.fr/
494776602,WIMMO,"48 AVENUE PASTEUR, 33600, Pessac",http://www.agence-wimmo.com/
883496721,WIMMOBILIER,"231 Rue Saint-Honoré, 75001, Paris",https://company34849kpt.netty.fr/
920666039,Win Win Immobilier,,http://www.winwin-immobilier.fr/
932359144,WINTER ET ASSOCIES,"180 Grand'Rue, 67500, Haguenau",https://winter-associates.fr/
920416500,WIT - BOUCHES DU RHONE,"314 Avenue du Prado, 13008, Marseille",http://wit-immobilier.fr/
815258975,WIXPI,"21 AVENUE FREDERIC MISTRAL, 38670, Chasse-Sur-Rhône",http://www.wixpi.com/
533858049,WIZCO,"31 COURS DES JUILLIOTTES, 94700, Maisons-Alfort",http://www.wizco.fr/
819520222,WIZI,"23 avenue de la Motte Picquet, 75007, Paris",https://wizi.io/
884766866,WOLFFBAERT IMMOBILIER,"278 rue de Paris, 59500, Douai",https://www.residence-marina-di-bravone.fr/fr
100350560,X Invest,"10 rue de la paix, 75002, Paris",https://x-investlmnp.fr/
982781601,XAVIER CLERJAUD IMMOBILIER,"10 IMP DES CERISIERS, 79250, Nueil-les-Aubiers",https://www.clerjaud-immobilier.com/
911495307,XL IMMObilier,"7 rue Barthélémy Chaix - Centrale Parc 1 - Jardin de Suza, 05100, Briançon",http://www.xlimmo.com/
912808235,XL Immobilier,"24 rue de Moncontour, 22950, Trégueux",https://www.xl-immobilier.com/
944166255,Y HOTES,"541 route de la vallée du Giffre, 74250, FILLINGES",http://www.yhotes.com/
880712476,Y.D.C IMMOBILIER ET COURTAGE,"200 Route de Doudeville, 76190, Étoutteville",https://www.agence-ydc.com/fr
884304106,Yann Dufour - Agence Hamilton Provence,"----------, 30126, SAINT LAURENT LES ARBRES",https://yann-dufour.fr/
533871083,YANN VRANCKEN IMMOBILIER,"37 AVENUE FRANKLIN ROOSEVELT, 77260, La Ferté-Sous-Jouarre",https://www.yann-vrancken-immobilier.fr/#
901449157,YANNICK SOUAL IMMO,"19 Av Mercure ""Le Stellarium"", 31130, Quint-Fonsegrives",http://www.ys-immo.com/
484086947,Yaouanc Immobilier,"62 Rue de l'Ouchette, 44000, Nantes",https://www.yaouanc-immobilier.fr/
934622077,YDéal Immobilier,"23 place duguesclin 22100 Dinan, 22100, Dinan",https://www.ydealimmobilier.com/
901075796,Yes Immobilier,"39-41 rue des jacobins, 60000, Beauvais",https://yes-immobilier.fr/
801558495,YESPARK,,https://www.yespark.fr/?utm_source=leboncoin&utm_medium=vitrine
441224409,YF IMMO,"375 promenade des Anglais, 06200, Nice",http://www.promofar.fr/
434135455,YFFINIAC IMMOBILIER,"6 RUE DU GENERAL DE GAULLE, 22120, Yffiniac",http://www.yffiniac-immobilier.com/annonces/transaction/Vente.html
753995901,YGL,"Siège | 122 Avenue du Médoc, 33320, Eysines",http://ymmostore.fr/
823515952,YOANNA SOULIER IMMOBILIER,,https://www.yoannasoulierimmobilier.com/
819630724,YVAN HUET IMMOBILIER,"36 Rue des Claveries, 49124, Saint-Barthélemy-d'Anjou",https://www.yvanhuet-immobilier.fr/
987440989,YZY Gestion,"36 rue d'Alsace Lorraine, 31000, Toulouse",https://yzy-gestion.com/
904732773,ZAN'IMMO,"14 rue lesdiguières, 38000, Grenoble",http://www.zanimmo.fr/
898543814,ZEROPOURCENT.COM,"8 rue Pierre Forget, 85400, Luçon",http://www.zeropourcent.com/
982247504,ZeRuche,"35 Longue Vue des Architectes, 14111, Louvigny",http://www.zeruche.com/
908829930,ZETA IMMO,"163 route de grenade, 31700, Blagnac",https://www.zeta-immo.fr/
422041749,ZIGZAG,"3 rue du Long Clos, 14130, Pont-l'Évêque",https://www.zigzag-terrain.fr/
830918272,ZUCCARELLI IMMOBILIER,"8 RUE DE FRANCE, 06000, Nice",http://www.zuccarellimmo.com/
882554579,Zéphyr Immo Conseil,"196 Route du jacquet, 69620, Val d'Oingt",https://www.zephyrimmoconseil.fr/
952746154,À VOUS L’IMMOBILIER Le Havre,"14 RUE DES IRIS, 76610, LE HAVRE",https://www.avlh.fr/
492230974,Île et côtier Agence immobilière île de Groix,"9 rue Général de Gaulle, 56590, Groix",https://www.groix-immobilier.com/
831093182,Ô COEUR DE L IMMO,"46, Boulevard de la Victoire, 49300, CHOLET",https://ocoeurdelimmo.immo/
